-- SIFAS Single Player (GL JP Client)

-- START RESTORE UNUSED CONTENT
-- lvl 760 bond
UPDATE m_member_init SET love_point_limit = 185162780;
-- SP Cut In Lanzhu & Mia
UPDATE m_card SET sp_point = 4 WHERE id = 402113001;
UPDATE m_card SET sp_point = 4 WHERE id = 402123001;
-- Appeal Chance
INSERT INTO m_live_note_wave_setting VALUES (10, "k.live_appeal_time_mission_got_heal");
INSERT INTO m_live_note_wave_setting VALUES (11, "k.live_appeal_time_mission_got_shield");
INSERT INTO m_live_note_wave_setting VALUES (12, "k.live_appeal_time_mission_got_voltage_by_vo");
INSERT INTO m_live_note_wave_setting VALUES (13, "k.live_appeal_time_mission_got_voltage_by_sp");
INSERT INTO m_live_note_wave_setting VALUES (14, "k.live_appeal_time_mission_got_voltage_by_gd");
INSERT INTO m_live_note_wave_setting VALUES (15, "k.live_appeal_time_mission_got_voltage_by_sk");
-- Song
UPDATE m_live_difficulty SET unlock_pattern = 1 WHERE unlock_pattern = 7;
-- item
INSERT INTO m_lesson_enhancing_item VALUES ('1402', '1', '3', 'k.item_thumb_title_1402', 'D|', 'k.item_name_1402', 'k.item_desc_1402', '14', NULL, '1');
INSERT INTO m_lesson_enhancing_item VALUES ('1501', '1', '4', 'k.item_thumb_title_1501', 'P,', 'k.item_name_1501', 'k.item_desc_1501', '14', NULL, '1');
INSERT INTO m_lesson_enhancing_item VALUES ('1502', '1', '4', 'k.item_thumb_title_1502', '?-', 'k.item_name_1502', 'k.item_desc_1502', '14', NULL, '1');
INSERT INTO m_lesson_enhancing_item_effect_skill_drop VALUES ('1402', '4');
INSERT INTO m_lesson_enhancing_item_effect_drop_rate VALUES ('1501', '1', '10000');
INSERT INTO m_lesson_enhancing_item_effect_drop_rate VALUES ('1501', '3', '15000');
INSERT INTO m_lesson_enhancing_item_effect_drop_rate VALUES ('1501', '4', '12000');
INSERT INTO m_lesson_enhancing_item_effect_drop_rate VALUES ('1501', '2', '10000');
INSERT INTO m_lesson_enhancing_item_effect_drop_rate VALUES ('1502', '1', '10000');
INSERT INTO m_lesson_enhancing_item_effect_drop_rate VALUES ('1502', '4', '15000');
INSERT INTO m_lesson_enhancing_item_effect_drop_rate VALUES ('1502', '5', '12000');
INSERT INTO m_lesson_enhancing_item_effect_drop_rate VALUES ('1502', '2', '10000');
INSERT INTO m_grade_upper VALUES ('1801', 'k.item_name_1801', 'k.item_desc_1800', '2', 'bc', 'bc', '15', '32', NULL, '1');
INSERT INTO m_grade_upper VALUES ('1802', 'k.item_name_1802', 'k.item_desc_1800', '3', '(g', '(g', '15', '32', NULL, '1');
-- School Idol Radiance
UPDATE m_card_grade_up_item SET content_id = 1801 WHERE content_id = 1800 AND card_id = 100012001;
UPDATE m_card_grade_up_item SET content_id = 1801 WHERE content_id = 1800 AND card_id = 100022001;
UPDATE m_card_grade_up_item SET content_id = 1801 WHERE content_id = 1800 AND card_id = 100032001;
UPDATE m_card_grade_up_item SET content_id = 1801 WHERE content_id = 1800 AND card_id = 100042001;
UPDATE m_card_grade_up_item SET content_id = 1801 WHERE content_id = 1800 AND card_id = 100052001;
UPDATE m_card_grade_up_item SET content_id = 1801 WHERE content_id = 1800 AND card_id = 100062001;
UPDATE m_card_grade_up_item SET content_id = 1801 WHERE content_id = 1800 AND card_id = 100072001;
UPDATE m_card_grade_up_item SET content_id = 1801 WHERE content_id = 1800 AND card_id = 100082001;
UPDATE m_card_grade_up_item SET content_id = 1801 WHERE content_id = 1800 AND card_id = 100092001;
UPDATE m_card_grade_up_item SET content_id = 1801 WHERE content_id = 1800 AND card_id = 101012001;
UPDATE m_card_grade_up_item SET content_id = 1801 WHERE content_id = 1800 AND card_id = 101022001;
UPDATE m_card_grade_up_item SET content_id = 1801 WHERE content_id = 1800 AND card_id = 101032001;
UPDATE m_card_grade_up_item SET content_id = 1801 WHERE content_id = 1800 AND card_id = 101042001;
UPDATE m_card_grade_up_item SET content_id = 1801 WHERE content_id = 1800 AND card_id = 101052001;
UPDATE m_card_grade_up_item SET content_id = 1801 WHERE content_id = 1800 AND card_id = 101062001;
UPDATE m_card_grade_up_item SET content_id = 1801 WHERE content_id = 1800 AND card_id = 101072001;
UPDATE m_card_grade_up_item SET content_id = 1801 WHERE content_id = 1800 AND card_id = 101082001;
UPDATE m_card_grade_up_item SET content_id = 1801 WHERE content_id = 1800 AND card_id = 101092001;
UPDATE m_card_grade_up_item SET content_id = 1801 WHERE content_id = 1800 AND card_id = 102012001;
UPDATE m_card_grade_up_item SET content_id = 1801 WHERE content_id = 1800 AND card_id = 102022001;
UPDATE m_card_grade_up_item SET content_id = 1801 WHERE content_id = 1800 AND card_id = 102032001;
UPDATE m_card_grade_up_item SET content_id = 1801 WHERE content_id = 1800 AND card_id = 102042001;
UPDATE m_card_grade_up_item SET content_id = 1801 WHERE content_id = 1800 AND card_id = 102052001;
UPDATE m_card_grade_up_item SET content_id = 1801 WHERE content_id = 1800 AND card_id = 102062001;
UPDATE m_card_grade_up_item SET content_id = 1801 WHERE content_id = 1800 AND card_id = 102072001;
UPDATE m_card_grade_up_item SET content_id = 1801 WHERE content_id = 1800 AND card_id = 102082001;
UPDATE m_card_grade_up_item SET content_id = 1801 WHERE content_id = 1800 AND card_id = 102092001;
UPDATE m_card_grade_up_item SET content_id = 1801 WHERE content_id = 1800 AND card_id = 102102001;
UPDATE m_card_grade_up_item SET content_id = 1801 WHERE content_id = 1800 AND card_id = 102112001;
UPDATE m_card_grade_up_item SET content_id = 1801 WHERE content_id = 1800 AND card_id = 102122001;
UPDATE m_card_grade_up_item SET content_id = 1801 WHERE content_id = 1800 AND card_id = 200012001;
UPDATE m_card_grade_up_item SET content_id = 1801 WHERE content_id = 1800 AND card_id = 200012002;
UPDATE m_card_grade_up_item SET content_id = 1801 WHERE content_id = 1800 AND card_id = 200022001;
UPDATE m_card_grade_up_item SET content_id = 1801 WHERE content_id = 1800 AND card_id = 200022002;
UPDATE m_card_grade_up_item SET content_id = 1801 WHERE content_id = 1800 AND card_id = 200032001;
UPDATE m_card_grade_up_item SET content_id = 1801 WHERE content_id = 1800 AND card_id = 200032002;
UPDATE m_card_grade_up_item SET content_id = 1801 WHERE content_id = 1800 AND card_id = 200032003;
UPDATE m_card_grade_up_item SET content_id = 1801 WHERE content_id = 1800 AND card_id = 200042001;
UPDATE m_card_grade_up_item SET content_id = 1801 WHERE content_id = 1800 AND card_id = 200052001;
UPDATE m_card_grade_up_item SET content_id = 1801 WHERE content_id = 1800 AND card_id = 200052002;
UPDATE m_card_grade_up_item SET content_id = 1801 WHERE content_id = 1800 AND card_id = 200052003;
UPDATE m_card_grade_up_item SET content_id = 1801 WHERE content_id = 1800 AND card_id = 200062001;
UPDATE m_card_grade_up_item SET content_id = 1801 WHERE content_id = 1800 AND card_id = 200062002;
UPDATE m_card_grade_up_item SET content_id = 1801 WHERE content_id = 1800 AND card_id = 200072001;
UPDATE m_card_grade_up_item SET content_id = 1801 WHERE content_id = 1800 AND card_id = 200072002;
UPDATE m_card_grade_up_item SET content_id = 1801 WHERE content_id = 1800 AND card_id = 200082001;
UPDATE m_card_grade_up_item SET content_id = 1801 WHERE content_id = 1800 AND card_id = 200082002;
UPDATE m_card_grade_up_item SET content_id = 1801 WHERE content_id = 1800 AND card_id = 200082003;
UPDATE m_card_grade_up_item SET content_id = 1801 WHERE content_id = 1800 AND card_id = 200092001;
UPDATE m_card_grade_up_item SET content_id = 1801 WHERE content_id = 1800 AND card_id = 201012001;
UPDATE m_card_grade_up_item SET content_id = 1801 WHERE content_id = 1800 AND card_id = 201012002;
UPDATE m_card_grade_up_item SET content_id = 1801 WHERE content_id = 1800 AND card_id = 201012003;
UPDATE m_card_grade_up_item SET content_id = 1801 WHERE content_id = 1800 AND card_id = 201022001;
UPDATE m_card_grade_up_item SET content_id = 1801 WHERE content_id = 1800 AND card_id = 201022002;
UPDATE m_card_grade_up_item SET content_id = 1801 WHERE content_id = 1800 AND card_id = 201032001;
UPDATE m_card_grade_up_item SET content_id = 1801 WHERE content_id = 1800 AND card_id = 201032002;
UPDATE m_card_grade_up_item SET content_id = 1801 WHERE content_id = 1800 AND card_id = 201032003;
UPDATE m_card_grade_up_item SET content_id = 1801 WHERE content_id = 1800 AND card_id = 201042001;
UPDATE m_card_grade_up_item SET content_id = 1801 WHERE content_id = 1800 AND card_id = 201042002;
UPDATE m_card_grade_up_item SET content_id = 1801 WHERE content_id = 1800 AND card_id = 201052001;
UPDATE m_card_grade_up_item SET content_id = 1801 WHERE content_id = 1800 AND card_id = 201052002;
UPDATE m_card_grade_up_item SET content_id = 1801 WHERE content_id = 1800 AND card_id = 201062001;
UPDATE m_card_grade_up_item SET content_id = 1801 WHERE content_id = 1800 AND card_id = 201062002;
UPDATE m_card_grade_up_item SET content_id = 1801 WHERE content_id = 1800 AND card_id = 201062003;
UPDATE m_card_grade_up_item SET content_id = 1801 WHERE content_id = 1800 AND card_id = 201062004;
UPDATE m_card_grade_up_item SET content_id = 1801 WHERE content_id = 1800 AND card_id = 201072001;
UPDATE m_card_grade_up_item SET content_id = 1801 WHERE content_id = 1800 AND card_id = 201072002;
UPDATE m_card_grade_up_item SET content_id = 1801 WHERE content_id = 1800 AND card_id = 201082001;
UPDATE m_card_grade_up_item SET content_id = 1801 WHERE content_id = 1800 AND card_id = 201092001;
UPDATE m_card_grade_up_item SET content_id = 1801 WHERE content_id = 1800 AND card_id = 202012001;
UPDATE m_card_grade_up_item SET content_id = 1801 WHERE content_id = 1800 AND card_id = 202012002;
UPDATE m_card_grade_up_item SET content_id = 1801 WHERE content_id = 1800 AND card_id = 202022001;
UPDATE m_card_grade_up_item SET content_id = 1801 WHERE content_id = 1800 AND card_id = 202022002;
UPDATE m_card_grade_up_item SET content_id = 1801 WHERE content_id = 1800 AND card_id = 202022003;
UPDATE m_card_grade_up_item SET content_id = 1801 WHERE content_id = 1800 AND card_id = 202032001;
UPDATE m_card_grade_up_item SET content_id = 1801 WHERE content_id = 1800 AND card_id = 202032002;
UPDATE m_card_grade_up_item SET content_id = 1801 WHERE content_id = 1800 AND card_id = 202032003;
UPDATE m_card_grade_up_item SET content_id = 1801 WHERE content_id = 1800 AND card_id = 202042001;
UPDATE m_card_grade_up_item SET content_id = 1801 WHERE content_id = 1800 AND card_id = 202042002;
UPDATE m_card_grade_up_item SET content_id = 1801 WHERE content_id = 1800 AND card_id = 202052001;
UPDATE m_card_grade_up_item SET content_id = 1801 WHERE content_id = 1800 AND card_id = 202052002;
UPDATE m_card_grade_up_item SET content_id = 1801 WHERE content_id = 1800 AND card_id = 202062001;
UPDATE m_card_grade_up_item SET content_id = 1801 WHERE content_id = 1800 AND card_id = 202072001;
UPDATE m_card_grade_up_item SET content_id = 1801 WHERE content_id = 1800 AND card_id = 202082001;
UPDATE m_card_grade_up_item SET content_id = 1801 WHERE content_id = 1800 AND card_id = 202082002;
UPDATE m_card_grade_up_item SET content_id = 1801 WHERE content_id = 1800 AND card_id = 202082003;
UPDATE m_card_grade_up_item SET content_id = 1801 WHERE content_id = 1800 AND card_id = 202082004;
UPDATE m_card_grade_up_item SET content_id = 1801 WHERE content_id = 1800 AND card_id = 202092001;
UPDATE m_card_grade_up_item SET content_id = 1801 WHERE content_id = 1800 AND card_id = 202092002;
UPDATE m_card_grade_up_item SET content_id = 1801 WHERE content_id = 1800 AND card_id = 202102001;
UPDATE m_card_grade_up_item SET content_id = 1801 WHERE content_id = 1800 AND card_id = 202102002;
UPDATE m_card_grade_up_item SET content_id = 1801 WHERE content_id = 1800 AND card_id = 202112001;
UPDATE m_card_grade_up_item SET content_id = 1801 WHERE content_id = 1800 AND card_id = 202112002;
UPDATE m_card_grade_up_item SET content_id = 1801 WHERE content_id = 1800 AND card_id = 300012001;
UPDATE m_card_grade_up_item SET content_id = 1801 WHERE content_id = 1800 AND card_id = 300012002;
UPDATE m_card_grade_up_item SET content_id = 1801 WHERE content_id = 1800 AND card_id = 300012003;
UPDATE m_card_grade_up_item SET content_id = 1801 WHERE content_id = 1800 AND card_id = 300012004;
UPDATE m_card_grade_up_item SET content_id = 1801 WHERE content_id = 1800 AND card_id = 300022001;
UPDATE m_card_grade_up_item SET content_id = 1801 WHERE content_id = 1800 AND card_id = 300022002;
UPDATE m_card_grade_up_item SET content_id = 1801 WHERE content_id = 1800 AND card_id = 300022003;
UPDATE m_card_grade_up_item SET content_id = 1801 WHERE content_id = 1800 AND card_id = 300032001;
UPDATE m_card_grade_up_item SET content_id = 1801 WHERE content_id = 1800 AND card_id = 300032002;
UPDATE m_card_grade_up_item SET content_id = 1801 WHERE content_id = 1800 AND card_id = 300032003;
UPDATE m_card_grade_up_item SET content_id = 1801 WHERE content_id = 1800 AND card_id = 300032004;
UPDATE m_card_grade_up_item SET content_id = 1801 WHERE content_id = 1800 AND card_id = 300042001;
UPDATE m_card_grade_up_item SET content_id = 1801 WHERE content_id = 1800 AND card_id = 300042002;
UPDATE m_card_grade_up_item SET content_id = 1801 WHERE content_id = 1800 AND card_id = 300042003;
UPDATE m_card_grade_up_item SET content_id = 1801 WHERE content_id = 1800 AND card_id = 300042004;
UPDATE m_card_grade_up_item SET content_id = 1801 WHERE content_id = 1800 AND card_id = 300042005;
UPDATE m_card_grade_up_item SET content_id = 1801 WHERE content_id = 1800 AND card_id = 300052001;
UPDATE m_card_grade_up_item SET content_id = 1801 WHERE content_id = 1800 AND card_id = 300052002;
UPDATE m_card_grade_up_item SET content_id = 1801 WHERE content_id = 1800 AND card_id = 300062001;
UPDATE m_card_grade_up_item SET content_id = 1801 WHERE content_id = 1800 AND card_id = 300062002;
UPDATE m_card_grade_up_item SET content_id = 1801 WHERE content_id = 1800 AND card_id = 300062003;
UPDATE m_card_grade_up_item SET content_id = 1801 WHERE content_id = 1800 AND card_id = 300072001;
UPDATE m_card_grade_up_item SET content_id = 1801 WHERE content_id = 1800 AND card_id = 300072002;
UPDATE m_card_grade_up_item SET content_id = 1801 WHERE content_id = 1800 AND card_id = 300072003;
UPDATE m_card_grade_up_item SET content_id = 1801 WHERE content_id = 1800 AND card_id = 300082001;
UPDATE m_card_grade_up_item SET content_id = 1801 WHERE content_id = 1800 AND card_id = 300082002;
UPDATE m_card_grade_up_item SET content_id = 1801 WHERE content_id = 1800 AND card_id = 300082003;
UPDATE m_card_grade_up_item SET content_id = 1801 WHERE content_id = 1800 AND card_id = 300092001;
UPDATE m_card_grade_up_item SET content_id = 1801 WHERE content_id = 1800 AND card_id = 300092002;
UPDATE m_card_grade_up_item SET content_id = 1801 WHERE content_id = 1800 AND card_id = 301012001;
UPDATE m_card_grade_up_item SET content_id = 1801 WHERE content_id = 1800 AND card_id = 301022001;
UPDATE m_card_grade_up_item SET content_id = 1801 WHERE content_id = 1800 AND card_id = 301022002;
UPDATE m_card_grade_up_item SET content_id = 1801 WHERE content_id = 1800 AND card_id = 301022003;
UPDATE m_card_grade_up_item SET content_id = 1801 WHERE content_id = 1800 AND card_id = 301022004;
UPDATE m_card_grade_up_item SET content_id = 1801 WHERE content_id = 1800 AND card_id = 301032001;
UPDATE m_card_grade_up_item SET content_id = 1801 WHERE content_id = 1800 AND card_id = 301032002;
UPDATE m_card_grade_up_item SET content_id = 1801 WHERE content_id = 1800 AND card_id = 301032003;
UPDATE m_card_grade_up_item SET content_id = 1801 WHERE content_id = 1800 AND card_id = 301042001;
UPDATE m_card_grade_up_item SET content_id = 1801 WHERE content_id = 1800 AND card_id = 301042002;
UPDATE m_card_grade_up_item SET content_id = 1801 WHERE content_id = 1800 AND card_id = 301042003;
UPDATE m_card_grade_up_item SET content_id = 1801 WHERE content_id = 1800 AND card_id = 301042004;
UPDATE m_card_grade_up_item SET content_id = 1801 WHERE content_id = 1800 AND card_id = 301052001;
UPDATE m_card_grade_up_item SET content_id = 1801 WHERE content_id = 1800 AND card_id = 301052002;
UPDATE m_card_grade_up_item SET content_id = 1801 WHERE content_id = 1800 AND card_id = 301052003;
UPDATE m_card_grade_up_item SET content_id = 1801 WHERE content_id = 1800 AND card_id = 301062001;
UPDATE m_card_grade_up_item SET content_id = 1801 WHERE content_id = 1800 AND card_id = 301062002;
UPDATE m_card_grade_up_item SET content_id = 1801 WHERE content_id = 1800 AND card_id = 301062003;
UPDATE m_card_grade_up_item SET content_id = 1801 WHERE content_id = 1800 AND card_id = 301072001;
UPDATE m_card_grade_up_item SET content_id = 1801 WHERE content_id = 1800 AND card_id = 301082001;
UPDATE m_card_grade_up_item SET content_id = 1801 WHERE content_id = 1800 AND card_id = 301082002;
UPDATE m_card_grade_up_item SET content_id = 1801 WHERE content_id = 1800 AND card_id = 301082003;
UPDATE m_card_grade_up_item SET content_id = 1801 WHERE content_id = 1800 AND card_id = 301092001;
UPDATE m_card_grade_up_item SET content_id = 1801 WHERE content_id = 1800 AND card_id = 301092002;
UPDATE m_card_grade_up_item SET content_id = 1801 WHERE content_id = 1800 AND card_id = 301092003;
UPDATE m_card_grade_up_item SET content_id = 1801 WHERE content_id = 1800 AND card_id = 302012001;
UPDATE m_card_grade_up_item SET content_id = 1801 WHERE content_id = 1800 AND card_id = 302012002;
UPDATE m_card_grade_up_item SET content_id = 1801 WHERE content_id = 1800 AND card_id = 302012003;
UPDATE m_card_grade_up_item SET content_id = 1801 WHERE content_id = 1800 AND card_id = 302022001;
UPDATE m_card_grade_up_item SET content_id = 1801 WHERE content_id = 1800 AND card_id = 302022002;
UPDATE m_card_grade_up_item SET content_id = 1801 WHERE content_id = 1800 AND card_id = 302022003;
UPDATE m_card_grade_up_item SET content_id = 1801 WHERE content_id = 1800 AND card_id = 302022004;
UPDATE m_card_grade_up_item SET content_id = 1801 WHERE content_id = 1800 AND card_id = 302032001;
UPDATE m_card_grade_up_item SET content_id = 1801 WHERE content_id = 1800 AND card_id = 302032002;
UPDATE m_card_grade_up_item SET content_id = 1801 WHERE content_id = 1800 AND card_id = 302042001;
UPDATE m_card_grade_up_item SET content_id = 1801 WHERE content_id = 1800 AND card_id = 302042002;
UPDATE m_card_grade_up_item SET content_id = 1801 WHERE content_id = 1800 AND card_id = 302042003;
UPDATE m_card_grade_up_item SET content_id = 1801 WHERE content_id = 1800 AND card_id = 302052001;
UPDATE m_card_grade_up_item SET content_id = 1801 WHERE content_id = 1800 AND card_id = 302052002;
UPDATE m_card_grade_up_item SET content_id = 1801 WHERE content_id = 1800 AND card_id = 302052003;
UPDATE m_card_grade_up_item SET content_id = 1801 WHERE content_id = 1800 AND card_id = 302062001;
UPDATE m_card_grade_up_item SET content_id = 1801 WHERE content_id = 1800 AND card_id = 302062002;
UPDATE m_card_grade_up_item SET content_id = 1801 WHERE content_id = 1800 AND card_id = 302062003;
UPDATE m_card_grade_up_item SET content_id = 1801 WHERE content_id = 1800 AND card_id = 302062004;
UPDATE m_card_grade_up_item SET content_id = 1801 WHERE content_id = 1800 AND card_id = 302072001;
UPDATE m_card_grade_up_item SET content_id = 1801 WHERE content_id = 1800 AND card_id = 302072002;
UPDATE m_card_grade_up_item SET content_id = 1801 WHERE content_id = 1800 AND card_id = 302072003;
UPDATE m_card_grade_up_item SET content_id = 1801 WHERE content_id = 1800 AND card_id = 302072004;
UPDATE m_card_grade_up_item SET content_id = 1801 WHERE content_id = 1800 AND card_id = 302072005;
UPDATE m_card_grade_up_item SET content_id = 1801 WHERE content_id = 1800 AND card_id = 302082001;
UPDATE m_card_grade_up_item SET content_id = 1801 WHERE content_id = 1800 AND card_id = 302082002;
UPDATE m_card_grade_up_item SET content_id = 1801 WHERE content_id = 1800 AND card_id = 302082003;
UPDATE m_card_grade_up_item SET content_id = 1801 WHERE content_id = 1800 AND card_id = 302092001;
UPDATE m_card_grade_up_item SET content_id = 1801 WHERE content_id = 1800 AND card_id = 302092002;
UPDATE m_card_grade_up_item SET content_id = 1801 WHERE content_id = 1800 AND card_id = 302092003;
UPDATE m_card_grade_up_item SET content_id = 1801 WHERE content_id = 1800 AND card_id = 302102001;
UPDATE m_card_grade_up_item SET content_id = 1801 WHERE content_id = 1800 AND card_id = 302102002;
UPDATE m_card_grade_up_item SET content_id = 1801 WHERE content_id = 1800 AND card_id = 302122001;
UPDATE m_card_grade_up_item SET content_id = 1801 WHERE content_id = 1800 AND card_id = 400012001;
UPDATE m_card_grade_up_item SET content_id = 1801 WHERE content_id = 1800 AND card_id = 400012002;
UPDATE m_card_grade_up_item SET content_id = 1801 WHERE content_id = 1800 AND card_id = 400012003;
UPDATE m_card_grade_up_item SET content_id = 1801 WHERE content_id = 1800 AND card_id = 400012004;
UPDATE m_card_grade_up_item SET content_id = 1801 WHERE content_id = 1800 AND card_id = 400012005;
UPDATE m_card_grade_up_item SET content_id = 1801 WHERE content_id = 1800 AND card_id = 400012006;
UPDATE m_card_grade_up_item SET content_id = 1801 WHERE content_id = 1800 AND card_id = 400012007;
UPDATE m_card_grade_up_item SET content_id = 1801 WHERE content_id = 1800 AND card_id = 400012008;
UPDATE m_card_grade_up_item SET content_id = 1801 WHERE content_id = 1800 AND card_id = 400022001;
UPDATE m_card_grade_up_item SET content_id = 1801 WHERE content_id = 1800 AND card_id = 400022002;
UPDATE m_card_grade_up_item SET content_id = 1801 WHERE content_id = 1800 AND card_id = 400022003;
UPDATE m_card_grade_up_item SET content_id = 1801 WHERE content_id = 1800 AND card_id = 400022004;
UPDATE m_card_grade_up_item SET content_id = 1801 WHERE content_id = 1800 AND card_id = 400022005;
UPDATE m_card_grade_up_item SET content_id = 1801 WHERE content_id = 1800 AND card_id = 400022006;
UPDATE m_card_grade_up_item SET content_id = 1801 WHERE content_id = 1800 AND card_id = 400022007;
UPDATE m_card_grade_up_item SET content_id = 1801 WHERE content_id = 1800 AND card_id = 400022008;
UPDATE m_card_grade_up_item SET content_id = 1801 WHERE content_id = 1800 AND card_id = 400022009;
UPDATE m_card_grade_up_item SET content_id = 1801 WHERE content_id = 1800 AND card_id = 400032001;
UPDATE m_card_grade_up_item SET content_id = 1801 WHERE content_id = 1800 AND card_id = 400032002;
UPDATE m_card_grade_up_item SET content_id = 1801 WHERE content_id = 1800 AND card_id = 400032003;
UPDATE m_card_grade_up_item SET content_id = 1801 WHERE content_id = 1800 AND card_id = 400032004;
UPDATE m_card_grade_up_item SET content_id = 1801 WHERE content_id = 1800 AND card_id = 400032005;
UPDATE m_card_grade_up_item SET content_id = 1801 WHERE content_id = 1800 AND card_id = 400032006;
UPDATE m_card_grade_up_item SET content_id = 1801 WHERE content_id = 1800 AND card_id = 400032007;
UPDATE m_card_grade_up_item SET content_id = 1801 WHERE content_id = 1800 AND card_id = 400042001;
UPDATE m_card_grade_up_item SET content_id = 1801 WHERE content_id = 1800 AND card_id = 400042002;
UPDATE m_card_grade_up_item SET content_id = 1801 WHERE content_id = 1800 AND card_id = 400042003;
UPDATE m_card_grade_up_item SET content_id = 1801 WHERE content_id = 1800 AND card_id = 400042004;
UPDATE m_card_grade_up_item SET content_id = 1801 WHERE content_id = 1800 AND card_id = 400042005;
UPDATE m_card_grade_up_item SET content_id = 1801 WHERE content_id = 1800 AND card_id = 400042006;
UPDATE m_card_grade_up_item SET content_id = 1801 WHERE content_id = 1800 AND card_id = 400042007;
UPDATE m_card_grade_up_item SET content_id = 1801 WHERE content_id = 1800 AND card_id = 400042008;
UPDATE m_card_grade_up_item SET content_id = 1801 WHERE content_id = 1800 AND card_id = 400052001;
UPDATE m_card_grade_up_item SET content_id = 1801 WHERE content_id = 1800 AND card_id = 400052002;
UPDATE m_card_grade_up_item SET content_id = 1801 WHERE content_id = 1800 AND card_id = 400052003;
UPDATE m_card_grade_up_item SET content_id = 1801 WHERE content_id = 1800 AND card_id = 400052004;
UPDATE m_card_grade_up_item SET content_id = 1801 WHERE content_id = 1800 AND card_id = 400052005;
UPDATE m_card_grade_up_item SET content_id = 1801 WHERE content_id = 1800 AND card_id = 400052006;
UPDATE m_card_grade_up_item SET content_id = 1801 WHERE content_id = 1800 AND card_id = 400052007;
UPDATE m_card_grade_up_item SET content_id = 1801 WHERE content_id = 1800 AND card_id = 400052008;
UPDATE m_card_grade_up_item SET content_id = 1801 WHERE content_id = 1800 AND card_id = 400052009;
UPDATE m_card_grade_up_item SET content_id = 1801 WHERE content_id = 1800 AND card_id = 400062001;
UPDATE m_card_grade_up_item SET content_id = 1801 WHERE content_id = 1800 AND card_id = 400062002;
UPDATE m_card_grade_up_item SET content_id = 1801 WHERE content_id = 1800 AND card_id = 400062003;
UPDATE m_card_grade_up_item SET content_id = 1801 WHERE content_id = 1800 AND card_id = 400062004;
UPDATE m_card_grade_up_item SET content_id = 1801 WHERE content_id = 1800 AND card_id = 400062005;
UPDATE m_card_grade_up_item SET content_id = 1801 WHERE content_id = 1800 AND card_id = 400062006;
UPDATE m_card_grade_up_item SET content_id = 1801 WHERE content_id = 1800 AND card_id = 400062007;
UPDATE m_card_grade_up_item SET content_id = 1801 WHERE content_id = 1800 AND card_id = 400062008;
UPDATE m_card_grade_up_item SET content_id = 1801 WHERE content_id = 1800 AND card_id = 400062009;
UPDATE m_card_grade_up_item SET content_id = 1801 WHERE content_id = 1800 AND card_id = 400072001;
UPDATE m_card_grade_up_item SET content_id = 1801 WHERE content_id = 1800 AND card_id = 400072002;
UPDATE m_card_grade_up_item SET content_id = 1801 WHERE content_id = 1800 AND card_id = 400072003;
UPDATE m_card_grade_up_item SET content_id = 1801 WHERE content_id = 1800 AND card_id = 400072004;
UPDATE m_card_grade_up_item SET content_id = 1801 WHERE content_id = 1800 AND card_id = 400072005;
UPDATE m_card_grade_up_item SET content_id = 1801 WHERE content_id = 1800 AND card_id = 400072006;
UPDATE m_card_grade_up_item SET content_id = 1801 WHERE content_id = 1800 AND card_id = 400072007;
UPDATE m_card_grade_up_item SET content_id = 1801 WHERE content_id = 1800 AND card_id = 400072008;
UPDATE m_card_grade_up_item SET content_id = 1801 WHERE content_id = 1800 AND card_id = 400072009;
UPDATE m_card_grade_up_item SET content_id = 1801 WHERE content_id = 1800 AND card_id = 400082001;
UPDATE m_card_grade_up_item SET content_id = 1801 WHERE content_id = 1800 AND card_id = 400082002;
UPDATE m_card_grade_up_item SET content_id = 1801 WHERE content_id = 1800 AND card_id = 400082003;
UPDATE m_card_grade_up_item SET content_id = 1801 WHERE content_id = 1800 AND card_id = 400082004;
UPDATE m_card_grade_up_item SET content_id = 1801 WHERE content_id = 1800 AND card_id = 400082005;
UPDATE m_card_grade_up_item SET content_id = 1801 WHERE content_id = 1800 AND card_id = 400082006;
UPDATE m_card_grade_up_item SET content_id = 1801 WHERE content_id = 1800 AND card_id = 400082007;
UPDATE m_card_grade_up_item SET content_id = 1801 WHERE content_id = 1800 AND card_id = 400082008;
UPDATE m_card_grade_up_item SET content_id = 1801 WHERE content_id = 1800 AND card_id = 400092001;
UPDATE m_card_grade_up_item SET content_id = 1801 WHERE content_id = 1800 AND card_id = 400092002;
UPDATE m_card_grade_up_item SET content_id = 1801 WHERE content_id = 1800 AND card_id = 400092003;
UPDATE m_card_grade_up_item SET content_id = 1801 WHERE content_id = 1800 AND card_id = 400092004;
UPDATE m_card_grade_up_item SET content_id = 1801 WHERE content_id = 1800 AND card_id = 400092005;
UPDATE m_card_grade_up_item SET content_id = 1801 WHERE content_id = 1800 AND card_id = 400092006;
UPDATE m_card_grade_up_item SET content_id = 1801 WHERE content_id = 1800 AND card_id = 400092007;
UPDATE m_card_grade_up_item SET content_id = 1801 WHERE content_id = 1800 AND card_id = 400092008;
UPDATE m_card_grade_up_item SET content_id = 1801 WHERE content_id = 1800 AND card_id = 400092009;
UPDATE m_card_grade_up_item SET content_id = 1801 WHERE content_id = 1800 AND card_id = 400092010;
UPDATE m_card_grade_up_item SET content_id = 1801 WHERE content_id = 1800 AND card_id = 400092011;
UPDATE m_card_grade_up_item SET content_id = 1801 WHERE content_id = 1800 AND card_id = 401012001;
UPDATE m_card_grade_up_item SET content_id = 1801 WHERE content_id = 1800 AND card_id = 401012002;
UPDATE m_card_grade_up_item SET content_id = 1801 WHERE content_id = 1800 AND card_id = 401012003;
UPDATE m_card_grade_up_item SET content_id = 1801 WHERE content_id = 1800 AND card_id = 401012004;
UPDATE m_card_grade_up_item SET content_id = 1801 WHERE content_id = 1800 AND card_id = 401012005;
UPDATE m_card_grade_up_item SET content_id = 1801 WHERE content_id = 1800 AND card_id = 401012006;
UPDATE m_card_grade_up_item SET content_id = 1801 WHERE content_id = 1800 AND card_id = 401012007;
UPDATE m_card_grade_up_item SET content_id = 1801 WHERE content_id = 1800 AND card_id = 401012008;
UPDATE m_card_grade_up_item SET content_id = 1801 WHERE content_id = 1800 AND card_id = 401012009;
UPDATE m_card_grade_up_item SET content_id = 1801 WHERE content_id = 1800 AND card_id = 401012010;
UPDATE m_card_grade_up_item SET content_id = 1801 WHERE content_id = 1800 AND card_id = 401022001;
UPDATE m_card_grade_up_item SET content_id = 1801 WHERE content_id = 1800 AND card_id = 401022002;
UPDATE m_card_grade_up_item SET content_id = 1801 WHERE content_id = 1800 AND card_id = 401022003;
UPDATE m_card_grade_up_item SET content_id = 1801 WHERE content_id = 1800 AND card_id = 401022004;
UPDATE m_card_grade_up_item SET content_id = 1801 WHERE content_id = 1800 AND card_id = 401022005;
UPDATE m_card_grade_up_item SET content_id = 1801 WHERE content_id = 1800 AND card_id = 401022006;
UPDATE m_card_grade_up_item SET content_id = 1801 WHERE content_id = 1800 AND card_id = 401022007;
UPDATE m_card_grade_up_item SET content_id = 1801 WHERE content_id = 1800 AND card_id = 401022008;
UPDATE m_card_grade_up_item SET content_id = 1801 WHERE content_id = 1800 AND card_id = 401032001;
UPDATE m_card_grade_up_item SET content_id = 1801 WHERE content_id = 1800 AND card_id = 401032002;
UPDATE m_card_grade_up_item SET content_id = 1801 WHERE content_id = 1800 AND card_id = 401032003;
UPDATE m_card_grade_up_item SET content_id = 1801 WHERE content_id = 1800 AND card_id = 401032004;
UPDATE m_card_grade_up_item SET content_id = 1801 WHERE content_id = 1800 AND card_id = 401032005;
UPDATE m_card_grade_up_item SET content_id = 1801 WHERE content_id = 1800 AND card_id = 401032006;
UPDATE m_card_grade_up_item SET content_id = 1801 WHERE content_id = 1800 AND card_id = 401032007;
UPDATE m_card_grade_up_item SET content_id = 1801 WHERE content_id = 1800 AND card_id = 401032008;
UPDATE m_card_grade_up_item SET content_id = 1801 WHERE content_id = 1800 AND card_id = 401042001;
UPDATE m_card_grade_up_item SET content_id = 1801 WHERE content_id = 1800 AND card_id = 401042002;
UPDATE m_card_grade_up_item SET content_id = 1801 WHERE content_id = 1800 AND card_id = 401042003;
UPDATE m_card_grade_up_item SET content_id = 1801 WHERE content_id = 1800 AND card_id = 401042004;
UPDATE m_card_grade_up_item SET content_id = 1801 WHERE content_id = 1800 AND card_id = 401042005;
UPDATE m_card_grade_up_item SET content_id = 1801 WHERE content_id = 1800 AND card_id = 401042006;
UPDATE m_card_grade_up_item SET content_id = 1801 WHERE content_id = 1800 AND card_id = 401042007;
UPDATE m_card_grade_up_item SET content_id = 1801 WHERE content_id = 1800 AND card_id = 401042008;
UPDATE m_card_grade_up_item SET content_id = 1801 WHERE content_id = 1800 AND card_id = 401052001;
UPDATE m_card_grade_up_item SET content_id = 1801 WHERE content_id = 1800 AND card_id = 401052002;
UPDATE m_card_grade_up_item SET content_id = 1801 WHERE content_id = 1800 AND card_id = 401052003;
UPDATE m_card_grade_up_item SET content_id = 1801 WHERE content_id = 1800 AND card_id = 401052004;
UPDATE m_card_grade_up_item SET content_id = 1801 WHERE content_id = 1800 AND card_id = 401052005;
UPDATE m_card_grade_up_item SET content_id = 1801 WHERE content_id = 1800 AND card_id = 401052006;
UPDATE m_card_grade_up_item SET content_id = 1801 WHERE content_id = 1800 AND card_id = 401052007;
UPDATE m_card_grade_up_item SET content_id = 1801 WHERE content_id = 1800 AND card_id = 401052008;
UPDATE m_card_grade_up_item SET content_id = 1801 WHERE content_id = 1800 AND card_id = 401052009;
UPDATE m_card_grade_up_item SET content_id = 1801 WHERE content_id = 1800 AND card_id = 401062001;
UPDATE m_card_grade_up_item SET content_id = 1801 WHERE content_id = 1800 AND card_id = 401062002;
UPDATE m_card_grade_up_item SET content_id = 1801 WHERE content_id = 1800 AND card_id = 401062003;
UPDATE m_card_grade_up_item SET content_id = 1801 WHERE content_id = 1800 AND card_id = 401062004;
UPDATE m_card_grade_up_item SET content_id = 1801 WHERE content_id = 1800 AND card_id = 401062005;
UPDATE m_card_grade_up_item SET content_id = 1801 WHERE content_id = 1800 AND card_id = 401062006;
UPDATE m_card_grade_up_item SET content_id = 1801 WHERE content_id = 1800 AND card_id = 401062007;
UPDATE m_card_grade_up_item SET content_id = 1801 WHERE content_id = 1800 AND card_id = 401072001;
UPDATE m_card_grade_up_item SET content_id = 1801 WHERE content_id = 1800 AND card_id = 401072002;
UPDATE m_card_grade_up_item SET content_id = 1801 WHERE content_id = 1800 AND card_id = 401072003;
UPDATE m_card_grade_up_item SET content_id = 1801 WHERE content_id = 1800 AND card_id = 401072004;
UPDATE m_card_grade_up_item SET content_id = 1801 WHERE content_id = 1800 AND card_id = 401072005;
UPDATE m_card_grade_up_item SET content_id = 1801 WHERE content_id = 1800 AND card_id = 401072006;
UPDATE m_card_grade_up_item SET content_id = 1801 WHERE content_id = 1800 AND card_id = 401072007;
UPDATE m_card_grade_up_item SET content_id = 1801 WHERE content_id = 1800 AND card_id = 401072008;
UPDATE m_card_grade_up_item SET content_id = 1801 WHERE content_id = 1800 AND card_id = 401072009;
UPDATE m_card_grade_up_item SET content_id = 1801 WHERE content_id = 1800 AND card_id = 401072010;
UPDATE m_card_grade_up_item SET content_id = 1801 WHERE content_id = 1800 AND card_id = 401072011;
UPDATE m_card_grade_up_item SET content_id = 1801 WHERE content_id = 1800 AND card_id = 401082001;
UPDATE m_card_grade_up_item SET content_id = 1801 WHERE content_id = 1800 AND card_id = 401082002;
UPDATE m_card_grade_up_item SET content_id = 1801 WHERE content_id = 1800 AND card_id = 401082003;
UPDATE m_card_grade_up_item SET content_id = 1801 WHERE content_id = 1800 AND card_id = 401082004;
UPDATE m_card_grade_up_item SET content_id = 1801 WHERE content_id = 1800 AND card_id = 401082005;
UPDATE m_card_grade_up_item SET content_id = 1801 WHERE content_id = 1800 AND card_id = 401082006;
UPDATE m_card_grade_up_item SET content_id = 1801 WHERE content_id = 1800 AND card_id = 401082007;
UPDATE m_card_grade_up_item SET content_id = 1801 WHERE content_id = 1800 AND card_id = 401082008;
UPDATE m_card_grade_up_item SET content_id = 1801 WHERE content_id = 1800 AND card_id = 401082009;
UPDATE m_card_grade_up_item SET content_id = 1801 WHERE content_id = 1800 AND card_id = 401082010;
UPDATE m_card_grade_up_item SET content_id = 1801 WHERE content_id = 1800 AND card_id = 401092001;
UPDATE m_card_grade_up_item SET content_id = 1801 WHERE content_id = 1800 AND card_id = 401092002;
UPDATE m_card_grade_up_item SET content_id = 1801 WHERE content_id = 1800 AND card_id = 401092003;
UPDATE m_card_grade_up_item SET content_id = 1801 WHERE content_id = 1800 AND card_id = 401092004;
UPDATE m_card_grade_up_item SET content_id = 1801 WHERE content_id = 1800 AND card_id = 401092005;
UPDATE m_card_grade_up_item SET content_id = 1801 WHERE content_id = 1800 AND card_id = 401092006;
UPDATE m_card_grade_up_item SET content_id = 1801 WHERE content_id = 1800 AND card_id = 401092007;
UPDATE m_card_grade_up_item SET content_id = 1801 WHERE content_id = 1800 AND card_id = 401092008;
UPDATE m_card_grade_up_item SET content_id = 1801 WHERE content_id = 1800 AND card_id = 401092009;
UPDATE m_card_grade_up_item SET content_id = 1801 WHERE content_id = 1800 AND card_id = 401092010;
UPDATE m_card_grade_up_item SET content_id = 1801 WHERE content_id = 1800 AND card_id = 402012001;
UPDATE m_card_grade_up_item SET content_id = 1801 WHERE content_id = 1800 AND card_id = 402012002;
UPDATE m_card_grade_up_item SET content_id = 1801 WHERE content_id = 1800 AND card_id = 402012003;
UPDATE m_card_grade_up_item SET content_id = 1801 WHERE content_id = 1800 AND card_id = 402012004;
UPDATE m_card_grade_up_item SET content_id = 1801 WHERE content_id = 1800 AND card_id = 402012005;
UPDATE m_card_grade_up_item SET content_id = 1801 WHERE content_id = 1800 AND card_id = 402012006;
UPDATE m_card_grade_up_item SET content_id = 1801 WHERE content_id = 1800 AND card_id = 402012007;
UPDATE m_card_grade_up_item SET content_id = 1801 WHERE content_id = 1800 AND card_id = 402012008;
UPDATE m_card_grade_up_item SET content_id = 1801 WHERE content_id = 1800 AND card_id = 402012009;
UPDATE m_card_grade_up_item SET content_id = 1801 WHERE content_id = 1800 AND card_id = 402022001;
UPDATE m_card_grade_up_item SET content_id = 1801 WHERE content_id = 1800 AND card_id = 402022002;
UPDATE m_card_grade_up_item SET content_id = 1801 WHERE content_id = 1800 AND card_id = 402022003;
UPDATE m_card_grade_up_item SET content_id = 1801 WHERE content_id = 1800 AND card_id = 402022004;
UPDATE m_card_grade_up_item SET content_id = 1801 WHERE content_id = 1800 AND card_id = 402022005;
UPDATE m_card_grade_up_item SET content_id = 1801 WHERE content_id = 1800 AND card_id = 402022006;
UPDATE m_card_grade_up_item SET content_id = 1801 WHERE content_id = 1800 AND card_id = 402022007;
UPDATE m_card_grade_up_item SET content_id = 1801 WHERE content_id = 1800 AND card_id = 402032001;
UPDATE m_card_grade_up_item SET content_id = 1801 WHERE content_id = 1800 AND card_id = 402032002;
UPDATE m_card_grade_up_item SET content_id = 1801 WHERE content_id = 1800 AND card_id = 402032003;
UPDATE m_card_grade_up_item SET content_id = 1801 WHERE content_id = 1800 AND card_id = 402032004;
UPDATE m_card_grade_up_item SET content_id = 1801 WHERE content_id = 1800 AND card_id = 402032005;
UPDATE m_card_grade_up_item SET content_id = 1801 WHERE content_id = 1800 AND card_id = 402032006;
UPDATE m_card_grade_up_item SET content_id = 1801 WHERE content_id = 1800 AND card_id = 402032007;
UPDATE m_card_grade_up_item SET content_id = 1801 WHERE content_id = 1800 AND card_id = 402032008;
UPDATE m_card_grade_up_item SET content_id = 1801 WHERE content_id = 1800 AND card_id = 402032009;
UPDATE m_card_grade_up_item SET content_id = 1801 WHERE content_id = 1800 AND card_id = 402042001;
UPDATE m_card_grade_up_item SET content_id = 1801 WHERE content_id = 1800 AND card_id = 402042002;
UPDATE m_card_grade_up_item SET content_id = 1801 WHERE content_id = 1800 AND card_id = 402042003;
UPDATE m_card_grade_up_item SET content_id = 1801 WHERE content_id = 1800 AND card_id = 402042004;
UPDATE m_card_grade_up_item SET content_id = 1801 WHERE content_id = 1800 AND card_id = 402042005;
UPDATE m_card_grade_up_item SET content_id = 1801 WHERE content_id = 1800 AND card_id = 402042006;
UPDATE m_card_grade_up_item SET content_id = 1801 WHERE content_id = 1800 AND card_id = 402042007;
UPDATE m_card_grade_up_item SET content_id = 1801 WHERE content_id = 1800 AND card_id = 402042008;
UPDATE m_card_grade_up_item SET content_id = 1801 WHERE content_id = 1800 AND card_id = 402042009;
UPDATE m_card_grade_up_item SET content_id = 1801 WHERE content_id = 1800 AND card_id = 402052001;
UPDATE m_card_grade_up_item SET content_id = 1801 WHERE content_id = 1800 AND card_id = 402052002;
UPDATE m_card_grade_up_item SET content_id = 1801 WHERE content_id = 1800 AND card_id = 402052003;
UPDATE m_card_grade_up_item SET content_id = 1801 WHERE content_id = 1800 AND card_id = 402052004;
UPDATE m_card_grade_up_item SET content_id = 1801 WHERE content_id = 1800 AND card_id = 402052005;
UPDATE m_card_grade_up_item SET content_id = 1801 WHERE content_id = 1800 AND card_id = 402052006;
UPDATE m_card_grade_up_item SET content_id = 1801 WHERE content_id = 1800 AND card_id = 402052007;
UPDATE m_card_grade_up_item SET content_id = 1801 WHERE content_id = 1800 AND card_id = 402052008;
UPDATE m_card_grade_up_item SET content_id = 1801 WHERE content_id = 1800 AND card_id = 402052009;
UPDATE m_card_grade_up_item SET content_id = 1801 WHERE content_id = 1800 AND card_id = 402062001;
UPDATE m_card_grade_up_item SET content_id = 1801 WHERE content_id = 1800 AND card_id = 402062002;
UPDATE m_card_grade_up_item SET content_id = 1801 WHERE content_id = 1800 AND card_id = 402062003;
UPDATE m_card_grade_up_item SET content_id = 1801 WHERE content_id = 1800 AND card_id = 402062004;
UPDATE m_card_grade_up_item SET content_id = 1801 WHERE content_id = 1800 AND card_id = 402062005;
UPDATE m_card_grade_up_item SET content_id = 1801 WHERE content_id = 1800 AND card_id = 402062006;
UPDATE m_card_grade_up_item SET content_id = 1801 WHERE content_id = 1800 AND card_id = 402062007;
UPDATE m_card_grade_up_item SET content_id = 1801 WHERE content_id = 1800 AND card_id = 402062008;
UPDATE m_card_grade_up_item SET content_id = 1801 WHERE content_id = 1800 AND card_id = 402062009;
UPDATE m_card_grade_up_item SET content_id = 1801 WHERE content_id = 1800 AND card_id = 402072001;
UPDATE m_card_grade_up_item SET content_id = 1801 WHERE content_id = 1800 AND card_id = 402072002;
UPDATE m_card_grade_up_item SET content_id = 1801 WHERE content_id = 1800 AND card_id = 402072003;
UPDATE m_card_grade_up_item SET content_id = 1801 WHERE content_id = 1800 AND card_id = 402072004;
UPDATE m_card_grade_up_item SET content_id = 1801 WHERE content_id = 1800 AND card_id = 402072005;
UPDATE m_card_grade_up_item SET content_id = 1801 WHERE content_id = 1800 AND card_id = 402072006;
UPDATE m_card_grade_up_item SET content_id = 1801 WHERE content_id = 1800 AND card_id = 402072007;
UPDATE m_card_grade_up_item SET content_id = 1801 WHERE content_id = 1800 AND card_id = 402072008;
UPDATE m_card_grade_up_item SET content_id = 1801 WHERE content_id = 1800 AND card_id = 402082001;
UPDATE m_card_grade_up_item SET content_id = 1801 WHERE content_id = 1800 AND card_id = 402082002;
UPDATE m_card_grade_up_item SET content_id = 1801 WHERE content_id = 1800 AND card_id = 402082003;
UPDATE m_card_grade_up_item SET content_id = 1801 WHERE content_id = 1800 AND card_id = 402082004;
UPDATE m_card_grade_up_item SET content_id = 1801 WHERE content_id = 1800 AND card_id = 402082005;
UPDATE m_card_grade_up_item SET content_id = 1801 WHERE content_id = 1800 AND card_id = 402082006;
UPDATE m_card_grade_up_item SET content_id = 1801 WHERE content_id = 1800 AND card_id = 402082007;
UPDATE m_card_grade_up_item SET content_id = 1801 WHERE content_id = 1800 AND card_id = 402092001;
UPDATE m_card_grade_up_item SET content_id = 1801 WHERE content_id = 1800 AND card_id = 402092002;
UPDATE m_card_grade_up_item SET content_id = 1801 WHERE content_id = 1800 AND card_id = 402092003;
UPDATE m_card_grade_up_item SET content_id = 1801 WHERE content_id = 1800 AND card_id = 402092004;
UPDATE m_card_grade_up_item SET content_id = 1801 WHERE content_id = 1800 AND card_id = 402092005;
UPDATE m_card_grade_up_item SET content_id = 1801 WHERE content_id = 1800 AND card_id = 402092006;
UPDATE m_card_grade_up_item SET content_id = 1801 WHERE content_id = 1800 AND card_id = 402092007;
UPDATE m_card_grade_up_item SET content_id = 1801 WHERE content_id = 1800 AND card_id = 402092008;
UPDATE m_card_grade_up_item SET content_id = 1801 WHERE content_id = 1800 AND card_id = 402092009;
UPDATE m_card_grade_up_item SET content_id = 1801 WHERE content_id = 1800 AND card_id = 402102001;
UPDATE m_card_grade_up_item SET content_id = 1801 WHERE content_id = 1800 AND card_id = 402102002;
UPDATE m_card_grade_up_item SET content_id = 1801 WHERE content_id = 1800 AND card_id = 402102003;
UPDATE m_card_grade_up_item SET content_id = 1801 WHERE content_id = 1800 AND card_id = 402102004;
UPDATE m_card_grade_up_item SET content_id = 1801 WHERE content_id = 1800 AND card_id = 402102005;
UPDATE m_card_grade_up_item SET content_id = 1801 WHERE content_id = 1800 AND card_id = 402112001;
UPDATE m_card_grade_up_item SET content_id = 1801 WHERE content_id = 1800 AND card_id = 402112002;
UPDATE m_card_grade_up_item SET content_id = 1801 WHERE content_id = 1800 AND card_id = 402112003;
UPDATE m_card_grade_up_item SET content_id = 1801 WHERE content_id = 1800 AND card_id = 402112004;
UPDATE m_card_grade_up_item SET content_id = 1801 WHERE content_id = 1800 AND card_id = 402122001;
UPDATE m_card_grade_up_item SET content_id = 1801 WHERE content_id = 1800 AND card_id = 402122002;
UPDATE m_card_grade_up_item SET content_id = 1801 WHERE content_id = 1800 AND card_id = 402122003;
UPDATE m_card_grade_up_item SET content_id = 1801 WHERE content_id = 1800 AND card_id = 402122004;
UPDATE m_card_grade_up_item SET content_id = 1801 WHERE content_id = 1800 AND card_id = 402122005;
UPDATE m_card_grade_up_item SET content_id = 1802 WHERE content_id = 1800 AND card_id = 100013001;
UPDATE m_card_grade_up_item SET content_id = 1802 WHERE content_id = 1800 AND card_id = 100023001;
UPDATE m_card_grade_up_item SET content_id = 1802 WHERE content_id = 1800 AND card_id = 100033001;
UPDATE m_card_grade_up_item SET content_id = 1802 WHERE content_id = 1800 AND card_id = 100043001;
UPDATE m_card_grade_up_item SET content_id = 1802 WHERE content_id = 1800 AND card_id = 100053001;
UPDATE m_card_grade_up_item SET content_id = 1802 WHERE content_id = 1800 AND card_id = 100063001;
UPDATE m_card_grade_up_item SET content_id = 1802 WHERE content_id = 1800 AND card_id = 100073001;
UPDATE m_card_grade_up_item SET content_id = 1802 WHERE content_id = 1800 AND card_id = 100083001;
UPDATE m_card_grade_up_item SET content_id = 1802 WHERE content_id = 1800 AND card_id = 100093001;
UPDATE m_card_grade_up_item SET content_id = 1802 WHERE content_id = 1800 AND card_id = 101013001;
UPDATE m_card_grade_up_item SET content_id = 1802 WHERE content_id = 1800 AND card_id = 101023001;
UPDATE m_card_grade_up_item SET content_id = 1802 WHERE content_id = 1800 AND card_id = 101033001;
UPDATE m_card_grade_up_item SET content_id = 1802 WHERE content_id = 1800 AND card_id = 101043001;
UPDATE m_card_grade_up_item SET content_id = 1802 WHERE content_id = 1800 AND card_id = 101053001;
UPDATE m_card_grade_up_item SET content_id = 1802 WHERE content_id = 1800 AND card_id = 101063001;
UPDATE m_card_grade_up_item SET content_id = 1802 WHERE content_id = 1800 AND card_id = 101073001;
UPDATE m_card_grade_up_item SET content_id = 1802 WHERE content_id = 1800 AND card_id = 101083001;
UPDATE m_card_grade_up_item SET content_id = 1802 WHERE content_id = 1800 AND card_id = 101093001;
UPDATE m_card_grade_up_item SET content_id = 1802 WHERE content_id = 1800 AND card_id = 200013001;
UPDATE m_card_grade_up_item SET content_id = 1802 WHERE content_id = 1800 AND card_id = 200013002;
UPDATE m_card_grade_up_item SET content_id = 1802 WHERE content_id = 1800 AND card_id = 200013003;
UPDATE m_card_grade_up_item SET content_id = 1802 WHERE content_id = 1800 AND card_id = 200013004;
UPDATE m_card_grade_up_item SET content_id = 1802 WHERE content_id = 1800 AND card_id = 200023001;
UPDATE m_card_grade_up_item SET content_id = 1802 WHERE content_id = 1800 AND card_id = 200023002;
UPDATE m_card_grade_up_item SET content_id = 1802 WHERE content_id = 1800 AND card_id = 200023003;
UPDATE m_card_grade_up_item SET content_id = 1802 WHERE content_id = 1800 AND card_id = 200033001;
UPDATE m_card_grade_up_item SET content_id = 1802 WHERE content_id = 1800 AND card_id = 200033002;
UPDATE m_card_grade_up_item SET content_id = 1802 WHERE content_id = 1800 AND card_id = 200033003;
UPDATE m_card_grade_up_item SET content_id = 1802 WHERE content_id = 1800 AND card_id = 200043001;
UPDATE m_card_grade_up_item SET content_id = 1802 WHERE content_id = 1800 AND card_id = 200043002;
UPDATE m_card_grade_up_item SET content_id = 1802 WHERE content_id = 1800 AND card_id = 200043003;
UPDATE m_card_grade_up_item SET content_id = 1802 WHERE content_id = 1800 AND card_id = 200053001;
UPDATE m_card_grade_up_item SET content_id = 1802 WHERE content_id = 1800 AND card_id = 200053002;
UPDATE m_card_grade_up_item SET content_id = 1802 WHERE content_id = 1800 AND card_id = 200053003;
UPDATE m_card_grade_up_item SET content_id = 1802 WHERE content_id = 1800 AND card_id = 200063001;
UPDATE m_card_grade_up_item SET content_id = 1802 WHERE content_id = 1800 AND card_id = 200063002;
UPDATE m_card_grade_up_item SET content_id = 1802 WHERE content_id = 1800 AND card_id = 200063003;
UPDATE m_card_grade_up_item SET content_id = 1802 WHERE content_id = 1800 AND card_id = 200073001;
UPDATE m_card_grade_up_item SET content_id = 1802 WHERE content_id = 1800 AND card_id = 200073002;
UPDATE m_card_grade_up_item SET content_id = 1802 WHERE content_id = 1800 AND card_id = 200073003;
UPDATE m_card_grade_up_item SET content_id = 1802 WHERE content_id = 1800 AND card_id = 200083001;
UPDATE m_card_grade_up_item SET content_id = 1802 WHERE content_id = 1800 AND card_id = 200083002;
UPDATE m_card_grade_up_item SET content_id = 1802 WHERE content_id = 1800 AND card_id = 200083003;
UPDATE m_card_grade_up_item SET content_id = 1802 WHERE content_id = 1800 AND card_id = 200093001;
UPDATE m_card_grade_up_item SET content_id = 1802 WHERE content_id = 1800 AND card_id = 200093002;
UPDATE m_card_grade_up_item SET content_id = 1802 WHERE content_id = 1800 AND card_id = 200093003;
UPDATE m_card_grade_up_item SET content_id = 1802 WHERE content_id = 1800 AND card_id = 201013001;
UPDATE m_card_grade_up_item SET content_id = 1802 WHERE content_id = 1800 AND card_id = 201013002;
UPDATE m_card_grade_up_item SET content_id = 1802 WHERE content_id = 1800 AND card_id = 201013003;
UPDATE m_card_grade_up_item SET content_id = 1802 WHERE content_id = 1800 AND card_id = 201023001;
UPDATE m_card_grade_up_item SET content_id = 1802 WHERE content_id = 1800 AND card_id = 201023002;
UPDATE m_card_grade_up_item SET content_id = 1802 WHERE content_id = 1800 AND card_id = 201023003;
UPDATE m_card_grade_up_item SET content_id = 1802 WHERE content_id = 1800 AND card_id = 201033001;
UPDATE m_card_grade_up_item SET content_id = 1802 WHERE content_id = 1800 AND card_id = 201033002;
UPDATE m_card_grade_up_item SET content_id = 1802 WHERE content_id = 1800 AND card_id = 201033003;
UPDATE m_card_grade_up_item SET content_id = 1802 WHERE content_id = 1800 AND card_id = 201043001;
UPDATE m_card_grade_up_item SET content_id = 1802 WHERE content_id = 1800 AND card_id = 201043002;
UPDATE m_card_grade_up_item SET content_id = 1802 WHERE content_id = 1800 AND card_id = 201043003;
UPDATE m_card_grade_up_item SET content_id = 1802 WHERE content_id = 1800 AND card_id = 201053001;
UPDATE m_card_grade_up_item SET content_id = 1802 WHERE content_id = 1800 AND card_id = 201053002;
UPDATE m_card_grade_up_item SET content_id = 1802 WHERE content_id = 1800 AND card_id = 201053003;
UPDATE m_card_grade_up_item SET content_id = 1802 WHERE content_id = 1800 AND card_id = 201063001;
UPDATE m_card_grade_up_item SET content_id = 1802 WHERE content_id = 1800 AND card_id = 201063002;
UPDATE m_card_grade_up_item SET content_id = 1802 WHERE content_id = 1800 AND card_id = 201063003;
UPDATE m_card_grade_up_item SET content_id = 1802 WHERE content_id = 1800 AND card_id = 201073001;
UPDATE m_card_grade_up_item SET content_id = 1802 WHERE content_id = 1800 AND card_id = 201073002;
UPDATE m_card_grade_up_item SET content_id = 1802 WHERE content_id = 1800 AND card_id = 201073003;
UPDATE m_card_grade_up_item SET content_id = 1802 WHERE content_id = 1800 AND card_id = 201073004;
UPDATE m_card_grade_up_item SET content_id = 1802 WHERE content_id = 1800 AND card_id = 201083001;
UPDATE m_card_grade_up_item SET content_id = 1802 WHERE content_id = 1800 AND card_id = 201083002;
UPDATE m_card_grade_up_item SET content_id = 1802 WHERE content_id = 1800 AND card_id = 201083003;
UPDATE m_card_grade_up_item SET content_id = 1802 WHERE content_id = 1800 AND card_id = 201093001;
UPDATE m_card_grade_up_item SET content_id = 1802 WHERE content_id = 1800 AND card_id = 201093002;
UPDATE m_card_grade_up_item SET content_id = 1802 WHERE content_id = 1800 AND card_id = 201093003;
UPDATE m_card_grade_up_item SET content_id = 1802 WHERE content_id = 1800 AND card_id = 202013001;
UPDATE m_card_grade_up_item SET content_id = 1802 WHERE content_id = 1800 AND card_id = 202013002;
UPDATE m_card_grade_up_item SET content_id = 1802 WHERE content_id = 1800 AND card_id = 202013003;
UPDATE m_card_grade_up_item SET content_id = 1802 WHERE content_id = 1800 AND card_id = 202013004;
UPDATE m_card_grade_up_item SET content_id = 1802 WHERE content_id = 1800 AND card_id = 202023001;
UPDATE m_card_grade_up_item SET content_id = 1802 WHERE content_id = 1800 AND card_id = 202023002;
UPDATE m_card_grade_up_item SET content_id = 1802 WHERE content_id = 1800 AND card_id = 202023003;
UPDATE m_card_grade_up_item SET content_id = 1802 WHERE content_id = 1800 AND card_id = 202033001;
UPDATE m_card_grade_up_item SET content_id = 1802 WHERE content_id = 1800 AND card_id = 202033002;
UPDATE m_card_grade_up_item SET content_id = 1802 WHERE content_id = 1800 AND card_id = 202033003;
UPDATE m_card_grade_up_item SET content_id = 1802 WHERE content_id = 1800 AND card_id = 202043001;
UPDATE m_card_grade_up_item SET content_id = 1802 WHERE content_id = 1800 AND card_id = 202043002;
UPDATE m_card_grade_up_item SET content_id = 1802 WHERE content_id = 1800 AND card_id = 202043003;
UPDATE m_card_grade_up_item SET content_id = 1802 WHERE content_id = 1800 AND card_id = 202053001;
UPDATE m_card_grade_up_item SET content_id = 1802 WHERE content_id = 1800 AND card_id = 202053002;
UPDATE m_card_grade_up_item SET content_id = 1802 WHERE content_id = 1800 AND card_id = 202053003;
UPDATE m_card_grade_up_item SET content_id = 1802 WHERE content_id = 1800 AND card_id = 202063001;
UPDATE m_card_grade_up_item SET content_id = 1802 WHERE content_id = 1800 AND card_id = 202063002;
UPDATE m_card_grade_up_item SET content_id = 1802 WHERE content_id = 1800 AND card_id = 202063003;
UPDATE m_card_grade_up_item SET content_id = 1802 WHERE content_id = 1800 AND card_id = 202073001;
UPDATE m_card_grade_up_item SET content_id = 1802 WHERE content_id = 1800 AND card_id = 202073002;
UPDATE m_card_grade_up_item SET content_id = 1802 WHERE content_id = 1800 AND card_id = 202073003;
UPDATE m_card_grade_up_item SET content_id = 1802 WHERE content_id = 1800 AND card_id = 202083001;
UPDATE m_card_grade_up_item SET content_id = 1802 WHERE content_id = 1800 AND card_id = 202083002;
UPDATE m_card_grade_up_item SET content_id = 1802 WHERE content_id = 1800 AND card_id = 202083003;
UPDATE m_card_grade_up_item SET content_id = 1802 WHERE content_id = 1800 AND card_id = 202093001;
UPDATE m_card_grade_up_item SET content_id = 1802 WHERE content_id = 1800 AND card_id = 202093002;
UPDATE m_card_grade_up_item SET content_id = 1802 WHERE content_id = 1800 AND card_id = 202093003;
UPDATE m_card_grade_up_item SET content_id = 1802 WHERE content_id = 1800 AND card_id = 202093004;
UPDATE m_card_grade_up_item SET content_id = 1802 WHERE content_id = 1800 AND card_id = 202103001;
UPDATE m_card_grade_up_item SET content_id = 1802 WHERE content_id = 1800 AND card_id = 202103002;
UPDATE m_card_grade_up_item SET content_id = 1802 WHERE content_id = 1800 AND card_id = 202103003;
UPDATE m_card_grade_up_item SET content_id = 1802 WHERE content_id = 1800 AND card_id = 202113001;
UPDATE m_card_grade_up_item SET content_id = 1802 WHERE content_id = 1800 AND card_id = 202123001;
UPDATE m_card_grade_up_item SET content_id = 1802 WHERE content_id = 1800 AND card_id = 300013001;
UPDATE m_card_grade_up_item SET content_id = 1802 WHERE content_id = 1800 AND card_id = 300013002;
UPDATE m_card_grade_up_item SET content_id = 1802 WHERE content_id = 1800 AND card_id = 300023001;
UPDATE m_card_grade_up_item SET content_id = 1802 WHERE content_id = 1800 AND card_id = 300023002;
UPDATE m_card_grade_up_item SET content_id = 1802 WHERE content_id = 1800 AND card_id = 300033001;
UPDATE m_card_grade_up_item SET content_id = 1802 WHERE content_id = 1800 AND card_id = 300033002;
UPDATE m_card_grade_up_item SET content_id = 1802 WHERE content_id = 1800 AND card_id = 300043001;
UPDATE m_card_grade_up_item SET content_id = 1802 WHERE content_id = 1800 AND card_id = 300043002;
UPDATE m_card_grade_up_item SET content_id = 1802 WHERE content_id = 1800 AND card_id = 300053001;
UPDATE m_card_grade_up_item SET content_id = 1802 WHERE content_id = 1800 AND card_id = 300053002;
UPDATE m_card_grade_up_item SET content_id = 1802 WHERE content_id = 1800 AND card_id = 300053003;
UPDATE m_card_grade_up_item SET content_id = 1802 WHERE content_id = 1800 AND card_id = 300063001;
UPDATE m_card_grade_up_item SET content_id = 1802 WHERE content_id = 1800 AND card_id = 300063002;
UPDATE m_card_grade_up_item SET content_id = 1802 WHERE content_id = 1800 AND card_id = 300063003;
UPDATE m_card_grade_up_item SET content_id = 1802 WHERE content_id = 1800 AND card_id = 300073001;
UPDATE m_card_grade_up_item SET content_id = 1802 WHERE content_id = 1800 AND card_id = 300073002;
UPDATE m_card_grade_up_item SET content_id = 1802 WHERE content_id = 1800 AND card_id = 300073003;
UPDATE m_card_grade_up_item SET content_id = 1802 WHERE content_id = 1800 AND card_id = 300083001;
UPDATE m_card_grade_up_item SET content_id = 1802 WHERE content_id = 1800 AND card_id = 300083002;
UPDATE m_card_grade_up_item SET content_id = 1802 WHERE content_id = 1800 AND card_id = 300093001;
UPDATE m_card_grade_up_item SET content_id = 1802 WHERE content_id = 1800 AND card_id = 300093002;
UPDATE m_card_grade_up_item SET content_id = 1802 WHERE content_id = 1800 AND card_id = 300093003;
UPDATE m_card_grade_up_item SET content_id = 1802 WHERE content_id = 1800 AND card_id = 301013001;
UPDATE m_card_grade_up_item SET content_id = 1802 WHERE content_id = 1800 AND card_id = 301013002;
UPDATE m_card_grade_up_item SET content_id = 1802 WHERE content_id = 1800 AND card_id = 301013003;
UPDATE m_card_grade_up_item SET content_id = 1802 WHERE content_id = 1800 AND card_id = 301023001;
UPDATE m_card_grade_up_item SET content_id = 1802 WHERE content_id = 1800 AND card_id = 301023002;
UPDATE m_card_grade_up_item SET content_id = 1802 WHERE content_id = 1800 AND card_id = 301033001;
UPDATE m_card_grade_up_item SET content_id = 1802 WHERE content_id = 1800 AND card_id = 301033002;
UPDATE m_card_grade_up_item SET content_id = 1802 WHERE content_id = 1800 AND card_id = 301043001;
UPDATE m_card_grade_up_item SET content_id = 1802 WHERE content_id = 1800 AND card_id = 301043002;
UPDATE m_card_grade_up_item SET content_id = 1802 WHERE content_id = 1800 AND card_id = 301053001;
UPDATE m_card_grade_up_item SET content_id = 1802 WHERE content_id = 1800 AND card_id = 301053002;
UPDATE m_card_grade_up_item SET content_id = 1802 WHERE content_id = 1800 AND card_id = 301063001;
UPDATE m_card_grade_up_item SET content_id = 1802 WHERE content_id = 1800 AND card_id = 301063002;
UPDATE m_card_grade_up_item SET content_id = 1802 WHERE content_id = 1800 AND card_id = 301063003;
UPDATE m_card_grade_up_item SET content_id = 1802 WHERE content_id = 1800 AND card_id = 301073001;
UPDATE m_card_grade_up_item SET content_id = 1802 WHERE content_id = 1800 AND card_id = 301073002;
UPDATE m_card_grade_up_item SET content_id = 1802 WHERE content_id = 1800 AND card_id = 301083001;
UPDATE m_card_grade_up_item SET content_id = 1802 WHERE content_id = 1800 AND card_id = 301083002;
UPDATE m_card_grade_up_item SET content_id = 1802 WHERE content_id = 1800 AND card_id = 301093001;
UPDATE m_card_grade_up_item SET content_id = 1802 WHERE content_id = 1800 AND card_id = 301093002;
UPDATE m_card_grade_up_item SET content_id = 1802 WHERE content_id = 1800 AND card_id = 301093003;
UPDATE m_card_grade_up_item SET content_id = 1802 WHERE content_id = 1800 AND card_id = 302013001;
UPDATE m_card_grade_up_item SET content_id = 1802 WHERE content_id = 1800 AND card_id = 302013002;
UPDATE m_card_grade_up_item SET content_id = 1802 WHERE content_id = 1800 AND card_id = 302013003;
UPDATE m_card_grade_up_item SET content_id = 1802 WHERE content_id = 1800 AND card_id = 302023001;
UPDATE m_card_grade_up_item SET content_id = 1802 WHERE content_id = 1800 AND card_id = 302023002;
UPDATE m_card_grade_up_item SET content_id = 1802 WHERE content_id = 1800 AND card_id = 302023003;
UPDATE m_card_grade_up_item SET content_id = 1802 WHERE content_id = 1800 AND card_id = 302033001;
UPDATE m_card_grade_up_item SET content_id = 1802 WHERE content_id = 1800 AND card_id = 302033002;
UPDATE m_card_grade_up_item SET content_id = 1802 WHERE content_id = 1800 AND card_id = 302043001;
UPDATE m_card_grade_up_item SET content_id = 1802 WHERE content_id = 1800 AND card_id = 302043002;
UPDATE m_card_grade_up_item SET content_id = 1802 WHERE content_id = 1800 AND card_id = 302053001;
UPDATE m_card_grade_up_item SET content_id = 1802 WHERE content_id = 1800 AND card_id = 302063001;
UPDATE m_card_grade_up_item SET content_id = 1802 WHERE content_id = 1800 AND card_id = 302063002;
UPDATE m_card_grade_up_item SET content_id = 1802 WHERE content_id = 1800 AND card_id = 302073001;
UPDATE m_card_grade_up_item SET content_id = 1802 WHERE content_id = 1800 AND card_id = 302073002;
UPDATE m_card_grade_up_item SET content_id = 1802 WHERE content_id = 1800 AND card_id = 302083001;
UPDATE m_card_grade_up_item SET content_id = 1802 WHERE content_id = 1800 AND card_id = 302083002;
UPDATE m_card_grade_up_item SET content_id = 1802 WHERE content_id = 1800 AND card_id = 302093001;
UPDATE m_card_grade_up_item SET content_id = 1802 WHERE content_id = 1800 AND card_id = 302093002;
UPDATE m_card_grade_up_item SET content_id = 1802 WHERE content_id = 1800 AND card_id = 302093003;
UPDATE m_card_grade_up_item SET content_id = 1802 WHERE content_id = 1800 AND card_id = 302103001;
UPDATE m_card_grade_up_item SET content_id = 1802 WHERE content_id = 1800 AND card_id = 302113001;
UPDATE m_card_grade_up_item SET content_id = 1802 WHERE content_id = 1800 AND card_id = 302123001;
UPDATE m_card_grade_up_item SET content_id = 1802 WHERE content_id = 1800 AND card_id = 400013001;
UPDATE m_card_grade_up_item SET content_id = 1802 WHERE content_id = 1800 AND card_id = 400013002;
UPDATE m_card_grade_up_item SET content_id = 1802 WHERE content_id = 1800 AND card_id = 400013003;
UPDATE m_card_grade_up_item SET content_id = 1802 WHERE content_id = 1800 AND card_id = 400013004;
UPDATE m_card_grade_up_item SET content_id = 1802 WHERE content_id = 1800 AND card_id = 400013005;
UPDATE m_card_grade_up_item SET content_id = 1802 WHERE content_id = 1800 AND card_id = 400013006;
UPDATE m_card_grade_up_item SET content_id = 1802 WHERE content_id = 1800 AND card_id = 400013007;
UPDATE m_card_grade_up_item SET content_id = 1802 WHERE content_id = 1800 AND card_id = 400013008;
UPDATE m_card_grade_up_item SET content_id = 1802 WHERE content_id = 1800 AND card_id = 400023001;
UPDATE m_card_grade_up_item SET content_id = 1802 WHERE content_id = 1800 AND card_id = 400023002;
UPDATE m_card_grade_up_item SET content_id = 1802 WHERE content_id = 1800 AND card_id = 400023003;
UPDATE m_card_grade_up_item SET content_id = 1802 WHERE content_id = 1800 AND card_id = 400023004;
UPDATE m_card_grade_up_item SET content_id = 1802 WHERE content_id = 1800 AND card_id = 400023005;
UPDATE m_card_grade_up_item SET content_id = 1802 WHERE content_id = 1800 AND card_id = 400023006;
UPDATE m_card_grade_up_item SET content_id = 1802 WHERE content_id = 1800 AND card_id = 400023007;
UPDATE m_card_grade_up_item SET content_id = 1802 WHERE content_id = 1800 AND card_id = 400023008;
UPDATE m_card_grade_up_item SET content_id = 1802 WHERE content_id = 1800 AND card_id = 400023009;
UPDATE m_card_grade_up_item SET content_id = 1802 WHERE content_id = 1800 AND card_id = 400033001;
UPDATE m_card_grade_up_item SET content_id = 1802 WHERE content_id = 1800 AND card_id = 400033002;
UPDATE m_card_grade_up_item SET content_id = 1802 WHERE content_id = 1800 AND card_id = 400033003;
UPDATE m_card_grade_up_item SET content_id = 1802 WHERE content_id = 1800 AND card_id = 400033004;
UPDATE m_card_grade_up_item SET content_id = 1802 WHERE content_id = 1800 AND card_id = 400033005;
UPDATE m_card_grade_up_item SET content_id = 1802 WHERE content_id = 1800 AND card_id = 400033006;
UPDATE m_card_grade_up_item SET content_id = 1802 WHERE content_id = 1800 AND card_id = 400033007;
UPDATE m_card_grade_up_item SET content_id = 1802 WHERE content_id = 1800 AND card_id = 400033008;
UPDATE m_card_grade_up_item SET content_id = 1802 WHERE content_id = 1800 AND card_id = 400033009;
UPDATE m_card_grade_up_item SET content_id = 1802 WHERE content_id = 1800 AND card_id = 400043001;
UPDATE m_card_grade_up_item SET content_id = 1802 WHERE content_id = 1800 AND card_id = 400043002;
UPDATE m_card_grade_up_item SET content_id = 1802 WHERE content_id = 1800 AND card_id = 400043003;
UPDATE m_card_grade_up_item SET content_id = 1802 WHERE content_id = 1800 AND card_id = 400043004;
UPDATE m_card_grade_up_item SET content_id = 1802 WHERE content_id = 1800 AND card_id = 400043005;
UPDATE m_card_grade_up_item SET content_id = 1802 WHERE content_id = 1800 AND card_id = 400043006;
UPDATE m_card_grade_up_item SET content_id = 1802 WHERE content_id = 1800 AND card_id = 400043007;
UPDATE m_card_grade_up_item SET content_id = 1802 WHERE content_id = 1800 AND card_id = 400043008;
UPDATE m_card_grade_up_item SET content_id = 1802 WHERE content_id = 1800 AND card_id = 400043009;
UPDATE m_card_grade_up_item SET content_id = 1802 WHERE content_id = 1800 AND card_id = 400053001;
UPDATE m_card_grade_up_item SET content_id = 1802 WHERE content_id = 1800 AND card_id = 400053002;
UPDATE m_card_grade_up_item SET content_id = 1802 WHERE content_id = 1800 AND card_id = 400053003;
UPDATE m_card_grade_up_item SET content_id = 1802 WHERE content_id = 1800 AND card_id = 400053004;
UPDATE m_card_grade_up_item SET content_id = 1802 WHERE content_id = 1800 AND card_id = 400053005;
UPDATE m_card_grade_up_item SET content_id = 1802 WHERE content_id = 1800 AND card_id = 400053006;
UPDATE m_card_grade_up_item SET content_id = 1802 WHERE content_id = 1800 AND card_id = 400053007;
UPDATE m_card_grade_up_item SET content_id = 1802 WHERE content_id = 1800 AND card_id = 400053008;
UPDATE m_card_grade_up_item SET content_id = 1802 WHERE content_id = 1800 AND card_id = 400063001;
UPDATE m_card_grade_up_item SET content_id = 1802 WHERE content_id = 1800 AND card_id = 400063002;
UPDATE m_card_grade_up_item SET content_id = 1802 WHERE content_id = 1800 AND card_id = 400063003;
UPDATE m_card_grade_up_item SET content_id = 1802 WHERE content_id = 1800 AND card_id = 400063004;
UPDATE m_card_grade_up_item SET content_id = 1802 WHERE content_id = 1800 AND card_id = 400063005;
UPDATE m_card_grade_up_item SET content_id = 1802 WHERE content_id = 1800 AND card_id = 400063006;
UPDATE m_card_grade_up_item SET content_id = 1802 WHERE content_id = 1800 AND card_id = 400063007;
UPDATE m_card_grade_up_item SET content_id = 1802 WHERE content_id = 1800 AND card_id = 400063008;
UPDATE m_card_grade_up_item SET content_id = 1802 WHERE content_id = 1800 AND card_id = 400073001;
UPDATE m_card_grade_up_item SET content_id = 1802 WHERE content_id = 1800 AND card_id = 400073002;
UPDATE m_card_grade_up_item SET content_id = 1802 WHERE content_id = 1800 AND card_id = 400073003;
UPDATE m_card_grade_up_item SET content_id = 1802 WHERE content_id = 1800 AND card_id = 400073004;
UPDATE m_card_grade_up_item SET content_id = 1802 WHERE content_id = 1800 AND card_id = 400073005;
UPDATE m_card_grade_up_item SET content_id = 1802 WHERE content_id = 1800 AND card_id = 400073006;
UPDATE m_card_grade_up_item SET content_id = 1802 WHERE content_id = 1800 AND card_id = 400073007;
UPDATE m_card_grade_up_item SET content_id = 1802 WHERE content_id = 1800 AND card_id = 400073008;
UPDATE m_card_grade_up_item SET content_id = 1802 WHERE content_id = 1800 AND card_id = 400083001;
UPDATE m_card_grade_up_item SET content_id = 1802 WHERE content_id = 1800 AND card_id = 400083002;
UPDATE m_card_grade_up_item SET content_id = 1802 WHERE content_id = 1800 AND card_id = 400083003;
UPDATE m_card_grade_up_item SET content_id = 1802 WHERE content_id = 1800 AND card_id = 400083004;
UPDATE m_card_grade_up_item SET content_id = 1802 WHERE content_id = 1800 AND card_id = 400083005;
UPDATE m_card_grade_up_item SET content_id = 1802 WHERE content_id = 1800 AND card_id = 400083006;
UPDATE m_card_grade_up_item SET content_id = 1802 WHERE content_id = 1800 AND card_id = 400083007;
UPDATE m_card_grade_up_item SET content_id = 1802 WHERE content_id = 1800 AND card_id = 400083008;
UPDATE m_card_grade_up_item SET content_id = 1802 WHERE content_id = 1800 AND card_id = 400083009;
UPDATE m_card_grade_up_item SET content_id = 1802 WHERE content_id = 1800 AND card_id = 400093001;
UPDATE m_card_grade_up_item SET content_id = 1802 WHERE content_id = 1800 AND card_id = 400093002;
UPDATE m_card_grade_up_item SET content_id = 1802 WHERE content_id = 1800 AND card_id = 400093003;
UPDATE m_card_grade_up_item SET content_id = 1802 WHERE content_id = 1800 AND card_id = 400093004;
UPDATE m_card_grade_up_item SET content_id = 1802 WHERE content_id = 1800 AND card_id = 400093005;
UPDATE m_card_grade_up_item SET content_id = 1802 WHERE content_id = 1800 AND card_id = 400093006;
UPDATE m_card_grade_up_item SET content_id = 1802 WHERE content_id = 1800 AND card_id = 400093007;
UPDATE m_card_grade_up_item SET content_id = 1802 WHERE content_id = 1800 AND card_id = 400093008;
UPDATE m_card_grade_up_item SET content_id = 1802 WHERE content_id = 1800 AND card_id = 400093009;
UPDATE m_card_grade_up_item SET content_id = 1802 WHERE content_id = 1800 AND card_id = 401013001;
UPDATE m_card_grade_up_item SET content_id = 1802 WHERE content_id = 1800 AND card_id = 401013002;
UPDATE m_card_grade_up_item SET content_id = 1802 WHERE content_id = 1800 AND card_id = 401013003;
UPDATE m_card_grade_up_item SET content_id = 1802 WHERE content_id = 1800 AND card_id = 401013004;
UPDATE m_card_grade_up_item SET content_id = 1802 WHERE content_id = 1800 AND card_id = 401013005;
UPDATE m_card_grade_up_item SET content_id = 1802 WHERE content_id = 1800 AND card_id = 401013006;
UPDATE m_card_grade_up_item SET content_id = 1802 WHERE content_id = 1800 AND card_id = 401013007;
UPDATE m_card_grade_up_item SET content_id = 1802 WHERE content_id = 1800 AND card_id = 401013008;
UPDATE m_card_grade_up_item SET content_id = 1802 WHERE content_id = 1800 AND card_id = 401023001;
UPDATE m_card_grade_up_item SET content_id = 1802 WHERE content_id = 1800 AND card_id = 401023002;
UPDATE m_card_grade_up_item SET content_id = 1802 WHERE content_id = 1800 AND card_id = 401023003;
UPDATE m_card_grade_up_item SET content_id = 1802 WHERE content_id = 1800 AND card_id = 401023004;
UPDATE m_card_grade_up_item SET content_id = 1802 WHERE content_id = 1800 AND card_id = 401023005;
UPDATE m_card_grade_up_item SET content_id = 1802 WHERE content_id = 1800 AND card_id = 401023006;
UPDATE m_card_grade_up_item SET content_id = 1802 WHERE content_id = 1800 AND card_id = 401023007;
UPDATE m_card_grade_up_item SET content_id = 1802 WHERE content_id = 1800 AND card_id = 401023008;
UPDATE m_card_grade_up_item SET content_id = 1802 WHERE content_id = 1800 AND card_id = 401023009;
UPDATE m_card_grade_up_item SET content_id = 1802 WHERE content_id = 1800 AND card_id = 401033001;
UPDATE m_card_grade_up_item SET content_id = 1802 WHERE content_id = 1800 AND card_id = 401033002;
UPDATE m_card_grade_up_item SET content_id = 1802 WHERE content_id = 1800 AND card_id = 401033003;
UPDATE m_card_grade_up_item SET content_id = 1802 WHERE content_id = 1800 AND card_id = 401033004;
UPDATE m_card_grade_up_item SET content_id = 1802 WHERE content_id = 1800 AND card_id = 401033005;
UPDATE m_card_grade_up_item SET content_id = 1802 WHERE content_id = 1800 AND card_id = 401033006;
UPDATE m_card_grade_up_item SET content_id = 1802 WHERE content_id = 1800 AND card_id = 401033007;
UPDATE m_card_grade_up_item SET content_id = 1802 WHERE content_id = 1800 AND card_id = 401033008;
UPDATE m_card_grade_up_item SET content_id = 1802 WHERE content_id = 1800 AND card_id = 401033009;
UPDATE m_card_grade_up_item SET content_id = 1802 WHERE content_id = 1800 AND card_id = 401043001;
UPDATE m_card_grade_up_item SET content_id = 1802 WHERE content_id = 1800 AND card_id = 401043002;
UPDATE m_card_grade_up_item SET content_id = 1802 WHERE content_id = 1800 AND card_id = 401043003;
UPDATE m_card_grade_up_item SET content_id = 1802 WHERE content_id = 1800 AND card_id = 401043004;
UPDATE m_card_grade_up_item SET content_id = 1802 WHERE content_id = 1800 AND card_id = 401043005;
UPDATE m_card_grade_up_item SET content_id = 1802 WHERE content_id = 1800 AND card_id = 401043006;
UPDATE m_card_grade_up_item SET content_id = 1802 WHERE content_id = 1800 AND card_id = 401043007;
UPDATE m_card_grade_up_item SET content_id = 1802 WHERE content_id = 1800 AND card_id = 401043008;
UPDATE m_card_grade_up_item SET content_id = 1802 WHERE content_id = 1800 AND card_id = 401043009;
UPDATE m_card_grade_up_item SET content_id = 1802 WHERE content_id = 1800 AND card_id = 401053001;
UPDATE m_card_grade_up_item SET content_id = 1802 WHERE content_id = 1800 AND card_id = 401053002;
UPDATE m_card_grade_up_item SET content_id = 1802 WHERE content_id = 1800 AND card_id = 401053003;
UPDATE m_card_grade_up_item SET content_id = 1802 WHERE content_id = 1800 AND card_id = 401053004;
UPDATE m_card_grade_up_item SET content_id = 1802 WHERE content_id = 1800 AND card_id = 401053005;
UPDATE m_card_grade_up_item SET content_id = 1802 WHERE content_id = 1800 AND card_id = 401053006;
UPDATE m_card_grade_up_item SET content_id = 1802 WHERE content_id = 1800 AND card_id = 401053007;
UPDATE m_card_grade_up_item SET content_id = 1802 WHERE content_id = 1800 AND card_id = 401053008;
UPDATE m_card_grade_up_item SET content_id = 1802 WHERE content_id = 1800 AND card_id = 401053009;
UPDATE m_card_grade_up_item SET content_id = 1802 WHERE content_id = 1800 AND card_id = 401063001;
UPDATE m_card_grade_up_item SET content_id = 1802 WHERE content_id = 1800 AND card_id = 401063002;
UPDATE m_card_grade_up_item SET content_id = 1802 WHERE content_id = 1800 AND card_id = 401063003;
UPDATE m_card_grade_up_item SET content_id = 1802 WHERE content_id = 1800 AND card_id = 401063004;
UPDATE m_card_grade_up_item SET content_id = 1802 WHERE content_id = 1800 AND card_id = 401063005;
UPDATE m_card_grade_up_item SET content_id = 1802 WHERE content_id = 1800 AND card_id = 401063006;
UPDATE m_card_grade_up_item SET content_id = 1802 WHERE content_id = 1800 AND card_id = 401063007;
UPDATE m_card_grade_up_item SET content_id = 1802 WHERE content_id = 1800 AND card_id = 401063008;
UPDATE m_card_grade_up_item SET content_id = 1802 WHERE content_id = 1800 AND card_id = 401073001;
UPDATE m_card_grade_up_item SET content_id = 1802 WHERE content_id = 1800 AND card_id = 401073002;
UPDATE m_card_grade_up_item SET content_id = 1802 WHERE content_id = 1800 AND card_id = 401073003;
UPDATE m_card_grade_up_item SET content_id = 1802 WHERE content_id = 1800 AND card_id = 401073004;
UPDATE m_card_grade_up_item SET content_id = 1802 WHERE content_id = 1800 AND card_id = 401073005;
UPDATE m_card_grade_up_item SET content_id = 1802 WHERE content_id = 1800 AND card_id = 401073006;
UPDATE m_card_grade_up_item SET content_id = 1802 WHERE content_id = 1800 AND card_id = 401073007;
UPDATE m_card_grade_up_item SET content_id = 1802 WHERE content_id = 1800 AND card_id = 401073008;
UPDATE m_card_grade_up_item SET content_id = 1802 WHERE content_id = 1800 AND card_id = 401083001;
UPDATE m_card_grade_up_item SET content_id = 1802 WHERE content_id = 1800 AND card_id = 401083002;
UPDATE m_card_grade_up_item SET content_id = 1802 WHERE content_id = 1800 AND card_id = 401083003;
UPDATE m_card_grade_up_item SET content_id = 1802 WHERE content_id = 1800 AND card_id = 401083004;
UPDATE m_card_grade_up_item SET content_id = 1802 WHERE content_id = 1800 AND card_id = 401083005;
UPDATE m_card_grade_up_item SET content_id = 1802 WHERE content_id = 1800 AND card_id = 401083006;
UPDATE m_card_grade_up_item SET content_id = 1802 WHERE content_id = 1800 AND card_id = 401083007;
UPDATE m_card_grade_up_item SET content_id = 1802 WHERE content_id = 1800 AND card_id = 401083008;
UPDATE m_card_grade_up_item SET content_id = 1802 WHERE content_id = 1800 AND card_id = 401083009;
UPDATE m_card_grade_up_item SET content_id = 1802 WHERE content_id = 1800 AND card_id = 401093001;
UPDATE m_card_grade_up_item SET content_id = 1802 WHERE content_id = 1800 AND card_id = 401093002;
UPDATE m_card_grade_up_item SET content_id = 1802 WHERE content_id = 1800 AND card_id = 401093003;
UPDATE m_card_grade_up_item SET content_id = 1802 WHERE content_id = 1800 AND card_id = 401093004;
UPDATE m_card_grade_up_item SET content_id = 1802 WHERE content_id = 1800 AND card_id = 401093005;
UPDATE m_card_grade_up_item SET content_id = 1802 WHERE content_id = 1800 AND card_id = 401093006;
UPDATE m_card_grade_up_item SET content_id = 1802 WHERE content_id = 1800 AND card_id = 401093007;
UPDATE m_card_grade_up_item SET content_id = 1802 WHERE content_id = 1800 AND card_id = 401093008;
UPDATE m_card_grade_up_item SET content_id = 1802 WHERE content_id = 1800 AND card_id = 402013001;
UPDATE m_card_grade_up_item SET content_id = 1802 WHERE content_id = 1800 AND card_id = 402013002;
UPDATE m_card_grade_up_item SET content_id = 1802 WHERE content_id = 1800 AND card_id = 402013003;
UPDATE m_card_grade_up_item SET content_id = 1802 WHERE content_id = 1800 AND card_id = 402013004;
UPDATE m_card_grade_up_item SET content_id = 1802 WHERE content_id = 1800 AND card_id = 402013005;
UPDATE m_card_grade_up_item SET content_id = 1802 WHERE content_id = 1800 AND card_id = 402013006;
UPDATE m_card_grade_up_item SET content_id = 1802 WHERE content_id = 1800 AND card_id = 402013007;
UPDATE m_card_grade_up_item SET content_id = 1802 WHERE content_id = 1800 AND card_id = 402023001;
UPDATE m_card_grade_up_item SET content_id = 1802 WHERE content_id = 1800 AND card_id = 402023002;
UPDATE m_card_grade_up_item SET content_id = 1802 WHERE content_id = 1800 AND card_id = 402023003;
UPDATE m_card_grade_up_item SET content_id = 1802 WHERE content_id = 1800 AND card_id = 402023004;
UPDATE m_card_grade_up_item SET content_id = 1802 WHERE content_id = 1800 AND card_id = 402023005;
UPDATE m_card_grade_up_item SET content_id = 1802 WHERE content_id = 1800 AND card_id = 402023006;
UPDATE m_card_grade_up_item SET content_id = 1802 WHERE content_id = 1800 AND card_id = 402023007;
UPDATE m_card_grade_up_item SET content_id = 1802 WHERE content_id = 1800 AND card_id = 402033001;
UPDATE m_card_grade_up_item SET content_id = 1802 WHERE content_id = 1800 AND card_id = 402033002;
UPDATE m_card_grade_up_item SET content_id = 1802 WHERE content_id = 1800 AND card_id = 402033003;
UPDATE m_card_grade_up_item SET content_id = 1802 WHERE content_id = 1800 AND card_id = 402033004;
UPDATE m_card_grade_up_item SET content_id = 1802 WHERE content_id = 1800 AND card_id = 402033005;
UPDATE m_card_grade_up_item SET content_id = 1802 WHERE content_id = 1800 AND card_id = 402033006;
UPDATE m_card_grade_up_item SET content_id = 1802 WHERE content_id = 1800 AND card_id = 402033007;
UPDATE m_card_grade_up_item SET content_id = 1802 WHERE content_id = 1800 AND card_id = 402033008;
UPDATE m_card_grade_up_item SET content_id = 1802 WHERE content_id = 1800 AND card_id = 402043001;
UPDATE m_card_grade_up_item SET content_id = 1802 WHERE content_id = 1800 AND card_id = 402043002;
UPDATE m_card_grade_up_item SET content_id = 1802 WHERE content_id = 1800 AND card_id = 402043003;
UPDATE m_card_grade_up_item SET content_id = 1802 WHERE content_id = 1800 AND card_id = 402043004;
UPDATE m_card_grade_up_item SET content_id = 1802 WHERE content_id = 1800 AND card_id = 402043005;
UPDATE m_card_grade_up_item SET content_id = 1802 WHERE content_id = 1800 AND card_id = 402043006;
UPDATE m_card_grade_up_item SET content_id = 1802 WHERE content_id = 1800 AND card_id = 402043007;
UPDATE m_card_grade_up_item SET content_id = 1802 WHERE content_id = 1800 AND card_id = 402043008;
UPDATE m_card_grade_up_item SET content_id = 1802 WHERE content_id = 1800 AND card_id = 402053001;
UPDATE m_card_grade_up_item SET content_id = 1802 WHERE content_id = 1800 AND card_id = 402053002;
UPDATE m_card_grade_up_item SET content_id = 1802 WHERE content_id = 1800 AND card_id = 402053003;
UPDATE m_card_grade_up_item SET content_id = 1802 WHERE content_id = 1800 AND card_id = 402053004;
UPDATE m_card_grade_up_item SET content_id = 1802 WHERE content_id = 1800 AND card_id = 402053005;
UPDATE m_card_grade_up_item SET content_id = 1802 WHERE content_id = 1800 AND card_id = 402053006;
UPDATE m_card_grade_up_item SET content_id = 1802 WHERE content_id = 1800 AND card_id = 402053007;
UPDATE m_card_grade_up_item SET content_id = 1802 WHERE content_id = 1800 AND card_id = 402053008;
UPDATE m_card_grade_up_item SET content_id = 1802 WHERE content_id = 1800 AND card_id = 402053009;
UPDATE m_card_grade_up_item SET content_id = 1802 WHERE content_id = 1800 AND card_id = 402053010;
UPDATE m_card_grade_up_item SET content_id = 1802 WHERE content_id = 1800 AND card_id = 402063001;
UPDATE m_card_grade_up_item SET content_id = 1802 WHERE content_id = 1800 AND card_id = 402063002;
UPDATE m_card_grade_up_item SET content_id = 1802 WHERE content_id = 1800 AND card_id = 402063003;
UPDATE m_card_grade_up_item SET content_id = 1802 WHERE content_id = 1800 AND card_id = 402063004;
UPDATE m_card_grade_up_item SET content_id = 1802 WHERE content_id = 1800 AND card_id = 402063005;
UPDATE m_card_grade_up_item SET content_id = 1802 WHERE content_id = 1800 AND card_id = 402063006;
UPDATE m_card_grade_up_item SET content_id = 1802 WHERE content_id = 1800 AND card_id = 402063007;
UPDATE m_card_grade_up_item SET content_id = 1802 WHERE content_id = 1800 AND card_id = 402063008;
UPDATE m_card_grade_up_item SET content_id = 1802 WHERE content_id = 1800 AND card_id = 402073001;
UPDATE m_card_grade_up_item SET content_id = 1802 WHERE content_id = 1800 AND card_id = 402073002;
UPDATE m_card_grade_up_item SET content_id = 1802 WHERE content_id = 1800 AND card_id = 402073003;
UPDATE m_card_grade_up_item SET content_id = 1802 WHERE content_id = 1800 AND card_id = 402073004;
UPDATE m_card_grade_up_item SET content_id = 1802 WHERE content_id = 1800 AND card_id = 402073005;
UPDATE m_card_grade_up_item SET content_id = 1802 WHERE content_id = 1800 AND card_id = 402073006;
UPDATE m_card_grade_up_item SET content_id = 1802 WHERE content_id = 1800 AND card_id = 402073007;
UPDATE m_card_grade_up_item SET content_id = 1802 WHERE content_id = 1800 AND card_id = 402073008;
UPDATE m_card_grade_up_item SET content_id = 1802 WHERE content_id = 1800 AND card_id = 402083001;
UPDATE m_card_grade_up_item SET content_id = 1802 WHERE content_id = 1800 AND card_id = 402083002;
UPDATE m_card_grade_up_item SET content_id = 1802 WHERE content_id = 1800 AND card_id = 402083003;
UPDATE m_card_grade_up_item SET content_id = 1802 WHERE content_id = 1800 AND card_id = 402083004;
UPDATE m_card_grade_up_item SET content_id = 1802 WHERE content_id = 1800 AND card_id = 402083005;
UPDATE m_card_grade_up_item SET content_id = 1802 WHERE content_id = 1800 AND card_id = 402083006;
UPDATE m_card_grade_up_item SET content_id = 1802 WHERE content_id = 1800 AND card_id = 402083007;
UPDATE m_card_grade_up_item SET content_id = 1802 WHERE content_id = 1800 AND card_id = 402083008;
UPDATE m_card_grade_up_item SET content_id = 1802 WHERE content_id = 1800 AND card_id = 402093001;
UPDATE m_card_grade_up_item SET content_id = 1802 WHERE content_id = 1800 AND card_id = 402093002;
UPDATE m_card_grade_up_item SET content_id = 1802 WHERE content_id = 1800 AND card_id = 402093003;
UPDATE m_card_grade_up_item SET content_id = 1802 WHERE content_id = 1800 AND card_id = 402093004;
UPDATE m_card_grade_up_item SET content_id = 1802 WHERE content_id = 1800 AND card_id = 402093005;
UPDATE m_card_grade_up_item SET content_id = 1802 WHERE content_id = 1800 AND card_id = 402093006;
UPDATE m_card_grade_up_item SET content_id = 1802 WHERE content_id = 1800 AND card_id = 402093007;
UPDATE m_card_grade_up_item SET content_id = 1802 WHERE content_id = 1800 AND card_id = 402103001;
UPDATE m_card_grade_up_item SET content_id = 1802 WHERE content_id = 1800 AND card_id = 402103002;
UPDATE m_card_grade_up_item SET content_id = 1802 WHERE content_id = 1800 AND card_id = 402103003;
UPDATE m_card_grade_up_item SET content_id = 1802 WHERE content_id = 1800 AND card_id = 402103004;
UPDATE m_card_grade_up_item SET content_id = 1802 WHERE content_id = 1800 AND card_id = 402103005;
UPDATE m_card_grade_up_item SET content_id = 1802 WHERE content_id = 1800 AND card_id = 402113001;
UPDATE m_card_grade_up_item SET content_id = 1802 WHERE content_id = 1800 AND card_id = 402113002;
UPDATE m_card_grade_up_item SET content_id = 1802 WHERE content_id = 1800 AND card_id = 402113003;
UPDATE m_card_grade_up_item SET content_id = 1802 WHERE content_id = 1800 AND card_id = 402113004;
UPDATE m_card_grade_up_item SET content_id = 1802 WHERE content_id = 1800 AND card_id = 402123001;
UPDATE m_card_grade_up_item SET content_id = 1802 WHERE content_id = 1800 AND card_id = 402123002;
UPDATE m_card_grade_up_item SET content_id = 1802 WHERE content_id = 1800 AND card_id = 402123003;
UPDATE m_card_grade_up_item SET content_id = 1802 WHERE content_id = 1800 AND card_id = 402123004;
-- END

-- OTHER CHANGES
-- replace pre-render MV with realtime (save hundred megabyte drive)
UPDATE m_story_main_cell SET live_difficulty_id = 12036301 WHERE id = 20002;
UPDATE m_story_main_cell SET live_difficulty_id = 12035301 WHERE id = 22021;
UPDATE m_story_main_cell SET live_difficulty_id = 12056301 WHERE id = 28021;
UPDATE m_live_member_mapping SET suit_master_id = 102102001 WHERE member_master_id = 210 AND mapping_id = 12056;
UPDATE m_live_member_mapping SET suit_master_id = 102112001 WHERE member_master_id = 211 AND mapping_id = 12056;
UPDATE m_live_member_mapping SET suit_master_id = 102122001 WHERE member_master_id = 212 AND mapping_id = 12056;
DELETE FROM m_live_movie;
DELETE FROM m_live WHERE display_order >= 90000000 AND display_order <= 90000010;
DELETE FROM m_live_difficulty WHERE live_id >= 92990 AND live_id <= 93000;
-- disabled useless setting
UPDATE m_home_menu_button_setting SET visible = 0;
-- fixed some songs not unlocked (mynet didn't properly to bond story song)
UPDATE m_live_difficulty SET unlock_pattern = 1 WHERE unlock_pattern = 4;
UPDATE m_story_member SET unlock_live_id = NULL;
-- correct m_user_rank same as official
UPDATE m_user_rank SET max_lp = 160 WHERE rank >= 60 AND rank <= 69;
UPDATE m_user_rank SET max_lp = 170 WHERE rank >= 70 AND rank <= 79;
UPDATE m_user_rank SET max_lp = 180 WHERE rank >= 80 AND rank <= 89;
UPDATE m_user_rank SET max_lp = 190 WHERE rank >= 90 AND rank <= 99;
UPDATE m_user_rank SET max_lp = 200 WHERE rank >= 100 AND rank <= 109;
UPDATE m_user_rank SET max_lp = 210 WHERE rank >= 110 AND rank <= 119;
UPDATE m_user_rank SET max_lp = 220 WHERE rank >= 120 AND rank <= 129;
UPDATE m_user_rank SET max_lp = 230 WHERE rank >= 130 AND rank <= 139;
UPDATE m_user_rank SET max_lp = 240 WHERE rank >= 140 AND rank <= 149;
UPDATE m_user_rank SET max_lp = 250 WHERE rank >= 150 AND rank <= 159;
UPDATE m_user_rank SET max_lp = 260 WHERE rank >= 160 AND rank <= 169;
UPDATE m_user_rank SET max_lp = 270 WHERE rank >= 170 AND rank <= 179;
UPDATE m_user_rank SET max_lp = 280 WHERE rank >= 180 AND rank <= 189;
UPDATE m_user_rank SET max_lp = 290 WHERE rank >= 190 AND rank <= 199;
UPDATE m_user_rank SET max_lp = 300 WHERE rank >= 200 AND rank <= 209;
UPDATE m_user_rank SET max_lp = 310 WHERE rank >= 210 AND rank <= 219;
UPDATE m_user_rank SET max_lp = 320 WHERE rank >= 220 AND rank <= 229;
UPDATE m_user_rank SET max_lp = 330 WHERE rank >= 230 AND rank <= 239;
UPDATE m_user_rank SET max_lp = 340 WHERE rank >= 240 AND rank <= 249;
UPDATE m_user_rank SET max_lp = 350 WHERE rank >= 250 AND rank <= 259;
UPDATE m_user_rank SET max_lp = 360 WHERE rank >= 260 AND rank <= 269;
UPDATE m_user_rank SET max_lp = 370 WHERE rank >= 270 AND rank <= 279;
UPDATE m_user_rank SET max_lp = 380 WHERE rank >= 280 AND rank <= 289;
UPDATE m_user_rank SET max_lp = 390 WHERE rank >= 290 AND rank <= 299;
UPDATE m_user_rank SET max_lp = 400 WHERE rank >= 300 AND rank <= 309;
UPDATE m_user_rank SET max_lp = 410 WHERE rank >= 310 AND rank <= 319;
UPDATE m_user_rank SET max_lp = 420 WHERE rank = 320;
-- UPDATE m_user_rank SET additional_accessory_limit = 10 WHERE rank >= 2 AND rank <= 320;
-- UPDATE m_constant_int SET value = 1000 WHERE constant_int = 154;
-- increase limit name (doesn't not work)
-- UPDATE m_constant_int SET value = 255 WHERE constant_int = 36;
-- UPDATE m_constant_int SET value = 255 WHERE constant_int >= 78 AND constant_int <= 81;
-- (dev) start sbl only 1 person
-- UPDATE m_constant_int SET value = 4 WHERE constant_int = 142;
-- (dev) disable timer start sbl
-- UPDATE m_constant_int SET value = 0 WHERE constant_int = 138;
-- increase limit skip ticket
UPDATE m_constant_int SET value = 100 WHERE constant_int = 173;
-- make all member use swimsuit in tutorial
-- ALTER TABLE m_live_difficulty_override_member_mapping DROP CONSTRAINT suit_non_playable_master_id;
-- ALTER TABLE m_live_difficulty_override_member_mapping DROP CONSTRAINT member_non_playable_master_id;
UPDATE m_live_difficulty_override_member_mapping SET suit_master_id = 300104 WHERE member_master_id = 1;
UPDATE m_live_difficulty_override_member_mapping SET suit_master_id = 300204 WHERE member_master_id = 2;
UPDATE m_live_difficulty_override_member_mapping SET suit_master_id = 300304 WHERE member_master_id = 3;
UPDATE m_live_difficulty_override_member_mapping SET suit_master_id = 300404 WHERE member_master_id = 4;
UPDATE m_live_difficulty_override_member_mapping SET suit_master_id = 300504 WHERE member_master_id = 5;
UPDATE m_live_difficulty_override_member_mapping SET suit_master_id = 300604 WHERE member_master_id = 6;
UPDATE m_live_difficulty_override_member_mapping SET suit_master_id = 300711 WHERE member_master_id = 7;
UPDATE m_live_difficulty_override_member_mapping SET suit_master_id = 300804 WHERE member_master_id = 8;
UPDATE m_live_difficulty_override_member_mapping SET suit_master_id = 300915 WHERE member_master_id = 9;
UPDATE m_live_difficulty_override_member_mapping SET suit_master_id = 310105 WHERE member_master_id = 101;
UPDATE m_live_difficulty_override_member_mapping SET suit_master_id = 310205 WHERE member_master_id = 102;
UPDATE m_live_difficulty_override_member_mapping SET suit_master_id = 310305 WHERE member_master_id = 103;
UPDATE m_live_difficulty_override_member_mapping SET suit_master_id = 310415 WHERE member_master_id = 104;
UPDATE m_live_difficulty_override_member_mapping SET suit_master_id = 310505 WHERE member_master_id = 105;
UPDATE m_live_difficulty_override_member_mapping SET suit_master_id = 310605 WHERE member_master_id = 106;
UPDATE m_live_difficulty_override_member_mapping SET suit_master_id = 310705 WHERE member_master_id = 107;
UPDATE m_live_difficulty_override_member_mapping SET suit_master_id = 310805 WHERE member_master_id = 108;
UPDATE m_live_difficulty_override_member_mapping SET suit_master_id = 310905 WHERE member_master_id = 109;
UPDATE m_live_difficulty_override_member_mapping SET suit_master_id = 320103 WHERE member_master_id = 201;
UPDATE m_live_difficulty_override_member_mapping SET suit_master_id = 320203 WHERE member_master_id = 202;
UPDATE m_live_difficulty_override_member_mapping SET suit_master_id = 320313 WHERE member_master_id = 203;
UPDATE m_live_difficulty_override_member_mapping SET suit_master_id = 320403 WHERE member_master_id = 204;
UPDATE m_live_difficulty_override_member_mapping SET suit_master_id = 320503 WHERE member_master_id = 205;
UPDATE m_live_difficulty_override_member_mapping SET suit_master_id = 320613 WHERE member_master_id = 206;
UPDATE m_live_difficulty_override_member_mapping SET suit_master_id = 320703 WHERE member_master_id = 207;
UPDATE m_live_difficulty_override_member_mapping SET suit_master_id = 320803 WHERE member_master_id = 208;
UPDATE m_live_difficulty_override_member_mapping SET suit_master_id = 320913 WHERE member_master_id = 209;
-- UPDATE m_live_difficulty_override_member_mapping SET suit_non_playable_master_id = 321013 WHERE member_non_playable_master_id = 210;
UPDATE m_live_difficulty_override_member_mapping SET suit_master_id = 321113 WHERE member_master_id = 211;
UPDATE m_live_difficulty_override_member_mapping SET suit_master_id = 321213 WHERE member_master_id = 212;
-- updated quality settings
UPDATE m_live_quality_setting SET frame_rate_60fps = 0;
-- unlock bond story
UPDATE m_story_member_open SET start_at = 0;
UPDATE m_story_member_open SET end_at = 2147483647;
-- add reference book
INSERT INTO "m_reference_book" VALUES (1015, 'k.elichika_title_1', 'k.elichika_description_1', 'Qc', 'k.elichika_link_1', NULL, 15);
INSERT INTO "m_reference_book" VALUES (1016, 'k.elichika_title_2', 'k.elichika_description_2', 'Qc', 'k.elichika_link_2', NULL, 16);
INSERT INTO "m_reference_book" VALUES (1017, 'k.elichika_title_3', 'k.elichika_description_3', 'Qc', 'k.elichika_link_3', NULL, 17);
INSERT INTO "m_reference_book" VALUES (1018, 'k.elichika_title_4', 'k.elichika_description_4', 'Qc', 'k.elichika_link_4', NULL, 18);
INSERT INTO "m_reference_book" VALUES (1019, 'k.elichika_title_5', 'k.elichika_description_5', 'Qc', 'k.elichika_link_5', NULL, 19);
INSERT INTO "m_reference_book" VALUES (1020, 'k.elichika_title_6', 'k.elichika_description_6', 'Qc', 'k.elichika_link_6', NULL, 20);
INSERT INTO "m_reference_book" VALUES (1021, 'k.elichika_title_7', 'k.elichika_description_7', 'Qc', 'k.elichika_link_7', NULL, 21);
-- fix display sort costume
UPDATE m_suit SET display_order = 1998414 WHERE id = 100011001;
UPDATE m_suit SET display_order = 1998415 WHERE id = 100021001;
UPDATE m_suit SET display_order = 1998416 WHERE id = 100031001;
UPDATE m_suit SET display_order = 1998417 WHERE id = 100041001;
UPDATE m_suit SET display_order = 1998418 WHERE id = 100051001;
UPDATE m_suit SET display_order = 1998419 WHERE id = 100061001;
UPDATE m_suit SET display_order = 1998420 WHERE id = 100071001;
UPDATE m_suit SET display_order = 1998421 WHERE id = 100081001;
UPDATE m_suit SET display_order = 1998422 WHERE id = 100091001;
UPDATE m_suit SET display_order = 1998423 WHERE id = 101011001;
UPDATE m_suit SET display_order = 1998424 WHERE id = 101021001;
UPDATE m_suit SET display_order = 1998425 WHERE id = 101031001;
UPDATE m_suit SET display_order = 1998426 WHERE id = 101041001;
UPDATE m_suit SET display_order = 1998427 WHERE id = 101051001;
UPDATE m_suit SET display_order = 1998428 WHERE id = 101061001;
UPDATE m_suit SET display_order = 1998429 WHERE id = 101071001;
UPDATE m_suit SET display_order = 1998430 WHERE id = 101081001;
UPDATE m_suit SET display_order = 1998431 WHERE id = 101091001;
UPDATE m_suit SET display_order = 1998432 WHERE id = 102011001;
UPDATE m_suit SET display_order = 1998433 WHERE id = 102021001;
UPDATE m_suit SET display_order = 1998434 WHERE id = 102031001;
UPDATE m_suit SET display_order = 1998435 WHERE id = 102041001;
UPDATE m_suit SET display_order = 1998436 WHERE id = 102051001;
UPDATE m_suit SET display_order = 1998437 WHERE id = 102061001;
UPDATE m_suit SET display_order = 1998438 WHERE id = 102071001;
UPDATE m_suit SET display_order = 1998439 WHERE id = 102081001;
UPDATE m_suit SET display_order = 1998440 WHERE id = 102091001;
UPDATE m_suit SET display_order = 1998441 WHERE id = 100012001;
UPDATE m_suit SET display_order = 1998442 WHERE id = 100022001;
UPDATE m_suit SET display_order = 1998443 WHERE id = 100032001;
UPDATE m_suit SET display_order = 1998444 WHERE id = 100042001;
UPDATE m_suit SET display_order = 1998445 WHERE id = 100052001;
UPDATE m_suit SET display_order = 1998446 WHERE id = 100062001;
UPDATE m_suit SET display_order = 1998447 WHERE id = 100072001;
UPDATE m_suit SET display_order = 1998448 WHERE id = 100082001;
UPDATE m_suit SET display_order = 1998449 WHERE id = 100092001;
UPDATE m_suit SET display_order = 1998450 WHERE id = 101012001;
UPDATE m_suit SET display_order = 1998451 WHERE id = 101022001;
UPDATE m_suit SET display_order = 1998452 WHERE id = 101032001;
UPDATE m_suit SET display_order = 1998453 WHERE id = 101042001;
UPDATE m_suit SET display_order = 1998454 WHERE id = 101052001;
UPDATE m_suit SET display_order = 1998455 WHERE id = 101062001;
UPDATE m_suit SET display_order = 1998456 WHERE id = 101072001;
UPDATE m_suit SET display_order = 1998457 WHERE id = 101082001;
UPDATE m_suit SET display_order = 1998458 WHERE id = 101092001;
UPDATE m_suit SET display_order = 1998459 WHERE id = 102012001;
UPDATE m_suit SET display_order = 1998460 WHERE id = 102022001;
UPDATE m_suit SET display_order = 1998461 WHERE id = 102032001;
UPDATE m_suit SET display_order = 1998462 WHERE id = 102042001;
UPDATE m_suit SET display_order = 1998463 WHERE id = 102052001;
UPDATE m_suit SET display_order = 1998464 WHERE id = 102062001;
UPDATE m_suit SET display_order = 1998465 WHERE id = 102072001;
UPDATE m_suit SET display_order = 1998466 WHERE id = 102082001;
UPDATE m_suit SET display_order = 1998467 WHERE id = 102092001;
UPDATE m_suit SET display_order = 1998468 WHERE id = 100013001;
UPDATE m_suit SET display_order = 1998469 WHERE id = 100023001;
UPDATE m_suit SET display_order = 1998470 WHERE id = 100033001;
UPDATE m_suit SET display_order = 1998471 WHERE id = 100043001;
UPDATE m_suit SET display_order = 1998472 WHERE id = 100053001;
UPDATE m_suit SET display_order = 1998473 WHERE id = 100063001;
UPDATE m_suit SET display_order = 1998474 WHERE id = 100073001;
UPDATE m_suit SET display_order = 1998475 WHERE id = 100083001;
UPDATE m_suit SET display_order = 1998476 WHERE id = 100093001;
UPDATE m_suit SET display_order = 1998477 WHERE id = 101013001;
UPDATE m_suit SET display_order = 1998478 WHERE id = 101023001;
UPDATE m_suit SET display_order = 1998479 WHERE id = 101033001;
UPDATE m_suit SET display_order = 1998480 WHERE id = 101043001;
UPDATE m_suit SET display_order = 1998481 WHERE id = 101053001;
UPDATE m_suit SET display_order = 1998482 WHERE id = 101063001;
UPDATE m_suit SET display_order = 1998483 WHERE id = 101073001;
UPDATE m_suit SET display_order = 1998484 WHERE id = 101083001;
UPDATE m_suit SET display_order = 1998485 WHERE id = 101093001;
UPDATE m_suit SET display_order = 1998486 WHERE id = 202043001;
UPDATE m_suit SET display_order = 1998487 WHERE id = 202073001;
UPDATE m_suit SET display_order = 1998488 WHERE id = 302032001;
UPDATE m_suit SET display_order = 1998489 WHERE id = 402012001;
UPDATE m_suit SET display_order = 1998490 WHERE id = 402022001;
UPDATE m_suit SET display_order = 1998491 WHERE id = 402052001;
UPDATE m_suit SET display_order = 1998492 WHERE id = 402062001;
UPDATE m_suit SET display_order = 1998493 WHERE id = 402082001;
UPDATE m_suit SET display_order = 1998494 WHERE id = 402092001;
UPDATE m_suit SET display_order = 1998495 WHERE id = 100013101;
UPDATE m_suit SET display_order = 1998496 WHERE id = 100023101;
UPDATE m_suit SET display_order = 1998497 WHERE id = 100033101;
UPDATE m_suit SET display_order = 1998498 WHERE id = 100043101;
UPDATE m_suit SET display_order = 1998499 WHERE id = 100053101;
UPDATE m_suit SET display_order = 1998500 WHERE id = 100063101;
UPDATE m_suit SET display_order = 1998501 WHERE id = 100073101;
UPDATE m_suit SET display_order = 1998502 WHERE id = 100083101;
UPDATE m_suit SET display_order = 1998503 WHERE id = 100093101;
UPDATE m_suit SET display_order = 1998504 WHERE id = 101013101;
UPDATE m_suit SET display_order = 1998505 WHERE id = 101023101;
UPDATE m_suit SET display_order = 1998506 WHERE id = 101033101;
UPDATE m_suit SET display_order = 1998507 WHERE id = 101043101;
UPDATE m_suit SET display_order = 1998508 WHERE id = 101053101;
UPDATE m_suit SET display_order = 1998509 WHERE id = 101063101;
UPDATE m_suit SET display_order = 1998510 WHERE id = 101073101;
UPDATE m_suit SET display_order = 1998511 WHERE id = 101083101;
UPDATE m_suit SET display_order = 1998512 WHERE id = 101093101;
UPDATE m_suit SET display_order = 1998513 WHERE id = 400013001;
UPDATE m_suit SET display_order = 1998514 WHERE id = 202063001;
UPDATE m_suit SET display_order = 1998515 WHERE id = 202083001;
UPDATE m_suit SET display_order = 1998516 WHERE id = 300022001;
UPDATE m_suit SET display_order = 1998517 WHERE id = 300033001;
UPDATE m_suit SET display_order = 1998518 WHERE id = 300043001;
UPDATE m_suit SET display_order = 1998519 WHERE id = 300052001;
UPDATE m_suit SET display_order = 1998520 WHERE id = 300062001;
UPDATE m_suit SET display_order = 1998521 WHERE id = 300072001;
UPDATE m_suit SET display_order = 1998522 WHERE id = 301023001;
UPDATE m_suit SET display_order = 1998523 WHERE id = 301033001;
UPDATE m_suit SET display_order = 1998524 WHERE id = 301043001;
UPDATE m_suit SET display_order = 1998525 WHERE id = 301052001;
UPDATE m_suit SET display_order = 1998526 WHERE id = 301063001;
UPDATE m_suit SET display_order = 1998527 WHERE id = 301072001;
UPDATE m_suit SET display_order = 1998528 WHERE id = 302022001;
UPDATE m_suit SET display_order = 1998529 WHERE id = 302042001;
UPDATE m_suit SET display_order = 1998530 WHERE id = 302072001;
UPDATE m_suit SET display_order = 1998531 WHERE id = 302092001;
UPDATE m_suit SET display_order = 1998532 WHERE id = 400083001;
UPDATE m_suit SET display_order = 1998533 WHERE id = 400092001;
UPDATE m_suit SET display_order = 1998534 WHERE id = 401012001;
UPDATE m_suit SET display_order = 1998535 WHERE id = 401082001;
UPDATE m_suit SET display_order = 1998536 WHERE id = 401093001;
UPDATE m_suit SET display_order = 1998537 WHERE id = 402013001;
UPDATE m_suit SET display_order = 1998538 WHERE id = 402033001;
UPDATE m_suit SET display_order = 1998539 WHERE id = 402053001;
UPDATE m_suit SET display_order = 1998540 WHERE id = 400012001;
UPDATE m_suit SET display_order = 1998541 WHERE id = 200032001;
UPDATE m_suit SET display_order = 1998542 WHERE id = 200063001;
UPDATE m_suit SET display_order = 1998543 WHERE id = 201053001;
UPDATE m_suit SET display_order = 1998544 WHERE id = 201092001;
UPDATE m_suit SET display_order = 1998545 WHERE id = 300023001;
UPDATE m_suit SET display_order = 1998546 WHERE id = 300053001;
UPDATE m_suit SET display_order = 1998547 WHERE id = 300082001;
UPDATE m_suit SET display_order = 1998548 WHERE id = 300093001;
UPDATE m_suit SET display_order = 1998549 WHERE id = 301013001;
UPDATE m_suit SET display_order = 1998550 WHERE id = 301032001;
UPDATE m_suit SET display_order = 1998551 WHERE id = 301042001;
UPDATE m_suit SET display_order = 1998552 WHERE id = 301062001;
UPDATE m_suit SET display_order = 1998553 WHERE id = 302012001;
UPDATE m_suit SET display_order = 1998554 WHERE id = 302023001;
UPDATE m_suit SET display_order = 1998555 WHERE id = 302052001;
UPDATE m_suit SET display_order = 1998556 WHERE id = 302062001;
UPDATE m_suit SET display_order = 1998557 WHERE id = 302082001;
UPDATE m_suit SET display_order = 1998558 WHERE id = 302093001;
UPDATE m_suit SET display_order = 1998559 WHERE id = 400042001;
UPDATE m_suit SET display_order = 1998560 WHERE id = 400073001;
UPDATE m_suit SET display_order = 1998561 WHERE id = 401022001;
UPDATE m_suit SET display_order = 1998562 WHERE id = 401073001;
UPDATE m_suit SET display_order = 1998563 WHERE id = 401083001;
UPDATE m_suit SET display_order = 1998564 WHERE id = 402032001;
UPDATE m_suit SET display_order = 1998565 WHERE id = 402042001;
UPDATE m_suit SET display_order = 1998566 WHERE id = 402072001;
UPDATE m_suit SET display_order = 1998567 WHERE id = 200012001;
UPDATE m_suit SET display_order = 1998568 WHERE id = 200033001;
UPDATE m_suit SET display_order = 1998569 WHERE id = 200093001;
UPDATE m_suit SET display_order = 1998570 WHERE id = 201012001;
UPDATE m_suit SET display_order = 1998571 WHERE id = 201063001;
UPDATE m_suit SET display_order = 1998572 WHERE id = 201083001;
UPDATE m_suit SET display_order = 1998573 WHERE id = 202053001;
UPDATE m_suit SET display_order = 1998574 WHERE id = 300052002;
UPDATE m_suit SET display_order = 1998575 WHERE id = 300083001;
UPDATE m_suit SET display_order = 1998576 WHERE id = 301042002;
UPDATE m_suit SET display_order = 1998577 WHERE id = 301053001;
UPDATE m_suit SET display_order = 1998578 WHERE id = 301093001;
UPDATE m_suit SET display_order = 1998579 WHERE id = 302012002;
UPDATE m_suit SET display_order = 1998580 WHERE id = 302033001;
UPDATE m_suit SET display_order = 1998581 WHERE id = 302043001;
UPDATE m_suit SET display_order = 1998582 WHERE id = 302063001;
UPDATE m_suit SET display_order = 1998583 WHERE id = 302073001;
UPDATE m_suit SET display_order = 1998584 WHERE id = 302083001;
UPDATE m_suit SET display_order = 1998585 WHERE id = 302093002;
UPDATE m_suit SET display_order = 1998586 WHERE id = 400023001;
UPDATE m_suit SET display_order = 1998587 WHERE id = 400043001;
UPDATE m_suit SET display_order = 1998588 WHERE id = 400062001;
UPDATE m_suit SET display_order = 1998589 WHERE id = 400072001;
UPDATE m_suit SET display_order = 1998590 WHERE id = 401023001;
UPDATE m_suit SET display_order = 1998591 WHERE id = 401032001;
UPDATE m_suit SET display_order = 1998592 WHERE id = 401072001;
UPDATE m_suit SET display_order = 1998593 WHERE id = 402023001;
UPDATE m_suit SET display_order = 1998594 WHERE id = 202053101;
UPDATE m_suit SET display_order = 1998595 WHERE id = 302033101;
UPDATE m_suit SET display_order = 1998596 WHERE id = 300013001;
UPDATE m_suit SET display_order = 1998597 WHERE id = 102101001;
UPDATE m_suit SET display_order = 1998598 WHERE id = 201073001;
UPDATE m_suit SET display_order = 1998599 WHERE id = 300022002;
UPDATE m_suit SET display_order = 1998600 WHERE id = 300042001;
UPDATE m_suit SET display_order = 1998601 WHERE id = 300073001;
UPDATE m_suit SET display_order = 1998602 WHERE id = 300092001;
UPDATE m_suit SET display_order = 1998603 WHERE id = 301022001;
UPDATE m_suit SET display_order = 1998604 WHERE id = 301082001;
UPDATE m_suit SET display_order = 1998605 WHERE id = 302013001;
UPDATE m_suit SET display_order = 1998606 WHERE id = 302022002;
UPDATE m_suit SET display_order = 1998607 WHERE id = 302042002;
UPDATE m_suit SET display_order = 1998608 WHERE id = 302062002;
UPDATE m_suit SET display_order = 1998609 WHERE id = 302082002;
UPDATE m_suit SET display_order = 1998610 WHERE id = 400032001;
UPDATE m_suit SET display_order = 1998611 WHERE id = 400053001;
UPDATE m_suit SET display_order = 1998612 WHERE id = 400063001;
UPDATE m_suit SET display_order = 1998613 WHERE id = 400082001;
UPDATE m_suit SET display_order = 1998614 WHERE id = 401013001;
UPDATE m_suit SET display_order = 1998615 WHERE id = 401033001;
UPDATE m_suit SET display_order = 1998616 WHERE id = 401043001;
UPDATE m_suit SET display_order = 1998617 WHERE id = 401052001;
UPDATE m_suit SET display_order = 1998618 WHERE id = 401062001;
UPDATE m_suit SET display_order = 1998619 WHERE id = 401092001;
UPDATE m_suit SET display_order = 1998620 WHERE id = 402032002;
UPDATE m_suit SET display_order = 1998621 WHERE id = 402052002;
UPDATE m_suit SET display_order = 1998622 WHERE id = 402072002;
UPDATE m_suit SET display_order = 1998623 WHERE id = 402092002;
UPDATE m_suit SET display_order = 1998624 WHERE id = 100101;
UPDATE m_suit SET display_order = 1998625 WHERE id = 100102;
UPDATE m_suit SET display_order = 1998626 WHERE id = 100103;
UPDATE m_suit SET display_order = 1998627 WHERE id = 100104;
UPDATE m_suit SET display_order = 1998628 WHERE id = 100105;
UPDATE m_suit SET display_order = 1998629 WHERE id = 100106;
UPDATE m_suit SET display_order = 1998630 WHERE id = 100107;
UPDATE m_suit SET display_order = 1998631 WHERE id = 100108;
UPDATE m_suit SET display_order = 1998632 WHERE id = 100109;
UPDATE m_suit SET display_order = 1998633 WHERE id = 201073101;
UPDATE m_suit SET display_order = 1998634 WHERE id = 300012001;
UPDATE m_suit SET display_order = 1998635 WHERE id = 102102001;
UPDATE m_suit SET display_order = 1998636 WHERE id = 200043001;
UPDATE m_suit SET display_order = 1998637 WHERE id = 200083001;
UPDATE m_suit SET display_order = 1998638 WHERE id = 201093001;
UPDATE m_suit SET display_order = 1998639 WHERE id = 202033001;
UPDATE m_suit SET display_order = 1998640 WHERE id = 300063001;
UPDATE m_suit SET display_order = 1998641 WHERE id = 300072002;
UPDATE m_suit SET display_order = 1998642 WHERE id = 301022002;
UPDATE m_suit SET display_order = 1998643 WHERE id = 301063002;
UPDATE m_suit SET display_order = 1998644 WHERE id = 301073001;
UPDATE m_suit SET display_order = 1998645 WHERE id = 302023002;
UPDATE m_suit SET display_order = 1998646 WHERE id = 302072002;
UPDATE m_suit SET display_order = 1998647 WHERE id = 400022001;
UPDATE m_suit SET display_order = 1998648 WHERE id = 400033001;
UPDATE m_suit SET display_order = 1998649 WHERE id = 400052001;
UPDATE m_suit SET display_order = 1998650 WHERE id = 400093001;
UPDATE m_suit SET display_order = 1998651 WHERE id = 401012002;
UPDATE m_suit SET display_order = 1998652 WHERE id = 401032002;
UPDATE m_suit SET display_order = 1998653 WHERE id = 401042001;
UPDATE m_suit SET display_order = 1998654 WHERE id = 401053001;
UPDATE m_suit SET display_order = 1998655 WHERE id = 401082002;
UPDATE m_suit SET display_order = 1998656 WHERE id = 402012002;
UPDATE m_suit SET display_order = 1998657 WHERE id = 402043001;
UPDATE m_suit SET display_order = 1998658 WHERE id = 402053002;
UPDATE m_suit SET display_order = 1998659 WHERE id = 402063001;
UPDATE m_suit SET display_order = 1998660 WHERE id = 402083001;
UPDATE m_suit SET display_order = 1998661 WHERE id = 402093001;
UPDATE m_suit SET display_order = 1998662 WHERE id = 300101;
UPDATE m_suit SET display_order = 1998663 WHERE id = 300201;
UPDATE m_suit SET display_order = 1998664 WHERE id = 300301;
UPDATE m_suit SET display_order = 1998665 WHERE id = 300401;
UPDATE m_suit SET display_order = 1998666 WHERE id = 300501;
UPDATE m_suit SET display_order = 1998667 WHERE id = 300601;
UPDATE m_suit SET display_order = 1998668 WHERE id = 300701;
UPDATE m_suit SET display_order = 1998669 WHERE id = 300801;
UPDATE m_suit SET display_order = 1998670 WHERE id = 300901;
UPDATE m_suit SET display_order = 1998671 WHERE id = 310101;
UPDATE m_suit SET display_order = 1998672 WHERE id = 310201;
UPDATE m_suit SET display_order = 1998673 WHERE id = 310301;
UPDATE m_suit SET display_order = 1998674 WHERE id = 310401;
UPDATE m_suit SET display_order = 1998675 WHERE id = 310501;
UPDATE m_suit SET display_order = 1998676 WHERE id = 310601;
UPDATE m_suit SET display_order = 1998677 WHERE id = 310701;
UPDATE m_suit SET display_order = 1998678 WHERE id = 310801;
UPDATE m_suit SET display_order = 1998679 WHERE id = 310901;
UPDATE m_suit SET display_order = 1998680 WHERE id = 320101;
UPDATE m_suit SET display_order = 1998681 WHERE id = 320201;
UPDATE m_suit SET display_order = 1998682 WHERE id = 320301;
UPDATE m_suit SET display_order = 1998683 WHERE id = 320401;
UPDATE m_suit SET display_order = 1998684 WHERE id = 320501;
UPDATE m_suit SET display_order = 1998685 WHERE id = 320601;
UPDATE m_suit SET display_order = 1998686 WHERE id = 320701;
UPDATE m_suit SET display_order = 1998687 WHERE id = 320801;
UPDATE m_suit SET display_order = 1998688 WHERE id = 320901;
UPDATE m_suit SET display_order = 1998689 WHERE id = 200043101;
UPDATE m_suit SET display_order = 1998690 WHERE id = 200083101;
UPDATE m_suit SET display_order = 1998691 WHERE id = 201093101;
UPDATE m_suit SET display_order = 1998692 WHERE id = 202033101;
UPDATE m_suit SET display_order = 1998693 WHERE id = 302023102;
UPDATE m_suit SET display_order = 1998694 WHERE id = 300102;
UPDATE m_suit SET display_order = 1998695 WHERE id = 300202;
UPDATE m_suit SET display_order = 1998696 WHERE id = 300302;
UPDATE m_suit SET display_order = 1998697 WHERE id = 300402;
UPDATE m_suit SET display_order = 1998698 WHERE id = 300502;
UPDATE m_suit SET display_order = 1998699 WHERE id = 300602;
UPDATE m_suit SET display_order = 1998700 WHERE id = 300702;
UPDATE m_suit SET display_order = 1998701 WHERE id = 300802;
UPDATE m_suit SET display_order = 1998702 WHERE id = 300902;
UPDATE m_suit SET display_order = 1998703 WHERE id = 310102;
UPDATE m_suit SET display_order = 1998704 WHERE id = 310202;
UPDATE m_suit SET display_order = 1998705 WHERE id = 310302;
UPDATE m_suit SET display_order = 1998706 WHERE id = 310402;
UPDATE m_suit SET display_order = 1998707 WHERE id = 310502;
UPDATE m_suit SET display_order = 1998708 WHERE id = 310602;
UPDATE m_suit SET display_order = 1998709 WHERE id = 310702;
UPDATE m_suit SET display_order = 1998710 WHERE id = 310802;
UPDATE m_suit SET display_order = 1998711 WHERE id = 310902;
UPDATE m_suit SET display_order = 1998712 WHERE id = 320102;
UPDATE m_suit SET display_order = 1998713 WHERE id = 320202;
UPDATE m_suit SET display_order = 1998714 WHERE id = 320302;
UPDATE m_suit SET display_order = 1998715 WHERE id = 320402;
UPDATE m_suit SET display_order = 1998716 WHERE id = 320502;
UPDATE m_suit SET display_order = 1998717 WHERE id = 320602;
UPDATE m_suit SET display_order = 1998718 WHERE id = 320702;
UPDATE m_suit SET display_order = 1998719 WHERE id = 320802;
UPDATE m_suit SET display_order = 1998720 WHERE id = 320902;
UPDATE m_suit SET display_order = 1998721 WHERE id = 400013002;
UPDATE m_suit SET display_order = 1998722 WHERE id = 321003;
UPDATE m_suit SET display_order = 1998723 WHERE id = 200023001;
UPDATE m_suit SET display_order = 1998724 WHERE id = 201013001;
UPDATE m_suit SET display_order = 1998725 WHERE id = 300032001;
UPDATE m_suit SET display_order = 1998726 WHERE id = 300042002;
UPDATE m_suit SET display_order = 1998727 WHERE id = 300053002;
UPDATE m_suit SET display_order = 1998728 WHERE id = 300082002;
UPDATE m_suit SET display_order = 1998729 WHERE id = 301062002;
UPDATE m_suit SET display_order = 1998730 WHERE id = 301083001;
UPDATE m_suit SET display_order = 1998731 WHERE id = 301092001;
UPDATE m_suit SET display_order = 1998732 WHERE id = 302013002;
UPDATE m_suit SET display_order = 1998733 WHERE id = 302052002;
UPDATE m_suit SET display_order = 1998734 WHERE id = 302082003;
UPDATE m_suit SET display_order = 1998735 WHERE id = 400062002;
UPDATE m_suit SET display_order = 1998736 WHERE id = 400073002;
UPDATE m_suit SET display_order = 1998737 WHERE id = 400092002;
UPDATE m_suit SET display_order = 1998738 WHERE id = 401023002;
UPDATE m_suit SET display_order = 1998739 WHERE id = 401033002;
UPDATE m_suit SET display_order = 1998740 WHERE id = 401043002;
UPDATE m_suit SET display_order = 1998741 WHERE id = 401052002;
UPDATE m_suit SET display_order = 1998742 WHERE id = 401072002;
UPDATE m_suit SET display_order = 1998743 WHERE id = 402022002;
UPDATE m_suit SET display_order = 1998744 WHERE id = 402032003;
UPDATE m_suit SET display_order = 1998745 WHERE id = 402042002;
UPDATE m_suit SET display_order = 1998746 WHERE id = 402062002;
UPDATE m_suit SET display_order = 1998747 WHERE id = 402073001;
UPDATE m_suit SET display_order = 1998748 WHERE id = 402092003;
UPDATE m_suit SET display_order = 1998749 WHERE id = 200023101;
UPDATE m_suit SET display_order = 1998750 WHERE id = 201013101;
UPDATE m_suit SET display_order = 1998751 WHERE id = 301083101;
UPDATE m_suit SET display_order = 1998752 WHERE id = 302013102;
UPDATE m_suit SET display_order = 1998753 WHERE id = 320103;
UPDATE m_suit SET display_order = 1998754 WHERE id = 320203;
UPDATE m_suit SET display_order = 1998755 WHERE id = 320303;
UPDATE m_suit SET display_order = 1998756 WHERE id = 320403;
UPDATE m_suit SET display_order = 1998757 WHERE id = 320503;
UPDATE m_suit SET display_order = 1998758 WHERE id = 320603;
UPDATE m_suit SET display_order = 1998759 WHERE id = 320703;
UPDATE m_suit SET display_order = 1998760 WHERE id = 320803;
UPDATE m_suit SET display_order = 1998761 WHERE id = 320903;
UPDATE m_suit SET display_order = 1998762 WHERE id = 320106;
UPDATE m_suit SET display_order = 1998763 WHERE id = 320206;
UPDATE m_suit SET display_order = 1998764 WHERE id = 320306;
UPDATE m_suit SET display_order = 1998765 WHERE id = 320406;
UPDATE m_suit SET display_order = 1998766 WHERE id = 320506;
UPDATE m_suit SET display_order = 1998767 WHERE id = 320606;
UPDATE m_suit SET display_order = 1998768 WHERE id = 320706;
UPDATE m_suit SET display_order = 1998769 WHERE id = 320806;
UPDATE m_suit SET display_order = 1998770 WHERE id = 320906;
UPDATE m_suit SET display_order = 1998771 WHERE id = 321006;
UPDATE m_suit SET display_order = 1998772 WHERE id = 320108;
UPDATE m_suit SET display_order = 1998773 WHERE id = 320308;
UPDATE m_suit SET display_order = 1998774 WHERE id = 320408;
UPDATE m_suit SET display_order = 1998775 WHERE id = 320508;
UPDATE m_suit SET display_order = 1998776 WHERE id = 320608;
UPDATE m_suit SET display_order = 1998777 WHERE id = 320908;
UPDATE m_suit SET display_order = 1998778 WHERE id = 320107;
UPDATE m_suit SET display_order = 1998779 WHERE id = 320307;
UPDATE m_suit SET display_order = 1998780 WHERE id = 320407;
UPDATE m_suit SET display_order = 1998781 WHERE id = 320507;
UPDATE m_suit SET display_order = 1998782 WHERE id = 320607;
UPDATE m_suit SET display_order = 1998783 WHERE id = 320907;
UPDATE m_suit SET display_order = 1998784 WHERE id = 321007;
UPDATE m_suit SET display_order = 1998785 WHERE id = 321005;
UPDATE m_suit SET display_order = 1998786 WHERE id = 300104;
UPDATE m_suit SET display_order = 1998787 WHERE id = 300204;
UPDATE m_suit SET display_order = 1998788 WHERE id = 300304;
UPDATE m_suit SET display_order = 1998789 WHERE id = 300404;
UPDATE m_suit SET display_order = 1998790 WHERE id = 300504;
UPDATE m_suit SET display_order = 1998791 WHERE id = 300604;
UPDATE m_suit SET display_order = 1998792 WHERE id = 300704;
UPDATE m_suit SET display_order = 1998793 WHERE id = 300804;
UPDATE m_suit SET display_order = 1998794 WHERE id = 300904;
UPDATE m_suit SET display_order = 1998795 WHERE id = 310103;
UPDATE m_suit SET display_order = 1998796 WHERE id = 310105;
UPDATE m_suit SET display_order = 1998797 WHERE id = 310203;
UPDATE m_suit SET display_order = 1998798 WHERE id = 310205;
UPDATE m_suit SET display_order = 1998799 WHERE id = 310303;
UPDATE m_suit SET display_order = 1998800 WHERE id = 310305;
UPDATE m_suit SET display_order = 1998801 WHERE id = 310403;
UPDATE m_suit SET display_order = 1998802 WHERE id = 310405;
UPDATE m_suit SET display_order = 1998803 WHERE id = 310503;
UPDATE m_suit SET display_order = 1998804 WHERE id = 310505;
UPDATE m_suit SET display_order = 1998805 WHERE id = 310603;
UPDATE m_suit SET display_order = 1998806 WHERE id = 310605;
UPDATE m_suit SET display_order = 1998807 WHERE id = 310703;
UPDATE m_suit SET display_order = 1998808 WHERE id = 310705;
UPDATE m_suit SET display_order = 1998809 WHERE id = 310803;
UPDATE m_suit SET display_order = 1998810 WHERE id = 310805;
UPDATE m_suit SET display_order = 1998811 WHERE id = 310903;
UPDATE m_suit SET display_order = 1998812 WHERE id = 310905;
UPDATE m_suit SET display_order = 1998813 WHERE id = 320208;
UPDATE m_suit SET display_order = 1998814 WHERE id = 320505;
UPDATE m_suit SET display_order = 1998815 WHERE id = 200013001;
UPDATE m_suit SET display_order = 1998816 WHERE id = 200053001;
UPDATE m_suit SET display_order = 1998817 WHERE id = 201043001;
UPDATE m_suit SET display_order = 1998818 WHERE id = 202023001;
UPDATE m_suit SET display_order = 1998819 WHERE id = 202093001;
UPDATE m_suit SET display_order = 1998820 WHERE id = 202103001;
UPDATE m_suit SET display_order = 1998821 WHERE id = 300063002;
UPDATE m_suit SET display_order = 1998822 WHERE id = 300072003;
UPDATE m_suit SET display_order = 1998823 WHERE id = 300092002;
UPDATE m_suit SET display_order = 1998824 WHERE id = 301012001;
UPDATE m_suit SET display_order = 1998825 WHERE id = 301052002;
UPDATE m_suit SET display_order = 1998826 WHERE id = 302012003;
UPDATE m_suit SET display_order = 1998827 WHERE id = 400022002;
UPDATE m_suit SET display_order = 1998828 WHERE id = 400032002;
UPDATE m_suit SET display_order = 1998829 WHERE id = 400043002;
UPDATE m_suit SET display_order = 1998830 WHERE id = 400083002;
UPDATE m_suit SET display_order = 1998831 WHERE id = 401022002;
UPDATE m_suit SET display_order = 1998832 WHERE id = 401032003;
UPDATE m_suit SET display_order = 1998833 WHERE id = 401063001;
UPDATE m_suit SET display_order = 1998834 WHERE id = 401072003;
UPDATE m_suit SET display_order = 1998835 WHERE id = 401083002;
UPDATE m_suit SET display_order = 1998836 WHERE id = 401093002;
UPDATE m_suit SET display_order = 1998837 WHERE id = 402033002;
UPDATE m_suit SET display_order = 1998838 WHERE id = 402043002;
UPDATE m_suit SET display_order = 1998839 WHERE id = 402053003;
UPDATE m_suit SET display_order = 1998840 WHERE id = 402062003;
UPDATE m_suit SET display_order = 1998841 WHERE id = 402073002;
UPDATE m_suit SET display_order = 1998842 WHERE id = 402083002;
UPDATE m_suit SET display_order = 1998843 WHERE id = 200013101;
UPDATE m_suit SET display_order = 1998844 WHERE id = 320105;
UPDATE m_suit SET display_order = 1998845 WHERE id = 320305;
UPDATE m_suit SET display_order = 1998846 WHERE id = 320405;
UPDATE m_suit SET display_order = 1998847 WHERE id = 320605;
UPDATE m_suit SET display_order = 1998848 WHERE id = 320708;
UPDATE m_suit SET display_order = 1998849 WHERE id = 320808;
UPDATE m_suit SET display_order = 1998850 WHERE id = 320905;
UPDATE m_suit SET display_order = 1998851 WHERE id = 200053101;
UPDATE m_suit SET display_order = 1998852 WHERE id = 201043101;
UPDATE m_suit SET display_order = 1998853 WHERE id = 202023101;
UPDATE m_suit SET display_order = 1998854 WHERE id = 202093101;
UPDATE m_suit SET display_order = 1998855 WHERE id = 202103101;
UPDATE m_suit SET display_order = 1998856 WHERE id = 300063102;
UPDATE m_suit SET display_order = 1998857 WHERE id = 321009;
UPDATE m_suit SET display_order = 1998858 WHERE id = 320207;
UPDATE m_suit SET display_order = 1998859 WHERE id = 320707;
UPDATE m_suit SET display_order = 1998860 WHERE id = 320807;
UPDATE m_suit SET display_order = 1998861 WHERE id = 320205;
UPDATE m_suit SET display_order = 1998862 WHERE id = 320705;
UPDATE m_suit SET display_order = 1998863 WHERE id = 320805;
UPDATE m_suit SET display_order = 1998864 WHERE id = 310104;
UPDATE m_suit SET display_order = 1998865 WHERE id = 310204;
UPDATE m_suit SET display_order = 1998866 WHERE id = 310304;
UPDATE m_suit SET display_order = 1998867 WHERE id = 310404;
UPDATE m_suit SET display_order = 1998868 WHERE id = 310504;
UPDATE m_suit SET display_order = 1998869 WHERE id = 310604;
UPDATE m_suit SET display_order = 1998870 WHERE id = 310704;
UPDATE m_suit SET display_order = 1998871 WHERE id = 310804;
UPDATE m_suit SET display_order = 1998872 WHERE id = 310904;
UPDATE m_suit SET display_order = 1998873 WHERE id = 300012002;
UPDATE m_suit SET display_order = 1998874 WHERE id = 201023001;
UPDATE m_suit SET display_order = 1998875 WHERE id = 201033001;
UPDATE m_suit SET display_order = 1998876 WHERE id = 202013001;
UPDATE m_suit SET display_order = 1998877 WHERE id = 300073002;
UPDATE m_suit SET display_order = 1998878 WHERE id = 301082002;
UPDATE m_suit SET display_order = 1998879 WHERE id = 302092002;
UPDATE m_suit SET display_order = 1998880 WHERE id = 302102001;
UPDATE m_suit SET display_order = 1998881 WHERE id = 400023002;
UPDATE m_suit SET display_order = 1998882 WHERE id = 400033002;
UPDATE m_suit SET display_order = 1998883 WHERE id = 400042002;
UPDATE m_suit SET display_order = 1998884 WHERE id = 400052002;
UPDATE m_suit SET display_order = 1998885 WHERE id = 400062003;
UPDATE m_suit SET display_order = 1998886 WHERE id = 400082002;
UPDATE m_suit SET display_order = 1998887 WHERE id = 400093002;
UPDATE m_suit SET display_order = 1998888 WHERE id = 401013002;
UPDATE m_suit SET display_order = 1998889 WHERE id = 401042002;
UPDATE m_suit SET display_order = 1998890 WHERE id = 401053002;
UPDATE m_suit SET display_order = 1998891 WHERE id = 401062002;
UPDATE m_suit SET display_order = 1998892 WHERE id = 401073002;
UPDATE m_suit SET display_order = 1998893 WHERE id = 401092002;
UPDATE m_suit SET display_order = 1998894 WHERE id = 402022003;
UPDATE m_suit SET display_order = 1998895 WHERE id = 402032004;
UPDATE m_suit SET display_order = 1998896 WHERE id = 402042003;
UPDATE m_suit SET display_order = 1998897 WHERE id = 402052003;
UPDATE m_suit SET display_order = 1998898 WHERE id = 402063002;
UPDATE m_suit SET display_order = 1998899 WHERE id = 402073003;
UPDATE m_suit SET display_order = 1998900 WHERE id = 402082002;
UPDATE m_suit SET display_order = 1998901 WHERE id = 201023101;
UPDATE m_suit SET display_order = 1998902 WHERE id = 201033101;
UPDATE m_suit SET display_order = 1998903 WHERE id = 202013101;
UPDATE m_suit SET display_order = 1998904 WHERE id = 300073102;
UPDATE m_suit SET display_order = 1998905 WHERE id = 320109;
UPDATE m_suit SET display_order = 1998906 WHERE id = 320209;
UPDATE m_suit SET display_order = 1998907 WHERE id = 320309;
UPDATE m_suit SET display_order = 1998908 WHERE id = 320409;
UPDATE m_suit SET display_order = 1998909 WHERE id = 320509;
UPDATE m_suit SET display_order = 1998910 WHERE id = 320609;
UPDATE m_suit SET display_order = 1998911 WHERE id = 320709;
UPDATE m_suit SET display_order = 1998912 WHERE id = 320909;
UPDATE m_suit SET display_order = 1998913 WHERE id = 300103;
UPDATE m_suit SET display_order = 1998914 WHERE id = 300203;
UPDATE m_suit SET display_order = 1998915 WHERE id = 300303;
UPDATE m_suit SET display_order = 1998916 WHERE id = 300403;
UPDATE m_suit SET display_order = 1998917 WHERE id = 300503;
UPDATE m_suit SET display_order = 1998918 WHERE id = 300603;
UPDATE m_suit SET display_order = 1998919 WHERE id = 300703;
UPDATE m_suit SET display_order = 1998920 WHERE id = 300803;
UPDATE m_suit SET display_order = 1998921 WHERE id = 300903;
UPDATE m_suit SET display_order = 1998922 WHERE id = 400013003;
UPDATE m_suit SET display_order = 1998923 WHERE id = 200073001;
UPDATE m_suit SET display_order = 1998924 WHERE id = 202023002;
UPDATE m_suit SET display_order = 1998925 WHERE id = 202032001;
UPDATE m_suit SET display_order = 1998926 WHERE id = 202103002;
UPDATE m_suit SET display_order = 1998927 WHERE id = 300022003;
UPDATE m_suit SET display_order = 1998928 WHERE id = 300062002;
UPDATE m_suit SET display_order = 1998929 WHERE id = 301052003;
UPDATE m_suit SET display_order = 1998930 WHERE id = 301093002;
UPDATE m_suit SET display_order = 1998931 WHERE id = 302013003;
UPDATE m_suit SET display_order = 1998932 WHERE id = 302072003;
UPDATE m_suit SET display_order = 1998933 WHERE id = 400032003;
UPDATE m_suit SET display_order = 1998934 WHERE id = 400043003;
UPDATE m_suit SET display_order = 1998935 WHERE id = 400053002;
UPDATE m_suit SET display_order = 1998936 WHERE id = 400083003;
UPDATE m_suit SET display_order = 1998937 WHERE id = 400092003;
UPDATE m_suit SET display_order = 1998938 WHERE id = 401012003;
UPDATE m_suit SET display_order = 1998939 WHERE id = 401023003;
UPDATE m_suit SET display_order = 1998940 WHERE id = 401032004;
UPDATE m_suit SET display_order = 1998941 WHERE id = 401043003;
UPDATE m_suit SET display_order = 1998942 WHERE id = 401063002;
UPDATE m_suit SET display_order = 1998943 WHERE id = 401072004;
UPDATE m_suit SET display_order = 1998944 WHERE id = 401083003;
UPDATE m_suit SET display_order = 1998945 WHERE id = 402043003;
UPDATE m_suit SET display_order = 1998946 WHERE id = 402052004;
UPDATE m_suit SET display_order = 1998947 WHERE id = 402063003;
UPDATE m_suit SET display_order = 1998948 WHERE id = 402083003;
UPDATE m_suit SET display_order = 1998949 WHERE id = 402092004;
UPDATE m_suit SET display_order = 1998950 WHERE id = 200073101;
UPDATE m_suit SET display_order = 1998951 WHERE id = 202023102;
UPDATE m_suit SET display_order = 1998952 WHERE id = 202103102;
UPDATE m_suit SET display_order = 1998953 WHERE id = 301093102;
UPDATE m_suit SET display_order = 1998954 WHERE id = 302013103;
UPDATE m_suit SET display_order = 1998955 WHERE id = 300207;
UPDATE m_suit SET display_order = 1998956 WHERE id = 310207;
UPDATE m_suit SET display_order = 1998957 WHERE id = 310307;
UPDATE m_suit SET display_order = 1998958 WHERE id = 310407;
UPDATE m_suit SET display_order = 1998959 WHERE id = 310507;
UPDATE m_suit SET display_order = 1998960 WHERE id = 310607;
UPDATE m_suit SET display_order = 1998961 WHERE id = 310707;
UPDATE m_suit SET display_order = 1998962 WHERE id = 310907;
UPDATE m_suit SET display_order = 1998963 WHERE id = 320204;
UPDATE m_suit SET display_order = 1998964 WHERE id = 320211;
UPDATE m_suit SET display_order = 1998965 WHERE id = 320809;
UPDATE m_suit SET display_order = 1998966 WHERE id = 321004;
UPDATE m_suit SET display_order = 1998967 WHERE id = 321011;
UPDATE m_suit SET display_order = 1998968 WHERE id = 310208;
UPDATE m_suit SET display_order = 1998969 WHERE id = 310308;
UPDATE m_suit SET display_order = 1998970 WHERE id = 300012003;
UPDATE m_suit SET display_order = 1998971 WHERE id = 200023002;
UPDATE m_suit SET display_order = 1998972 WHERE id = 201033002;
UPDATE m_suit SET display_order = 1998973 WHERE id = 202042001;
UPDATE m_suit SET display_order = 1998974 WHERE id = 300093002;
UPDATE m_suit SET display_order = 1998975 WHERE id = 301013002;
UPDATE m_suit SET display_order = 1998976 WHERE id = 301022003;
UPDATE m_suit SET display_order = 1998977 WHERE id = 301042003;
UPDATE m_suit SET display_order = 1998978 WHERE id = 302053001;
UPDATE m_suit SET display_order = 1998979 WHERE id = 400033003;
UPDATE m_suit SET display_order = 1998980 WHERE id = 400042003;
UPDATE m_suit SET display_order = 1998981 WHERE id = 400052003;
UPDATE m_suit SET display_order = 1998982 WHERE id = 400063002;
UPDATE m_suit SET display_order = 1998983 WHERE id = 400072002;
UPDATE m_suit SET display_order = 1998984 WHERE id = 400082003;
UPDATE m_suit SET display_order = 1998985 WHERE id = 401053003;
UPDATE m_suit SET display_order = 1998986 WHERE id = 401062003;
UPDATE m_suit SET display_order = 1998987 WHERE id = 401073003;
UPDATE m_suit SET display_order = 1998988 WHERE id = 401082003;
UPDATE m_suit SET display_order = 1998989 WHERE id = 401092003;
UPDATE m_suit SET display_order = 1998990 WHERE id = 402012003;
UPDATE m_suit SET display_order = 1998991 WHERE id = 402022004;
UPDATE m_suit SET display_order = 1998992 WHERE id = 402033003;
UPDATE m_suit SET display_order = 1998993 WHERE id = 402062004;
UPDATE m_suit SET display_order = 1998994 WHERE id = 402073004;
UPDATE m_suit SET display_order = 1998995 WHERE id = 402082003;
UPDATE m_suit SET display_order = 1998996 WHERE id = 402093002;
UPDATE m_suit SET display_order = 1998997 WHERE id = 402102001;
UPDATE m_suit SET display_order = 1998998 WHERE id = 200023102;
UPDATE m_suit SET display_order = 1998999 WHERE id = 201033102;
UPDATE m_suit SET display_order = 1999000 WHERE id = 300093102;
UPDATE m_suit SET display_order = 1999001 WHERE id = 301013102;
UPDATE m_suit SET display_order = 1999002 WHERE id = 302053101;
UPDATE m_suit SET display_order = 1999003 WHERE id = 300205;
UPDATE m_suit SET display_order = 1999004 WHERE id = 300307;
UPDATE m_suit SET display_order = 1999005 WHERE id = 300407;
UPDATE m_suit SET display_order = 1999006 WHERE id = 300507;
UPDATE m_suit SET display_order = 1999007 WHERE id = 300607;
UPDATE m_suit SET display_order = 1999008 WHERE id = 300807;
UPDATE m_suit SET display_order = 1999009 WHERE id = 300907;
UPDATE m_suit SET display_order = 1999010 WHERE id = 310107;
UPDATE m_suit SET display_order = 1999011 WHERE id = 310408;
UPDATE m_suit SET display_order = 1999012 WHERE id = 310508;
UPDATE m_suit SET display_order = 1999013 WHERE id = 310606;
UPDATE m_suit SET display_order = 1999014 WHERE id = 310608;
UPDATE m_suit SET display_order = 1999015 WHERE id = 310708;
UPDATE m_suit SET display_order = 1999016 WHERE id = 310807;
UPDATE m_suit SET display_order = 1999017 WHERE id = 310908;
UPDATE m_suit SET display_order = 1999018 WHERE id = 320104;
UPDATE m_suit SET display_order = 1999019 WHERE id = 320111;
UPDATE m_suit SET display_order = 1999020 WHERE id = 320304;
UPDATE m_suit SET display_order = 1999021 WHERE id = 320311;
UPDATE m_suit SET display_order = 1999022 WHERE id = 320404;
UPDATE m_suit SET display_order = 1999023 WHERE id = 320411;
UPDATE m_suit SET display_order = 1999024 WHERE id = 320504;
UPDATE m_suit SET display_order = 1999025 WHERE id = 320511;
UPDATE m_suit SET display_order = 1999026 WHERE id = 320604;
UPDATE m_suit SET display_order = 1999027 WHERE id = 320611;
UPDATE m_suit SET display_order = 1999028 WHERE id = 320704;
UPDATE m_suit SET display_order = 1999029 WHERE id = 320711;
UPDATE m_suit SET display_order = 1999030 WHERE id = 320804;
UPDATE m_suit SET display_order = 1999031 WHERE id = 320811;
UPDATE m_suit SET display_order = 1999032 WHERE id = 320904;
UPDATE m_suit SET display_order = 1999033 WHERE id = 320911;
UPDATE m_suit SET display_order = 1999034 WHERE id = 300107;
UPDATE m_suit SET display_order = 1999035 WHERE id = 300305;
UPDATE m_suit SET display_order = 1999036 WHERE id = 300505;
UPDATE m_suit SET display_order = 1999037 WHERE id = 300905;
UPDATE m_suit SET display_order = 1999038 WHERE id = 310108;
UPDATE m_suit SET display_order = 1999039 WHERE id = 310609;
UPDATE m_suit SET display_order = 1999040 WHERE id = 310808;
UPDATE m_suit SET display_order = 1999041 WHERE id = 400012002;
UPDATE m_suit SET display_order = 1999042 WHERE id = 200052001;
UPDATE m_suit SET display_order = 1999043 WHERE id = 200093002;
UPDATE m_suit SET display_order = 1999044 WHERE id = 201053002;
UPDATE m_suit SET display_order = 1999045 WHERE id = 201063002;
UPDATE m_suit SET display_order = 1999046 WHERE id = 202053002;
UPDATE m_suit SET display_order = 1999047 WHERE id = 202072001;
UPDATE m_suit SET display_order = 1999048 WHERE id = 202083002;
UPDATE m_suit SET display_order = 1999049 WHERE id = 301042004;
UPDATE m_suit SET display_order = 1999050 WHERE id = 302062003;
UPDATE m_suit SET display_order = 1999051 WHERE id = 302103001;
UPDATE m_suit SET display_order = 1999052 WHERE id = 400023003;
UPDATE m_suit SET display_order = 1999053 WHERE id = 400032004;
UPDATE m_suit SET display_order = 1999054 WHERE id = 400043004;
UPDATE m_suit SET display_order = 1999055 WHERE id = 400062004;
UPDATE m_suit SET display_order = 1999056 WHERE id = 400073003;
UPDATE m_suit SET display_order = 1999057 WHERE id = 400083004;
UPDATE m_suit SET display_order = 1999058 WHERE id = 401012004;
UPDATE m_suit SET display_order = 1999059 WHERE id = 401023004;
UPDATE m_suit SET display_order = 1999060 WHERE id = 401033003;
UPDATE m_suit SET display_order = 1999061 WHERE id = 401072005;
UPDATE m_suit SET display_order = 1999062 WHERE id = 401083004;
UPDATE m_suit SET display_order = 1999063 WHERE id = 401092004;
UPDATE m_suit SET display_order = 1999064 WHERE id = 402013002;
UPDATE m_suit SET display_order = 1999065 WHERE id = 402022005;
UPDATE m_suit SET display_order = 1999066 WHERE id = 402033004;
UPDATE m_suit SET display_order = 1999067 WHERE id = 402043004;
UPDATE m_suit SET display_order = 1999068 WHERE id = 402092005;
UPDATE m_suit SET display_order = 1999069 WHERE id = 200093102;
UPDATE m_suit SET display_order = 1999070 WHERE id = 201053102;
UPDATE m_suit SET display_order = 1999071 WHERE id = 201063102;
UPDATE m_suit SET display_order = 1999072 WHERE id = 202053102;
UPDATE m_suit SET display_order = 1999073 WHERE id = 202083102;
UPDATE m_suit SET display_order = 1999074 WHERE id = 302103101;
UPDATE m_suit SET display_order = 1999075 WHERE id = 300208;
UPDATE m_suit SET display_order = 1999076 WHERE id = 300308;
UPDATE m_suit SET display_order = 1999077 WHERE id = 300405;
UPDATE m_suit SET display_order = 1999078 WHERE id = 300508;
UPDATE m_suit SET display_order = 1999079 WHERE id = 300605;
UPDATE m_suit SET display_order = 1999080 WHERE id = 300707;
UPDATE m_suit SET display_order = 1999081 WHERE id = 300805;
UPDATE m_suit SET display_order = 1999082 WHERE id = 310106;
UPDATE m_suit SET display_order = 1999083 WHERE id = 310206;
UPDATE m_suit SET display_order = 1999084 WHERE id = 310306;
UPDATE m_suit SET display_order = 1999085 WHERE id = 310406;
UPDATE m_suit SET display_order = 1999086 WHERE id = 310506;
UPDATE m_suit SET display_order = 1999087 WHERE id = 310706;
UPDATE m_suit SET display_order = 1999088 WHERE id = 310806;
UPDATE m_suit SET display_order = 1999089 WHERE id = 310906;
UPDATE m_suit SET display_order = 1999090 WHERE id = 300105;
UPDATE m_suit SET display_order = 1999091 WHERE id = 300408;
UPDATE m_suit SET display_order = 1999092 WHERE id = 300608;
UPDATE m_suit SET display_order = 1999093 WHERE id = 300705;
UPDATE m_suit SET display_order = 1999094 WHERE id = 310309;
UPDATE m_suit SET display_order = 1999095 WHERE id = 310409;
UPDATE m_suit SET display_order = 1999096 WHERE id = 310509;
UPDATE m_suit SET display_order = 1999097 WHERE id = 310709;
UPDATE m_suit SET display_order = 1999098 WHERE id = 310809;
UPDATE m_suit SET display_order = 1999099 WHERE id = 310909;
UPDATE m_suit SET display_order = 1999100 WHERE id = 300708;
UPDATE m_suit SET display_order = 1999101 WHERE id = 400013004;
UPDATE m_suit SET display_order = 1999102 WHERE id = 200053002;
UPDATE m_suit SET display_order = 1999103 WHERE id = 201032001;
UPDATE m_suit SET display_order = 1999104 WHERE id = 201062001;
UPDATE m_suit SET display_order = 1999105 WHERE id = 202032002;
UPDATE m_suit SET display_order = 1999106 WHERE id = 202052001;
UPDATE m_suit SET display_order = 1999107 WHERE id = 300042003;
UPDATE m_suit SET display_order = 1999108 WHERE id = 300082003;
UPDATE m_suit SET display_order = 1999109 WHERE id = 301043002;
UPDATE m_suit SET display_order = 1999110 WHERE id = 302063002;
UPDATE m_suit SET display_order = 1999111 WHERE id = 400022003;
UPDATE m_suit SET display_order = 1999112 WHERE id = 400033004;
UPDATE m_suit SET display_order = 1999113 WHERE id = 400063003;
UPDATE m_suit SET display_order = 1999114 WHERE id = 400072003;
UPDATE m_suit SET display_order = 1999115 WHERE id = 400092004;
UPDATE m_suit SET display_order = 1999116 WHERE id = 401013003;
UPDATE m_suit SET display_order = 1999117 WHERE id = 401022003;
UPDATE m_suit SET display_order = 1999118 WHERE id = 401052003;
UPDATE m_suit SET display_order = 1999119 WHERE id = 401073004;
UPDATE m_suit SET display_order = 1999120 WHERE id = 401082004;
UPDATE m_suit SET display_order = 1999121 WHERE id = 401093003;
UPDATE m_suit SET display_order = 1999122 WHERE id = 402012004;
UPDATE m_suit SET display_order = 1999123 WHERE id = 402023002;
UPDATE m_suit SET display_order = 1999124 WHERE id = 402042004;
UPDATE m_suit SET display_order = 1999125 WHERE id = 402072003;
UPDATE m_suit SET display_order = 1999126 WHERE id = 402082004;
UPDATE m_suit SET display_order = 1999127 WHERE id = 402093003;
UPDATE m_suit SET display_order = 1999128 WHERE id = 200053102;
UPDATE m_suit SET display_order = 1999129 WHERE id = 301043102;
UPDATE m_suit SET display_order = 1999130 WHERE id = 302063102;
UPDATE m_suit SET display_order = 1999131 WHERE id = 300808;
UPDATE m_suit SET display_order = 1999132 WHERE id = 300908;
UPDATE m_suit SET display_order = 1999133 WHERE id = 310109;
UPDATE m_suit SET display_order = 1999134 WHERE id = 310209;
UPDATE m_suit SET display_order = 1999135 WHERE id = 310310;
UPDATE m_suit SET display_order = 1999136 WHERE id = 310510;
UPDATE m_suit SET display_order = 1999137 WHERE id = 310810;
UPDATE m_suit SET display_order = 1999138 WHERE id = 300108;
UPDATE m_suit SET display_order = 1999139 WHERE id = 300209;
UPDATE m_suit SET display_order = 1999140 WHERE id = 300309;
UPDATE m_suit SET display_order = 1999141 WHERE id = 300409;
UPDATE m_suit SET display_order = 1999142 WHERE id = 300509;
UPDATE m_suit SET display_order = 1999143 WHERE id = 300609;
UPDATE m_suit SET display_order = 1999144 WHERE id = 300709;
UPDATE m_suit SET display_order = 1999145 WHERE id = 300909;
UPDATE m_suit SET display_order = 1999146 WHERE id = 300109;
UPDATE m_suit SET display_order = 1999147 WHERE id = 300206;
UPDATE m_suit SET display_order = 1999148 WHERE id = 300306;
UPDATE m_suit SET display_order = 1999149 WHERE id = 300406;
UPDATE m_suit SET display_order = 1999150 WHERE id = 300506;
UPDATE m_suit SET display_order = 1999151 WHERE id = 300606;
UPDATE m_suit SET display_order = 1999152 WHERE id = 300706;
UPDATE m_suit SET display_order = 1999153 WHERE id = 300906;
UPDATE m_suit SET display_order = 1999154 WHERE id = 300106;
UPDATE m_suit SET display_order = 1999155 WHERE id = 321013;
UPDATE m_suit SET display_order = 1999156 WHERE id = 300013002;
UPDATE m_suit SET display_order = 1999157 WHERE id = 200062001;
UPDATE m_suit SET display_order = 1999158 WHERE id = 200083002;
UPDATE m_suit SET display_order = 1999159 WHERE id = 201023002;
UPDATE m_suit SET display_order = 1999160 WHERE id = 201072001;
UPDATE m_suit SET display_order = 1999161 WHERE id = 202093002;
UPDATE m_suit SET display_order = 1999162 WHERE id = 202102001;
UPDATE m_suit SET display_order = 1999163 WHERE id = 300032002;
UPDATE m_suit SET display_order = 1999164 WHERE id = 400022004;
UPDATE m_suit SET display_order = 1999165 WHERE id = 400043005;
UPDATE m_suit SET display_order = 1999166 WHERE id = 400053003;
UPDATE m_suit SET display_order = 1999167 WHERE id = 400072004;
UPDATE m_suit SET display_order = 1999168 WHERE id = 400093003;
UPDATE m_suit SET display_order = 1999169 WHERE id = 401013004;
UPDATE m_suit SET display_order = 1999170 WHERE id = 401033004;
UPDATE m_suit SET display_order = 1999171 WHERE id = 401043004;
UPDATE m_suit SET display_order = 1999172 WHERE id = 401052004;
UPDATE m_suit SET display_order = 1999173 WHERE id = 401062004;
UPDATE m_suit SET display_order = 1999174 WHERE id = 401082005;
UPDATE m_suit SET display_order = 1999175 WHERE id = 401092005;
UPDATE m_suit SET display_order = 1999176 WHERE id = 402013003;
UPDATE m_suit SET display_order = 1999177 WHERE id = 402053004;
UPDATE m_suit SET display_order = 1999178 WHERE id = 300013102;
UPDATE m_suit SET display_order = 1999179 WHERE id = 200083102;
UPDATE m_suit SET display_order = 1999180 WHERE id = 201023102;
UPDATE m_suit SET display_order = 1999181 WHERE id = 202093102;
UPDATE m_suit SET display_order = 1999182 WHERE id = 300809;
UPDATE m_suit SET display_order = 1999183 WHERE id = 310110;
UPDATE m_suit SET display_order = 1999184 WHERE id = 310210;
UPDATE m_suit SET display_order = 1999185 WHERE id = 310311;
UPDATE m_suit SET display_order = 1999186 WHERE id = 310410;
UPDATE m_suit SET display_order = 1999187 WHERE id = 310511;
UPDATE m_suit SET display_order = 1999188 WHERE id = 310610;
UPDATE m_suit SET display_order = 1999189 WHERE id = 310710;
UPDATE m_suit SET display_order = 1999190 WHERE id = 310811;
UPDATE m_suit SET display_order = 1999191 WHERE id = 310910;
UPDATE m_suit SET display_order = 1999192 WHERE id = 320313;
UPDATE m_suit SET display_order = 1999193 WHERE id = 300806;
UPDATE m_suit SET display_order = 1999194 WHERE id = 310211;
UPDATE m_suit SET display_order = 1999195 WHERE id = 310411;
UPDATE m_suit SET display_order = 1999196 WHERE id = 310911;
UPDATE m_suit SET display_order = 1999197 WHERE id = 400012003;
UPDATE m_suit SET display_order = 1999198 WHERE id = 200033002;
UPDATE m_suit SET display_order = 1999199 WHERE id = 200073002;
UPDATE m_suit SET display_order = 1999200 WHERE id = 201012002;
UPDATE m_suit SET display_order = 1999201 WHERE id = 201032002;
UPDATE m_suit SET display_order = 1999202 WHERE id = 201073002;
UPDATE m_suit SET display_order = 1999203 WHERE id = 202033002;
UPDATE m_suit SET display_order = 1999204 WHERE id = 202082001;
UPDATE m_suit SET display_order = 1999205 WHERE id = 300042004;
UPDATE m_suit SET display_order = 1999206 WHERE id = 301053002;
UPDATE m_suit SET display_order = 1999207 WHERE id = 302073002;
UPDATE m_suit SET display_order = 1999208 WHERE id = 400023004;
UPDATE m_suit SET display_order = 1999209 WHERE id = 400052004;
UPDATE m_suit SET display_order = 1999210 WHERE id = 400063004;
UPDATE m_suit SET display_order = 1999211 WHERE id = 400082004;
UPDATE m_suit SET display_order = 1999212 WHERE id = 400092005;
UPDATE m_suit SET display_order = 1999213 WHERE id = 401022004;
UPDATE m_suit SET display_order = 1999214 WHERE id = 401042003;
UPDATE m_suit SET display_order = 1999215 WHERE id = 401063003;
UPDATE m_suit SET display_order = 1999216 WHERE id = 401083005;
UPDATE m_suit SET display_order = 1999217 WHERE id = 401093004;
UPDATE m_suit SET display_order = 1999218 WHERE id = 402023003;
UPDATE m_suit SET display_order = 1999219 WHERE id = 402043005;
UPDATE m_suit SET display_order = 1999220 WHERE id = 402062005;
UPDATE m_suit SET display_order = 1999221 WHERE id = 200033102;
UPDATE m_suit SET display_order = 1999222 WHERE id = 200073102;
UPDATE m_suit SET display_order = 1999223 WHERE id = 201073102;
UPDATE m_suit SET display_order = 1999224 WHERE id = 202033102;
UPDATE m_suit SET display_order = 1999225 WHERE id = 301053102;
UPDATE m_suit SET display_order = 1999226 WHERE id = 302073102;
UPDATE m_suit SET display_order = 1999227 WHERE id = 310111;
UPDATE m_suit SET display_order = 1999228 WHERE id = 310417;
UPDATE m_suit SET display_order = 1999229 WHERE id = 310611;
UPDATE m_suit SET display_order = 1999230 WHERE id = 310711;
UPDATE m_suit SET display_order = 1999231 WHERE id = 320513;
UPDATE m_suit SET display_order = 1999232 WHERE id = 310515;
UPDATE m_suit SET display_order = 1999233 WHERE id = 320113;
UPDATE m_suit SET display_order = 1999234 WHERE id = 320213;
UPDATE m_suit SET display_order = 1999235 WHERE id = 320413;
UPDATE m_suit SET display_order = 1999236 WHERE id = 320613;
UPDATE m_suit SET display_order = 1999237 WHERE id = 320713;
UPDATE m_suit SET display_order = 1999238 WHERE id = 320813;
UPDATE m_suit SET display_order = 1999239 WHERE id = 102111001;
UPDATE m_suit SET display_order = 1999240 WHERE id = 102121001;
UPDATE m_suit SET display_order = 1999241 WHERE id = 302052003;
UPDATE m_suit SET display_order = 1999242 WHERE id = 302083002;
UPDATE m_suit SET display_order = 1999243 WHERE id = 400093004;
UPDATE m_suit SET display_order = 1999244 WHERE id = 401053004;
UPDATE m_suit SET display_order = 1999245 WHERE id = 402013004;
UPDATE m_suit SET display_order = 1999246 WHERE id = 402022006;
UPDATE m_suit SET display_order = 1999247 WHERE id = 402032005;
UPDATE m_suit SET display_order = 1999248 WHERE id = 402042005;
UPDATE m_suit SET display_order = 1999249 WHERE id = 402063004;
UPDATE m_suit SET display_order = 1999250 WHERE id = 402072004;
UPDATE m_suit SET display_order = 1999251 WHERE id = 402092006;
UPDATE m_suit SET display_order = 1999252 WHERE id = 302083102;
UPDATE m_suit SET display_order = 1999253 WHERE id = 300210;
UPDATE m_suit SET display_order = 1999254 WHERE id = 300310;
UPDATE m_suit SET display_order = 1999255 WHERE id = 300410;
UPDATE m_suit SET display_order = 1999256 WHERE id = 300610;
UPDATE m_suit SET display_order = 1999257 WHERE id = 300810;
UPDATE m_suit SET display_order = 1999258 WHERE id = 310415;
UPDATE m_suit SET display_order = 1999259 WHERE id = 310516;
UPDATE m_suit SET display_order = 1999260 WHERE id = 320414;
UPDATE m_suit SET display_order = 1999261 WHERE id = 320514;
UPDATE m_suit SET display_order = 1999262 WHERE id = 300110;
UPDATE m_suit SET display_order = 1999263 WHERE id = 310416;
UPDATE m_suit SET display_order = 1999264 WHERE id = 300311;
UPDATE m_suit SET display_order = 1999265 WHERE id = 300411;
UPDATE m_suit SET display_order = 1999266 WHERE id = 320214;
UPDATE m_suit SET display_order = 1999267 WHERE id = 320614;
UPDATE m_suit SET display_order = 1999268 WHERE id = 320814;
UPDATE m_suit SET display_order = 1999269 WHERE id = 320913;
UPDATE m_suit SET display_order = 1999270 WHERE id = 400013005;
UPDATE m_suit SET display_order = 1999271 WHERE id = 200022001;
UPDATE m_suit SET display_order = 1999272 WHERE id = 200063002;
UPDATE m_suit SET display_order = 1999273 WHERE id = 201042001;
UPDATE m_suit SET display_order = 1999274 WHERE id = 201093002;
UPDATE m_suit SET display_order = 1999275 WHERE id = 202012001;
UPDATE m_suit SET display_order = 1999276 WHERE id = 300033002;
UPDATE m_suit SET display_order = 1999277 WHERE id = 301082003;
UPDATE m_suit SET display_order = 1999278 WHERE id = 400042004;
UPDATE m_suit SET display_order = 1999279 WHERE id = 400053004;
UPDATE m_suit SET display_order = 1999280 WHERE id = 400072005;
UPDATE m_suit SET display_order = 1999281 WHERE id = 400083005;
UPDATE m_suit SET display_order = 1999282 WHERE id = 401012005;
UPDATE m_suit SET display_order = 1999283 WHERE id = 401023005;
UPDATE m_suit SET display_order = 1999284 WHERE id = 401033005;
UPDATE m_suit SET display_order = 1999285 WHERE id = 401052005;
UPDATE m_suit SET display_order = 1999286 WHERE id = 401063004;
UPDATE m_suit SET display_order = 1999287 WHERE id = 401072006;
UPDATE m_suit SET display_order = 1999288 WHERE id = 402023004;
UPDATE m_suit SET display_order = 1999289 WHERE id = 402053005;
UPDATE m_suit SET display_order = 1999290 WHERE id = 402082005;
UPDATE m_suit SET display_order = 1999291 WHERE id = 402093004;
UPDATE m_suit SET display_order = 1999292 WHERE id = 200063102;
UPDATE m_suit SET display_order = 1999293 WHERE id = 201093102;
UPDATE m_suit SET display_order = 1999294 WHERE id = 300033102;
UPDATE m_suit SET display_order = 1999295 WHERE id = 300510;
UPDATE m_suit SET display_order = 1999296 WHERE id = 300710;
UPDATE m_suit SET display_order = 1999297 WHERE id = 300811;
UPDATE m_suit SET display_order = 1999298 WHERE id = 300910;
UPDATE m_suit SET display_order = 1999299 WHERE id = 310115;
UPDATE m_suit SET display_order = 1999300 WHERE id = 310215;
UPDATE m_suit SET display_order = 1999301 WHERE id = 310317;
UPDATE m_suit SET display_order = 1999302 WHERE id = 310615;
UPDATE m_suit SET display_order = 1999303 WHERE id = 310717;
UPDATE m_suit SET display_order = 1999304 WHERE id = 310815;
UPDATE m_suit SET display_order = 1999305 WHERE id = 300711;
UPDATE m_suit SET display_order = 1999306 WHERE id = 310116;
UPDATE m_suit SET display_order = 1999307 WHERE id = 310315;
UPDATE m_suit SET display_order = 1999308 WHERE id = 310616;
UPDATE m_suit SET display_order = 1999309 WHERE id = 310715;
UPDATE m_suit SET display_order = 1999310 WHERE id = 310816;
UPDATE m_suit SET display_order = 1999311 WHERE id = 310316;
UPDATE m_suit SET display_order = 1999312 WHERE id = 310716;
UPDATE m_suit SET display_order = 1999313 WHERE id = 300211;
UPDATE m_suit SET display_order = 1999314 WHERE id = 300511;
UPDATE m_suit SET display_order = 1999315 WHERE id = 300611;
UPDATE m_suit SET display_order = 1999316 WHERE id = 310514;
UPDATE m_suit SET display_order = 1999317 WHERE id = 320914;
UPDATE m_suit SET display_order = 1999318 WHERE id = 300111;
UPDATE m_suit SET display_order = 1999319 WHERE id = 102112001;
UPDATE m_suit SET display_order = 1999320 WHERE id = 102122001;
UPDATE m_suit SET display_order = 1999321 WHERE id = 200032002;
UPDATE m_suit SET display_order = 1999322 WHERE id = 200043002;
UPDATE m_suit SET display_order = 1999323 WHERE id = 200082001;
UPDATE m_suit SET display_order = 1999324 WHERE id = 201013002;
UPDATE m_suit SET display_order = 1999325 WHERE id = 201043002;
UPDATE m_suit SET display_order = 1999326 WHERE id = 201052001;
UPDATE m_suit SET display_order = 1999327 WHERE id = 400012004;
UPDATE m_suit SET display_order = 1999328 WHERE id = 301032002;
UPDATE m_suit SET display_order = 1999329 WHERE id = 400023005;
UPDATE m_suit SET display_order = 1999330 WHERE id = 400052005;
UPDATE m_suit SET display_order = 1999331 WHERE id = 400062005;
UPDATE m_suit SET display_order = 1999332 WHERE id = 400073004;
UPDATE m_suit SET display_order = 1999333 WHERE id = 400092006;
UPDATE m_suit SET display_order = 1999334 WHERE id = 401022005;
UPDATE m_suit SET display_order = 1999335 WHERE id = 401062005;
UPDATE m_suit SET display_order = 1999336 WHERE id = 401073005;
UPDATE m_suit SET display_order = 1999337 WHERE id = 401083006;
UPDATE m_suit SET display_order = 1999338 WHERE id = 401092006;
UPDATE m_suit SET display_order = 1999339 WHERE id = 200043102;
UPDATE m_suit SET display_order = 1999340 WHERE id = 201013102;
UPDATE m_suit SET display_order = 1999341 WHERE id = 201043102;
UPDATE m_suit SET display_order = 1999342 WHERE id = 310216;
UPDATE m_suit SET display_order = 1999343 WHERE id = 310915;
UPDATE m_suit SET display_order = 1999344 WHERE id = 310916;
UPDATE m_suit SET display_order = 1999345 WHERE id = 300212;
UPDATE m_suit SET display_order = 1999346 WHERE id = 300312;
UPDATE m_suit SET display_order = 1999347 WHERE id = 300412;
UPDATE m_suit SET display_order = 1999348 WHERE id = 300512;
UPDATE m_suit SET display_order = 1999349 WHERE id = 300612;
UPDATE m_suit SET display_order = 1999350 WHERE id = 300712;
UPDATE m_suit SET display_order = 1999351 WHERE id = 300812;
UPDATE m_suit SET display_order = 1999352 WHERE id = 300915;
UPDATE m_suit SET display_order = 1999353 WHERE id = 310114;
UPDATE m_suit SET display_order = 1999354 WHERE id = 310214;
UPDATE m_suit SET display_order = 1999355 WHERE id = 310518;
UPDATE m_suit SET display_order = 1999356 WHERE id = 310614;
UPDATE m_suit SET display_order = 1999357 WHERE id = 310814;
UPDATE m_suit SET display_order = 1999358 WHERE id = 310914;
UPDATE m_suit SET display_order = 1999359 WHERE id = 320114;
UPDATE m_suit SET display_order = 1999360 WHERE id = 320314;
UPDATE m_suit SET display_order = 1999361 WHERE id = 320714;
UPDATE m_suit SET display_order = 1999362 WHERE id = 300112;
UPDATE m_suit SET display_order = 1999363 WHERE id = 301033002;
UPDATE m_suit SET display_order = 1999364 WHERE id = 302122001;
UPDATE m_suit SET display_order = 1999365 WHERE id = 400063005;
UPDATE m_suit SET display_order = 1999366 WHERE id = 400093005;
UPDATE m_suit SET display_order = 1999367 WHERE id = 401023006;
UPDATE m_suit SET display_order = 1999368 WHERE id = 401043005;
UPDATE m_suit SET display_order = 1999369 WHERE id = 401053005;
UPDATE m_suit SET display_order = 1999370 WHERE id = 401063005;
UPDATE m_suit SET display_order = 1999371 WHERE id = 401072007;
UPDATE m_suit SET display_order = 1999372 WHERE id = 401082006;
UPDATE m_suit SET display_order = 1999373 WHERE id = 402052005;
UPDATE m_suit SET display_order = 1999374 WHERE id = 402103001;
UPDATE m_suit SET display_order = 1999375 WHERE id = 402112001;
UPDATE m_suit SET display_order = 1999376 WHERE id = 301033102;
UPDATE m_suit SET display_order = 1999377 WHERE id = 300214;
UPDATE m_suit SET display_order = 1999378 WHERE id = 300314;
UPDATE m_suit SET display_order = 1999379 WHERE id = 300414;
UPDATE m_suit SET display_order = 1999380 WHERE id = 300514;
UPDATE m_suit SET display_order = 1999381 WHERE id = 300614;
UPDATE m_suit SET display_order = 1999382 WHERE id = 300714;
UPDATE m_suit SET display_order = 1999383 WHERE id = 300814;
UPDATE m_suit SET display_order = 1999384 WHERE id = 300912;
UPDATE m_suit SET display_order = 1999385 WHERE id = 300914;
UPDATE m_suit SET display_order = 1999386 WHERE id = 310118;
UPDATE m_suit SET display_order = 1999387 WHERE id = 310314;
UPDATE m_suit SET display_order = 1999388 WHERE id = 310414;
UPDATE m_suit SET display_order = 1999389 WHERE id = 310618;
UPDATE m_suit SET display_order = 1999390 WHERE id = 310714;
UPDATE m_suit SET display_order = 1999391 WHERE id = 310818;
UPDATE m_suit SET display_order = 1999392 WHERE id = 310918;
UPDATE m_suit SET display_order = 1999393 WHERE id = 320116;
UPDATE m_suit SET display_order = 1999394 WHERE id = 320216;
UPDATE m_suit SET display_order = 1999395 WHERE id = 320316;
UPDATE m_suit SET display_order = 1999396 WHERE id = 320416;
UPDATE m_suit SET display_order = 1999397 WHERE id = 320516;
UPDATE m_suit SET display_order = 1999398 WHERE id = 320616;
UPDATE m_suit SET display_order = 1999399 WHERE id = 320716;
UPDATE m_suit SET display_order = 1999400 WHERE id = 320816;
UPDATE m_suit SET display_order = 1999401 WHERE id = 320916;
UPDATE m_suit SET display_order = 1999402 WHERE id = 321015;
UPDATE m_suit SET display_order = 1999403 WHERE id = 321103;
UPDATE m_suit SET display_order = 1999404 WHERE id = 321203;
UPDATE m_suit SET display_order = 1999405 WHERE id = 300114;
UPDATE m_suit SET display_order = 1999406 WHERE id = 200042001;
UPDATE m_suit SET display_order = 1999407 WHERE id = 200072001;
UPDATE m_suit SET display_order = 1999408 WHERE id = 201062002;
UPDATE m_suit SET display_order = 1999409 WHERE id = 202043002;
UPDATE m_suit SET display_order = 1999410 WHERE id = 202063002;
UPDATE m_suit SET display_order = 1999411 WHERE id = 202073002;
UPDATE m_suit SET display_order = 1999412 WHERE id = 200013002;
UPDATE m_suit SET display_order = 1999413 WHERE id = 301073002;
UPDATE m_suit SET display_order = 1999414 WHERE id = 302022003;
UPDATE m_suit SET display_order = 1999415 WHERE id = 400022005;
UPDATE m_suit SET display_order = 1999416 WHERE id = 400033005;
UPDATE m_suit SET display_order = 1999417 WHERE id = 400053005;
UPDATE m_suit SET display_order = 1999418 WHERE id = 400062006;
UPDATE m_suit SET display_order = 1999419 WHERE id = 400083006;
UPDATE m_suit SET display_order = 1999420 WHERE id = 400092007;
UPDATE m_suit SET display_order = 1999421 WHERE id = 401012006;
UPDATE m_suit SET display_order = 1999422 WHERE id = 401022006;
UPDATE m_suit SET display_order = 1999423 WHERE id = 401093005;
UPDATE m_suit SET display_order = 1999424 WHERE id = 402012005;
UPDATE m_suit SET display_order = 1999425 WHERE id = 402033005;
UPDATE m_suit SET display_order = 1999426 WHERE id = 402053006;
UPDATE m_suit SET display_order = 1999427 WHERE id = 402083004;
UPDATE m_suit SET display_order = 1999428 WHERE id = 402092007;
UPDATE m_suit SET display_order = 1999429 WHERE id = 402102002;
UPDATE m_suit SET display_order = 1999430 WHERE id = 402113001;
UPDATE m_suit SET display_order = 1999431 WHERE id = 402123001;
UPDATE m_suit SET display_order = 1999432 WHERE id = 202043102;
UPDATE m_suit SET display_order = 1999433 WHERE id = 202063102;
UPDATE m_suit SET display_order = 1999434 WHERE id = 202073102;
UPDATE m_suit SET display_order = 1999435 WHERE id = 200013102;
UPDATE m_suit SET display_order = 1999436 WHERE id = 301073102;
UPDATE m_suit SET display_order = 1999437 WHERE id = 300315;
UPDATE m_suit SET display_order = 1999438 WHERE id = 300615;
UPDATE m_suit SET display_order = 1999439 WHERE id = 300815;
UPDATE m_suit SET display_order = 1999440 WHERE id = 300913;
UPDATE m_suit SET display_order = 1999441 WHERE id = 310218;
UPDATE m_suit SET display_order = 1999442 WHERE id = 310319;
UPDATE m_suit SET display_order = 1999443 WHERE id = 310419;
UPDATE m_suit SET display_order = 1999444 WHERE id = 310719;
UPDATE m_suit SET display_order = 1999445 WHERE id = 310820;
UPDATE m_suit SET display_order = 1999446 WHERE id = 310920;
UPDATE m_suit SET display_order = 1999447 WHERE id = 200032003;
UPDATE m_suit SET display_order = 1999448 WHERE id = 201083002;
UPDATE m_suit SET display_order = 1999449 WHERE id = 202013002;
UPDATE m_suit SET display_order = 1999450 WHERE id = 202022001;
UPDATE m_suit SET display_order = 1999451 WHERE id = 202032003;
UPDATE m_suit SET display_order = 1999452 WHERE id = 400012005;
UPDATE m_suit SET display_order = 1999453 WHERE id = 300023002;
UPDATE m_suit SET display_order = 1999454 WHERE id = 302042003;
UPDATE m_suit SET display_order = 1999455 WHERE id = 400043006;
UPDATE m_suit SET display_order = 1999456 WHERE id = 400052006;
UPDATE m_suit SET display_order = 1999457 WHERE id = 400062007;
UPDATE m_suit SET display_order = 1999458 WHERE id = 400073005;
UPDATE m_suit SET display_order = 1999459 WHERE id = 400082005;
UPDATE m_suit SET display_order = 1999460 WHERE id = 400093006;
UPDATE m_suit SET display_order = 1999461 WHERE id = 401013005;
UPDATE m_suit SET display_order = 1999462 WHERE id = 401032005;
UPDATE m_suit SET display_order = 1999463 WHERE id = 401042004;
UPDATE m_suit SET display_order = 1999464 WHERE id = 401092007;
UPDATE m_suit SET display_order = 1999465 WHERE id = 402062006;
UPDATE m_suit SET display_order = 1999466 WHERE id = 402072005;
UPDATE m_suit SET display_order = 1999467 WHERE id = 402082006;
UPDATE m_suit SET display_order = 1999468 WHERE id = 402093005;
UPDATE m_suit SET display_order = 1999469 WHERE id = 201083102;
UPDATE m_suit SET display_order = 1999470 WHERE id = 202013102;
UPDATE m_suit SET display_order = 1999471 WHERE id = 300023102;
UPDATE m_suit SET display_order = 1999472 WHERE id = 300215;
UPDATE m_suit SET display_order = 1999473 WHERE id = 300415;
UPDATE m_suit SET display_order = 1999474 WHERE id = 300515;
UPDATE m_suit SET display_order = 1999475 WHERE id = 300715;
UPDATE m_suit SET display_order = 1999476 WHERE id = 310819;
UPDATE m_suit SET display_order = 1999477 WHERE id = 300115;
UPDATE m_suit SET display_order = 1999478 WHERE id = 200052002;
UPDATE m_suit SET display_order = 1999479 WHERE id = 300042005;
UPDATE m_suit SET display_order = 1999480 WHERE id = 302093003;
UPDATE m_suit SET display_order = 1999481 WHERE id = 300012004;
UPDATE m_suit SET display_order = 1999482 WHERE id = 400033006;
UPDATE m_suit SET display_order = 1999483 WHERE id = 400063006;
UPDATE m_suit SET display_order = 1999484 WHERE id = 400082006;
UPDATE m_suit SET display_order = 1999485 WHERE id = 401082007;
UPDATE m_suit SET display_order = 1999486 WHERE id = 402012006;
UPDATE m_suit SET display_order = 1999487 WHERE id = 402043006;
UPDATE m_suit SET display_order = 1999488 WHERE id = 302093103;
UPDATE m_suit SET display_order = 1999489 WHERE id = 300516;
UPDATE m_suit SET display_order = 1999490 WHERE id = 300616;
UPDATE m_suit SET display_order = 1999491 WHERE id = 300816;
UPDATE m_suit SET display_order = 1999492 WHERE id = 310919;
UPDATE m_suit SET display_order = 1999493 WHERE id = 200023003;
UPDATE m_suit SET display_order = 1999494 WHERE id = 300043002;
UPDATE m_suit SET display_order = 1999495 WHERE id = 300053003;
UPDATE m_suit SET display_order = 1999496 WHERE id = 400013006;
UPDATE m_suit SET display_order = 1999497 WHERE id = 400032005;
UPDATE m_suit SET display_order = 1999498 WHERE id = 400063007;
UPDATE m_suit SET display_order = 1999499 WHERE id = 400073006;
UPDATE m_suit SET display_order = 1999500 WHERE id = 400083007;
UPDATE m_suit SET display_order = 1999501 WHERE id = 401083007;
UPDATE m_suit SET display_order = 1999502 WHERE id = 401092008;
UPDATE m_suit SET display_order = 1999503 WHERE id = 200023103;
UPDATE m_suit SET display_order = 1999504 WHERE id = 300043102;
UPDATE m_suit SET display_order = 1999505 WHERE id = 300053103;
UPDATE m_suit SET display_order = 1999506 WHERE id = 300216;
UPDATE m_suit SET display_order = 1999507 WHERE id = 300316;
UPDATE m_suit SET display_order = 1999508 WHERE id = 300416;
UPDATE m_suit SET display_order = 1999509 WHERE id = 300716;
UPDATE m_suit SET display_order = 1999510 WHERE id = 310821;
UPDATE m_suit SET display_order = 1999511 WHERE id = 300116;
UPDATE m_suit SET display_order = 1999512 WHERE id = 200022002;
UPDATE m_suit SET display_order = 1999513 WHERE id = 200033003;
UPDATE m_suit SET display_order = 1999514 WHERE id = 200082002;
UPDATE m_suit SET display_order = 1999515 WHERE id = 301083002;
UPDATE m_suit SET display_order = 1999516 WHERE id = 400013007;
UPDATE m_suit SET display_order = 1999517 WHERE id = 400042005;
UPDATE m_suit SET display_order = 1999518 WHERE id = 400053006;
UPDATE m_suit SET display_order = 1999519 WHERE id = 400062008;
UPDATE m_suit SET display_order = 1999520 WHERE id = 400072006;
UPDATE m_suit SET display_order = 1999521 WHERE id = 401093006;
UPDATE m_suit SET display_order = 1999522 WHERE id = 200033103;
UPDATE m_suit SET display_order = 1999523 WHERE id = 301083102;
UPDATE m_suit SET display_order = 1999524 WHERE id = 310921;
UPDATE m_suit SET display_order = 1999525 WHERE id = 300032003;
UPDATE m_suit SET display_order = 1999526 WHERE id = 300063003;
UPDATE m_suit SET display_order = 1999527 WHERE id = 300083002;
UPDATE m_suit SET display_order = 1999528 WHERE id = 400012006;
UPDATE m_suit SET display_order = 1999529 WHERE id = 400022006;
UPDATE m_suit SET display_order = 1999530 WHERE id = 400043007;
UPDATE m_suit SET display_order = 1999531 WHERE id = 400052007;
UPDATE m_suit SET display_order = 1999532 WHERE id = 400072007;
UPDATE m_suit SET display_order = 1999533 WHERE id = 401082008;
UPDATE m_suit SET display_order = 1999534 WHERE id = 300063103;
UPDATE m_suit SET display_order = 1999535 WHERE id = 300083102;
UPDATE m_suit SET display_order = 1999536 WHERE id = 310822;
UPDATE m_suit SET display_order = 1999537 WHERE id = 310922;
UPDATE m_suit SET display_order = 1999538 WHERE id = 200073003;
UPDATE m_suit SET display_order = 1999539 WHERE id = 201093003;
UPDATE m_suit SET display_order = 1999540 WHERE id = 300062003;
UPDATE m_suit SET display_order = 1999541 WHERE id = 400013008;
UPDATE m_suit SET display_order = 1999542 WHERE id = 400023006;
UPDATE m_suit SET display_order = 1999543 WHERE id = 400033007;
UPDATE m_suit SET display_order = 1999544 WHERE id = 400042006;
UPDATE m_suit SET display_order = 1999545 WHERE id = 400052008;
UPDATE m_suit SET display_order = 1999546 WHERE id = 400083008;
UPDATE m_suit SET display_order = 1999547 WHERE id = 401083008;
UPDATE m_suit SET display_order = 1999548 WHERE id = 200073103;
UPDATE m_suit SET display_order = 1999549 WHERE id = 201093103;
UPDATE m_suit SET display_order = 1999550 WHERE id = 310823;
UPDATE m_suit SET display_order = 1999551 WHERE id = 200043003;
UPDATE m_suit SET display_order = 1999552 WHERE id = 200053003;
UPDATE m_suit SET display_order = 1999553 WHERE id = 200082003;
UPDATE m_suit SET display_order = 1999554 WHERE id = 201082001;
UPDATE m_suit SET display_order = 1999555 WHERE id = 400012007;
UPDATE m_suit SET display_order = 1999556 WHERE id = 400023007;
UPDATE m_suit SET display_order = 1999557 WHERE id = 400032006;
UPDATE m_suit SET display_order = 1999558 WHERE id = 400063008;
UPDATE m_suit SET display_order = 1999559 WHERE id = 400072008;
UPDATE m_suit SET display_order = 1999560 WHERE id = 401092009;
UPDATE m_suit SET display_order = 1999561 WHERE id = 200043103;
UPDATE m_suit SET display_order = 1999562 WHERE id = 200053103;
UPDATE m_suit SET display_order = 1999563 WHERE id = 200052003;
UPDATE m_suit SET display_order = 1999564 WHERE id = 200083003;
UPDATE m_suit SET display_order = 1999565 WHERE id = 201083003;
UPDATE m_suit SET display_order = 1999566 WHERE id = 300032004;
UPDATE m_suit SET display_order = 1999567 WHERE id = 301092002;
UPDATE m_suit SET display_order = 1999568 WHERE id = 200013003;
UPDATE m_suit SET display_order = 1999569 WHERE id = 400022007;
UPDATE m_suit SET display_order = 1999570 WHERE id = 400043008;
UPDATE m_suit SET display_order = 1999571 WHERE id = 400062009;
UPDATE m_suit SET display_order = 1999572 WHERE id = 400073007;
UPDATE m_suit SET display_order = 1999573 WHERE id = 400092008;
UPDATE m_suit SET display_order = 1999574 WHERE id = 200083103;
UPDATE m_suit SET display_order = 1999575 WHERE id = 201083103;
UPDATE m_suit SET display_order = 1999576 WHERE id = 200013103;
UPDATE m_suit SET display_order = 1999577 WHERE id = 310120;
UPDATE m_suit SET display_order = 1999578 WHERE id = 310220;
UPDATE m_suit SET display_order = 1999579 WHERE id = 310321;
UPDATE m_suit SET display_order = 1999580 WHERE id = 310421;
UPDATE m_suit SET display_order = 1999581 WHERE id = 310520;
UPDATE m_suit SET display_order = 1999582 WHERE id = 310620;
UPDATE m_suit SET display_order = 1999583 WHERE id = 310721;
UPDATE m_suit SET display_order = 1999584 WHERE id = 310923;
UPDATE m_suit SET display_order = 1999585 WHERE id = 320118;
UPDATE m_suit SET display_order = 1999586 WHERE id = 320218;
UPDATE m_suit SET display_order = 1999587 WHERE id = 320318;
UPDATE m_suit SET display_order = 1999588 WHERE id = 320418;
UPDATE m_suit SET display_order = 1999589 WHERE id = 320518;
UPDATE m_suit SET display_order = 1999590 WHERE id = 320718;
UPDATE m_suit SET display_order = 1999591 WHERE id = 320818;
UPDATE m_suit SET display_order = 1999592 WHERE id = 320918;
UPDATE m_suit SET display_order = 1999593 WHERE id = 321017;
UPDATE m_suit SET display_order = 1999594 WHERE id = 321105;
UPDATE m_suit SET display_order = 1999595 WHERE id = 321205;
UPDATE m_suit SET display_order = 1999596 WHERE id = 200063003;
UPDATE m_suit SET display_order = 1999597 WHERE id = 400012008;
UPDATE m_suit SET display_order = 1999598 WHERE id = 400023008;
UPDATE m_suit SET display_order = 1999599 WHERE id = 400033008;
UPDATE m_suit SET display_order = 1999600 WHERE id = 400042007;
UPDATE m_suit SET display_order = 1999601 WHERE id = 400053007;
UPDATE m_suit SET display_order = 1999602 WHERE id = 400072009;
UPDATE m_suit SET display_order = 1999603 WHERE id = 400082007;
UPDATE m_suit SET display_order = 1999604 WHERE id = 401073006;
UPDATE m_suit SET display_order = 1999605 WHERE id = 401082009;
UPDATE m_suit SET display_order = 1999606 WHERE id = 401093007;
UPDATE m_suit SET display_order = 1999607 WHERE id = 402063005;
UPDATE m_suit SET display_order = 1999608 WHERE id = 200063103;
UPDATE m_suit SET display_order = 1999609 WHERE id = 300916;
UPDATE m_suit SET display_order = 1999610 WHERE id = 310219;
UPDATE m_suit SET display_order = 1999611 WHERE id = 310320;
UPDATE m_suit SET display_order = 1999612 WHERE id = 310420;
UPDATE m_suit SET display_order = 1999613 WHERE id = 310519;
UPDATE m_suit SET display_order = 1999614 WHERE id = 310619;
UPDATE m_suit SET display_order = 1999615 WHERE id = 310720;
UPDATE m_suit SET display_order = 1999616 WHERE id = 310924;
UPDATE m_suit SET display_order = 1999617 WHERE id = 320117;
UPDATE m_suit SET display_order = 1999618 WHERE id = 320217;
UPDATE m_suit SET display_order = 1999619 WHERE id = 320317;
UPDATE m_suit SET display_order = 1999620 WHERE id = 320417;
UPDATE m_suit SET display_order = 1999621 WHERE id = 320517;
UPDATE m_suit SET display_order = 1999622 WHERE id = 320618;
UPDATE m_suit SET display_order = 1999623 WHERE id = 320717;
UPDATE m_suit SET display_order = 1999624 WHERE id = 320817;
UPDATE m_suit SET display_order = 1999625 WHERE id = 320917;
UPDATE m_suit SET display_order = 1999626 WHERE id = 321018;
UPDATE m_suit SET display_order = 1999627 WHERE id = 321107;
UPDATE m_suit SET display_order = 1999628 WHERE id = 321207;
UPDATE m_suit SET display_order = 1999629 WHERE id = 200062002;
UPDATE m_suit SET display_order = 1999630 WHERE id = 201033003;
UPDATE m_suit SET display_order = 1999631 WHERE id = 201052002;
UPDATE m_suit SET display_order = 1999632 WHERE id = 202023003;
UPDATE m_suit SET display_order = 1999633 WHERE id = 202033003;
UPDATE m_suit SET display_order = 1999634 WHERE id = 202113001;
UPDATE m_suit SET display_order = 1999635 WHERE id = 200012002;
UPDATE m_suit SET display_order = 1999636 WHERE id = 400022008;
UPDATE m_suit SET display_order = 1999637 WHERE id = 400032007;
UPDATE m_suit SET display_order = 1999638 WHERE id = 400042008;
UPDATE m_suit SET display_order = 1999639 WHERE id = 400053008;
UPDATE m_suit SET display_order = 1999640 WHERE id = 400073008;
UPDATE m_suit SET display_order = 1999641 WHERE id = 400083009;
UPDATE m_suit SET display_order = 1999642 WHERE id = 400093007;
UPDATE m_suit SET display_order = 1999643 WHERE id = 401012007;
UPDATE m_suit SET display_order = 1999644 WHERE id = 401022007;
UPDATE m_suit SET display_order = 1999645 WHERE id = 401043006;
UPDATE m_suit SET display_order = 1999646 WHERE id = 401063006;
UPDATE m_suit SET display_order = 1999647 WHERE id = 401072008;
UPDATE m_suit SET display_order = 1999648 WHERE id = 401083009;
UPDATE m_suit SET display_order = 1999649 WHERE id = 401092010;
UPDATE m_suit SET display_order = 1999650 WHERE id = 402013005;
UPDATE m_suit SET display_order = 1999651 WHERE id = 402042006;
UPDATE m_suit SET display_order = 1999652 WHERE id = 402053007;
UPDATE m_suit SET display_order = 1999653 WHERE id = 402073005;
UPDATE m_suit SET display_order = 1999654 WHERE id = 402083005;
UPDATE m_suit SET display_order = 1999655 WHERE id = 402092008;
UPDATE m_suit SET display_order = 1999656 WHERE id = 201033103;
UPDATE m_suit SET display_order = 1999657 WHERE id = 202023103;
UPDATE m_suit SET display_order = 1999658 WHERE id = 202033103;
UPDATE m_suit SET display_order = 1999659 WHERE id = 202113101;
UPDATE m_suit SET display_order = 1999660 WHERE id = 310119;
UPDATE m_suit SET display_order = 1999661 WHERE id = 310722;
UPDATE m_suit SET display_order = 1999662 WHERE id = 320617;
UPDATE m_suit SET display_order = 1999663 WHERE id = 321016;
UPDATE m_suit SET display_order = 1999664 WHERE id = 321106;
UPDATE m_suit SET display_order = 1999665 WHERE id = 321206;
UPDATE m_suit SET display_order = 1999666 WHERE id = 200072002;
UPDATE m_suit SET display_order = 1999667 WHERE id = 200093003;
UPDATE m_suit SET display_order = 1999668 WHERE id = 201042002;
UPDATE m_suit SET display_order = 1999669 WHERE id = 201053003;
UPDATE m_suit SET display_order = 1999670 WHERE id = 201072002;
UPDATE m_suit SET display_order = 1999671 WHERE id = 202082002;
UPDATE m_suit SET display_order = 1999672 WHERE id = 202093003;
UPDATE m_suit SET display_order = 1999673 WHERE id = 202102002;
UPDATE m_suit SET display_order = 1999674 WHERE id = 301062003;
UPDATE m_suit SET display_order = 1999675 WHERE id = 302072004;
UPDATE m_suit SET display_order = 1999676 WHERE id = 302123001;
UPDATE m_suit SET display_order = 1999677 WHERE id = 200013004;
UPDATE m_suit SET display_order = 1999678 WHERE id = 400023009;
UPDATE m_suit SET display_order = 1999679 WHERE id = 400033009;
UPDATE m_suit SET display_order = 1999680 WHERE id = 400043009;
UPDATE m_suit SET display_order = 1999681 WHERE id = 400052009;
UPDATE m_suit SET display_order = 1999682 WHERE id = 400082008;
UPDATE m_suit SET display_order = 1999683 WHERE id = 401023007;
UPDATE m_suit SET display_order = 1999684 WHERE id = 401032006;
UPDATE m_suit SET display_order = 1999685 WHERE id = 401082010;
UPDATE m_suit SET display_order = 1999686 WHERE id = 401093008;
UPDATE m_suit SET display_order = 1999687 WHERE id = 402013006;
UPDATE m_suit SET display_order = 1999688 WHERE id = 402023005;
UPDATE m_suit SET display_order = 1999689 WHERE id = 402032006;
UPDATE m_suit SET display_order = 1999690 WHERE id = 402042007;
UPDATE m_suit SET display_order = 1999691 WHERE id = 402052006;
UPDATE m_suit SET display_order = 1999692 WHERE id = 402062007;
UPDATE m_suit SET display_order = 1999693 WHERE id = 200093103;
UPDATE m_suit SET display_order = 1999694 WHERE id = 201053103;
UPDATE m_suit SET display_order = 1999695 WHERE id = 202093103;
UPDATE m_suit SET display_order = 1999696 WHERE id = 302123101;
UPDATE m_suit SET display_order = 1999697 WHERE id = 200013104;
UPDATE m_suit SET display_order = 1999698 WHERE id = 300318;
UPDATE m_suit SET display_order = 1999699 WHERE id = 300418;
UPDATE m_suit SET display_order = 1999700 WHERE id = 300518;
UPDATE m_suit SET display_order = 1999701 WHERE id = 300618;
UPDATE m_suit SET display_order = 1999702 WHERE id = 300818;
UPDATE m_suit SET display_order = 1999703 WHERE id = 300118;
UPDATE m_suit SET display_order = 1999704 WHERE id = 300317;
UPDATE m_suit SET display_order = 1999705 WHERE id = 300417;
UPDATE m_suit SET display_order = 1999706 WHERE id = 300517;
UPDATE m_suit SET display_order = 1999707 WHERE id = 300617;
UPDATE m_suit SET display_order = 1999708 WHERE id = 300817;
UPDATE m_suit SET display_order = 1999709 WHERE id = 310121;
UPDATE m_suit SET display_order = 1999710 WHERE id = 310221;
UPDATE m_suit SET display_order = 1999711 WHERE id = 310322;
UPDATE m_suit SET display_order = 1999712 WHERE id = 310422;
UPDATE m_suit SET display_order = 1999713 WHERE id = 310521;
UPDATE m_suit SET display_order = 1999714 WHERE id = 310621;
UPDATE m_suit SET display_order = 1999715 WHERE id = 310723;
UPDATE m_suit SET display_order = 1999716 WHERE id = 321104;
UPDATE m_suit SET display_order = 1999717 WHERE id = 321204;
UPDATE m_suit SET display_order = 1999718 WHERE id = 300117;
UPDATE m_suit SET display_order = 1999719 WHERE id = 200092001;
UPDATE m_suit SET display_order = 1999720 WHERE id = 201032003;
UPDATE m_suit SET display_order = 1999721 WHERE id = 202053003;
UPDATE m_suit SET display_order = 1999722 WHERE id = 202083003;
UPDATE m_suit SET display_order = 1999723 WHERE id = 202092001;
UPDATE m_suit SET display_order = 1999724 WHERE id = 300073003;
UPDATE m_suit SET display_order = 1999725 WHERE id = 301023002;
UPDATE m_suit SET display_order = 1999726 WHERE id = 301093003;
UPDATE m_suit SET display_order = 1999727 WHERE id = 302072005;
UPDATE m_suit SET display_order = 1999728 WHERE id = 400022009;
UPDATE m_suit SET display_order = 1999729 WHERE id = 401013006;
UPDATE m_suit SET display_order = 1999730 WHERE id = 401043007;
UPDATE m_suit SET display_order = 1999731 WHERE id = 401053006;
UPDATE m_suit SET display_order = 1999732 WHERE id = 401062006;
UPDATE m_suit SET display_order = 1999733 WHERE id = 401073007;
UPDATE m_suit SET display_order = 1999734 WHERE id = 402012007;
UPDATE m_suit SET display_order = 1999735 WHERE id = 402022007;
UPDATE m_suit SET display_order = 1999736 WHERE id = 402033006;
UPDATE m_suit SET display_order = 1999737 WHERE id = 402043007;
UPDATE m_suit SET display_order = 1999738 WHERE id = 402063006;
UPDATE m_suit SET display_order = 1999739 WHERE id = 402103002;
UPDATE m_suit SET display_order = 1999740 WHERE id = 402112002;
UPDATE m_suit SET display_order = 1999741 WHERE id = 402122001;
UPDATE m_suit SET display_order = 1999742 WHERE id = 202053103;
UPDATE m_suit SET display_order = 1999743 WHERE id = 202083103;
UPDATE m_suit SET display_order = 1999744 WHERE id = 300073103;
UPDATE m_suit SET display_order = 1999745 WHERE id = 301023102;
UPDATE m_suit SET display_order = 1999746 WHERE id = 301093103;
UPDATE m_suit SET display_order = 1999747 WHERE id = 300218;
UPDATE m_suit SET display_order = 1999748 WHERE id = 300718;
UPDATE m_suit SET display_order = 1999749 WHERE id = 300217;
UPDATE m_suit SET display_order = 1999750 WHERE id = 300717;
UPDATE m_suit SET display_order = 1999751 WHERE id = 310222;
UPDATE m_suit SET display_order = 1999752 WHERE id = 310323;
UPDATE m_suit SET display_order = 1999753 WHERE id = 310522;
UPDATE m_suit SET display_order = 1999754 WHERE id = 310622;
UPDATE m_suit SET display_order = 1999755 WHERE id = 310724;
UPDATE m_suit SET display_order = 1999756 WHERE id = 320219;
UPDATE m_suit SET display_order = 1999757 WHERE id = 201022001;
UPDATE m_suit SET display_order = 1999758 WHERE id = 202043003;
UPDATE m_suit SET display_order = 1999759 WHERE id = 202112001;
UPDATE m_suit SET display_order = 1999760 WHERE id = 202123001;
UPDATE m_suit SET display_order = 1999761 WHERE id = 301092003;
UPDATE m_suit SET display_order = 1999762 WHERE id = 302032002;
UPDATE m_suit SET display_order = 1999763 WHERE id = 400092009;
UPDATE m_suit SET display_order = 1999764 WHERE id = 401012008;
UPDATE m_suit SET display_order = 1999765 WHERE id = 401033006;
UPDATE m_suit SET display_order = 1999766 WHERE id = 401042005;
UPDATE m_suit SET display_order = 1999767 WHERE id = 401052006;
UPDATE m_suit SET display_order = 1999768 WHERE id = 401063007;
UPDATE m_suit SET display_order = 1999769 WHERE id = 401072009;
UPDATE m_suit SET display_order = 1999770 WHERE id = 402012008;
UPDATE m_suit SET display_order = 1999771 WHERE id = 402023006;
UPDATE m_suit SET display_order = 1999772 WHERE id = 402052007;
UPDATE m_suit SET display_order = 1999773 WHERE id = 402062008;
UPDATE m_suit SET display_order = 1999774 WHERE id = 402073006;
UPDATE m_suit SET display_order = 1999775 WHERE id = 402082007;
UPDATE m_suit SET display_order = 1999776 WHERE id = 402093006;
UPDATE m_suit SET display_order = 1999777 WHERE id = 402102003;
UPDATE m_suit SET display_order = 1999778 WHERE id = 202043103;
UPDATE m_suit SET display_order = 1999779 WHERE id = 202123101;
UPDATE m_suit SET display_order = 1999780 WHERE id = 310122;
UPDATE m_suit SET display_order = 1999781 WHERE id = 310223;
UPDATE m_suit SET display_order = 1999782 WHERE id = 310423;
UPDATE m_suit SET display_order = 1999783 WHERE id = 320119;
UPDATE m_suit SET display_order = 1999784 WHERE id = 320419;
UPDATE m_suit SET display_order = 1999785 WHERE id = 320619;
UPDATE m_suit SET display_order = 1999786 WHERE id = 320819;
UPDATE m_suit SET display_order = 1999787 WHERE id = 320919;
UPDATE m_suit SET display_order = 1999788 WHERE id = 321108;
UPDATE m_suit SET display_order = 1999789 WHERE id = 321208;
UPDATE m_suit SET display_order = 1999790 WHERE id = 201062003;
UPDATE m_suit SET display_order = 1999791 WHERE id = 201073003;
UPDATE m_suit SET display_order = 1999792 WHERE id = 202013003;
UPDATE m_suit SET display_order = 1999793 WHERE id = 202022002;
UPDATE m_suit SET display_order = 1999794 WHERE id = 202052002;
UPDATE m_suit SET display_order = 1999795 WHERE id = 202092002;
UPDATE m_suit SET display_order = 1999796 WHERE id = 302062004;
UPDATE m_suit SET display_order = 1999797 WHERE id = 400093008;
UPDATE m_suit SET display_order = 1999798 WHERE id = 401013007;
UPDATE m_suit SET display_order = 1999799 WHERE id = 401022008;
UPDATE m_suit SET display_order = 1999800 WHERE id = 401032007;
UPDATE m_suit SET display_order = 1999801 WHERE id = 401042006;
UPDATE m_suit SET display_order = 1999802 WHERE id = 401053007;
UPDATE m_suit SET display_order = 1999803 WHERE id = 402033007;
UPDATE m_suit SET display_order = 1999804 WHERE id = 402042008;
UPDATE m_suit SET display_order = 1999805 WHERE id = 402072006;
UPDATE m_suit SET display_order = 1999806 WHERE id = 402083006;
UPDATE m_suit SET display_order = 1999807 WHERE id = 402103003;
UPDATE m_suit SET display_order = 1999808 WHERE id = 402113002;
UPDATE m_suit SET display_order = 1999809 WHERE id = 402122002;
UPDATE m_suit SET display_order = 1999810 WHERE id = 201073103;
UPDATE m_suit SET display_order = 1999811 WHERE id = 202013103;
UPDATE m_suit SET display_order = 1999812 WHERE id = 310123;
UPDATE m_suit SET display_order = 1999813 WHERE id = 310424;
UPDATE m_suit SET display_order = 1999814 WHERE id = 310523;
UPDATE m_suit SET display_order = 1999815 WHERE id = 310623;
UPDATE m_suit SET display_order = 1999816 WHERE id = 320122;
UPDATE m_suit SET display_order = 1999817 WHERE id = 320319;
UPDATE m_suit SET display_order = 1999818 WHERE id = 320519;
UPDATE m_suit SET display_order = 1999819 WHERE id = 320920;
UPDATE m_suit SET display_order = 1999820 WHERE id = 201013003;
UPDATE m_suit SET display_order = 1999821 WHERE id = 202022003;
UPDATE m_suit SET display_order = 1999822 WHERE id = 301063003;
UPDATE m_suit SET display_order = 1999823 WHERE id = 302043002;
UPDATE m_suit SET display_order = 1999824 WHERE id = 302113001;
UPDATE m_suit SET display_order = 1999825 WHERE id = 400092010;
UPDATE m_suit SET display_order = 1999826 WHERE id = 401023008;
UPDATE m_suit SET display_order = 1999827 WHERE id = 401033007;
UPDATE m_suit SET display_order = 1999828 WHERE id = 401043008;
UPDATE m_suit SET display_order = 1999829 WHERE id = 401052007;
UPDATE m_suit SET display_order = 1999830 WHERE id = 401072010;
UPDATE m_suit SET display_order = 1999831 WHERE id = 402032007;
UPDATE m_suit SET display_order = 1999832 WHERE id = 402053008;
UPDATE m_suit SET display_order = 1999833 WHERE id = 402063007;
UPDATE m_suit SET display_order = 1999834 WHERE id = 402073007;
UPDATE m_suit SET display_order = 1999835 WHERE id = 402083007;
UPDATE m_suit SET display_order = 1999836 WHERE id = 402093007;
UPDATE m_suit SET display_order = 1999837 WHERE id = 402103004;
UPDATE m_suit SET display_order = 1999838 WHERE id = 402122003;
UPDATE m_suit SET display_order = 1999839 WHERE id = 201013103;
UPDATE m_suit SET display_order = 1999840 WHERE id = 301063103;
UPDATE m_suit SET display_order = 1999841 WHERE id = 302043102;
UPDATE m_suit SET display_order = 1999842 WHERE id = 302113101;
UPDATE m_suit SET display_order = 1999843 WHERE id = 310324;
UPDATE m_suit SET display_order = 1999844 WHERE id = 310524;
UPDATE m_suit SET display_order = 1999845 WHERE id = 310624;
UPDATE m_suit SET display_order = 1999846 WHERE id = 320120;
UPDATE m_suit SET display_order = 1999847 WHERE id = 320220;
UPDATE m_suit SET display_order = 1999848 WHERE id = 320322;
UPDATE m_suit SET display_order = 1999849 WHERE id = 320620;
UPDATE m_suit SET display_order = 1999850 WHERE id = 320719;
UPDATE m_suit SET display_order = 1999851 WHERE id = 320820;
UPDATE m_suit SET display_order = 1999852 WHERE id = 321019;
UPDATE m_suit SET display_order = 1999853 WHERE id = 321109;
UPDATE m_suit SET display_order = 1999854 WHERE id = 321209;
UPDATE m_suit SET display_order = 1999855 WHERE id = 202062001;
UPDATE m_suit SET display_order = 1999856 WHERE id = 202082003;
UPDATE m_suit SET display_order = 1999857 WHERE id = 300093003;
UPDATE m_suit SET display_order = 1999858 WHERE id = 301022004;
UPDATE m_suit SET display_order = 1999859 WHERE id = 302023003;
UPDATE m_suit SET display_order = 1999860 WHERE id = 302033002;
UPDATE m_suit SET display_order = 1999861 WHERE id = 401012009;
UPDATE m_suit SET display_order = 1999862 WHERE id = 401033008;
UPDATE m_suit SET display_order = 1999863 WHERE id = 401042007;
UPDATE m_suit SET display_order = 1999864 WHERE id = 401052008;
UPDATE m_suit SET display_order = 1999865 WHERE id = 401063008;
UPDATE m_suit SET display_order = 1999866 WHERE id = 401073008;
UPDATE m_suit SET display_order = 1999867 WHERE id = 402013007;
UPDATE m_suit SET display_order = 1999868 WHERE id = 402042009;
UPDATE m_suit SET display_order = 1999869 WHERE id = 402052008;
UPDATE m_suit SET display_order = 1999870 WHERE id = 402092009;
UPDATE m_suit SET display_order = 1999871 WHERE id = 402102004;
UPDATE m_suit SET display_order = 1999872 WHERE id = 402112003;
UPDATE m_suit SET display_order = 1999873 WHERE id = 402123002;
UPDATE m_suit SET display_order = 1999874 WHERE id = 300093103;
UPDATE m_suit SET display_order = 1999875 WHERE id = 302023103;
UPDATE m_suit SET display_order = 1999876 WHERE id = 302033102;
UPDATE m_suit SET display_order = 1999877 WHERE id = 320121;
UPDATE m_suit SET display_order = 1999878 WHERE id = 320221;
UPDATE m_suit SET display_order = 1999879 WHERE id = 320320;
UPDATE m_suit SET display_order = 1999880 WHERE id = 320420;
UPDATE m_suit SET display_order = 1999881 WHERE id = 320520;
UPDATE m_suit SET display_order = 1999882 WHERE id = 320720;
UPDATE m_suit SET display_order = 1999883 WHERE id = 321022;
UPDATE m_suit SET display_order = 1999884 WHERE id = 201062004;
UPDATE m_suit SET display_order = 1999885 WHERE id = 202063003;
UPDATE m_suit SET display_order = 1999886 WHERE id = 202073003;
UPDATE m_suit SET display_order = 1999887 WHERE id = 202103003;
UPDATE m_suit SET display_order = 1999888 WHERE id = 301032003;
UPDATE m_suit SET display_order = 1999889 WHERE id = 302092003;
UPDATE m_suit SET display_order = 1999890 WHERE id = 400092011;
UPDATE m_suit SET display_order = 1999891 WHERE id = 401013008;
UPDATE m_suit SET display_order = 1999892 WHERE id = 401023009;
UPDATE m_suit SET display_order = 1999893 WHERE id = 401043009;
UPDATE m_suit SET display_order = 1999894 WHERE id = 401053008;
UPDATE m_suit SET display_order = 1999895 WHERE id = 401072011;
UPDATE m_suit SET display_order = 1999896 WHERE id = 402012009;
UPDATE m_suit SET display_order = 1999897 WHERE id = 402023007;
UPDATE m_suit SET display_order = 1999898 WHERE id = 402032008;
UPDATE m_suit SET display_order = 1999899 WHERE id = 402043008;
UPDATE m_suit SET display_order = 1999900 WHERE id = 402053009;
UPDATE m_suit SET display_order = 1999901 WHERE id = 402083008;
UPDATE m_suit SET display_order = 1999902 WHERE id = 402113003;
UPDATE m_suit SET display_order = 1999903 WHERE id = 402122004;
UPDATE m_suit SET display_order = 1999904 WHERE id = 202063103;
UPDATE m_suit SET display_order = 1999905 WHERE id = 202073103;
UPDATE m_suit SET display_order = 1999906 WHERE id = 202103103;
UPDATE m_suit SET display_order = 1999907 WHERE id = 320321;
UPDATE m_suit SET display_order = 1999908 WHERE id = 320421;
UPDATE m_suit SET display_order = 1999909 WHERE id = 320521;
UPDATE m_suit SET display_order = 1999910 WHERE id = 320621;
UPDATE m_suit SET display_order = 1999911 WHERE id = 320821;
UPDATE m_suit SET display_order = 1999912 WHERE id = 320921;
UPDATE m_suit SET display_order = 1999913 WHERE id = 321020;
UPDATE m_suit SET display_order = 1999914 WHERE id = 321111;
UPDATE m_suit SET display_order = 1999915 WHERE id = 321211;
UPDATE m_suit SET display_order = 1999916 WHERE id = 201012003;
UPDATE m_suit SET display_order = 1999917 WHERE id = 201023003;
UPDATE m_suit SET display_order = 1999918 WHERE id = 201043003;
UPDATE m_suit SET display_order = 1999919 WHERE id = 201063003;
UPDATE m_suit SET display_order = 1999920 WHERE id = 201073004;
UPDATE m_suit SET display_order = 1999921 WHERE id = 202012002;
UPDATE m_suit SET display_order = 1999922 WHERE id = 202042002;
UPDATE m_suit SET display_order = 1999923 WHERE id = 202082004;
UPDATE m_suit SET display_order = 1999924 WHERE id = 202093004;
UPDATE m_suit SET display_order = 1999925 WHERE id = 302022004;
UPDATE m_suit SET display_order = 1999926 WHERE id = 302102002;
UPDATE m_suit SET display_order = 1999927 WHERE id = 400093009;
UPDATE m_suit SET display_order = 1999928 WHERE id = 401032008;
UPDATE m_suit SET display_order = 1999929 WHERE id = 401052009;
UPDATE m_suit SET display_order = 1999930 WHERE id = 402033008;
UPDATE m_suit SET display_order = 1999931 WHERE id = 402052009;
UPDATE m_suit SET display_order = 1999932 WHERE id = 402062009;
UPDATE m_suit SET display_order = 1999933 WHERE id = 402072007;
UPDATE m_suit SET display_order = 1999934 WHERE id = 201023103;
UPDATE m_suit SET display_order = 1999935 WHERE id = 201043103;
UPDATE m_suit SET display_order = 1999936 WHERE id = 201063103;
UPDATE m_suit SET display_order = 1999937 WHERE id = 201073104;
UPDATE m_suit SET display_order = 1999938 WHERE id = 202093104;
UPDATE m_suit SET display_order = 1999939 WHERE id = 300918;
UPDATE m_suit SET display_order = 1999940 WHERE id = 300917;
UPDATE m_suit SET display_order = 1999941 WHERE id = 320721;
UPDATE m_suit SET display_order = 1999942 WHERE id = 321021;
UPDATE m_suit SET display_order = 1999943 WHERE id = 321110;
UPDATE m_suit SET display_order = 1999944 WHERE id = 321210;
UPDATE m_suit SET display_order = 1999945 WHERE id = 201022002;
UPDATE m_suit SET display_order = 1999946 WHERE id = 202013004;
UPDATE m_suit SET display_order = 1999947 WHERE id = 301013003;
UPDATE m_suit SET display_order = 1999948 WHERE id = 401033009;
UPDATE m_suit SET display_order = 1999949 WHERE id = 401042008;
UPDATE m_suit SET display_order = 1999950 WHERE id = 401053009;
UPDATE m_suit SET display_order = 1999951 WHERE id = 401062007;
UPDATE m_suit SET display_order = 1999952 WHERE id = 402032009;
UPDATE m_suit SET display_order = 1999953 WHERE id = 402053010;
UPDATE m_suit SET display_order = 1999954 WHERE id = 402063008;
UPDATE m_suit SET display_order = 1999955 WHERE id = 402073008;
UPDATE m_suit SET display_order = 1999956 WHERE id = 402102005;
UPDATE m_suit SET display_order = 1999957 WHERE id = 402112004;
UPDATE m_suit SET display_order = 1999958 WHERE id = 402123003;
UPDATE m_suit SET display_order = 1999959 WHERE id = 202013104;
UPDATE m_suit SET display_order = 1999960 WHERE id = 301013103;
UPDATE m_suit SET display_order = 1999961 WHERE id = 310225;
UPDATE m_suit SET display_order = 1999962 WHERE id = 310326;
UPDATE m_suit SET display_order = 1999963 WHERE id = 310426;
UPDATE m_suit SET display_order = 1999964 WHERE id = 310526;
UPDATE m_suit SET display_order = 1999965 WHERE id = 310626;
UPDATE m_suit SET display_order = 1999966 WHERE id = 310726;
UPDATE m_suit SET display_order = 1999967 WHERE id = 310825;
UPDATE m_suit SET display_order = 1999968 WHERE id = 310926;
UPDATE m_suit SET display_order = 1999969 WHERE id = 310224;
UPDATE m_suit SET display_order = 1999970 WHERE id = 310325;
UPDATE m_suit SET display_order = 1999971 WHERE id = 310425;
UPDATE m_suit SET display_order = 1999972 WHERE id = 310525;
UPDATE m_suit SET display_order = 1999973 WHERE id = 310625;
UPDATE m_suit SET display_order = 1999974 WHERE id = 310725;
UPDATE m_suit SET display_order = 1999975 WHERE id = 310824;
UPDATE m_suit SET display_order = 1999976 WHERE id = 310925;
UPDATE m_suit SET display_order = 1999977 WHERE id = 320123;
UPDATE m_suit SET display_order = 1999978 WHERE id = 320222;
UPDATE m_suit SET display_order = 1999979 WHERE id = 320323;
UPDATE m_suit SET display_order = 1999980 WHERE id = 320422;
UPDATE m_suit SET display_order = 1999981 WHERE id = 320522;
UPDATE m_suit SET display_order = 1999982 WHERE id = 320622;
UPDATE m_suit SET display_order = 1999983 WHERE id = 320822;
UPDATE m_suit SET display_order = 1999984 WHERE id = 320922;
UPDATE m_suit SET display_order = 1999985 WHERE id = 202112002;
UPDATE m_suit SET display_order = 1999986 WHERE id = 401012010;
UPDATE m_suit SET display_order = 1999987 WHERE id = 402072008;
UPDATE m_suit SET display_order = 1999988 WHERE id = 402103005;
UPDATE m_suit SET display_order = 1999989 WHERE id = 402123004;
UPDATE m_suit SET display_order = 1999990 WHERE id = 310125;
UPDATE m_suit SET display_order = 1999991 WHERE id = 321008;
UPDATE m_suit SET display_order = 1999992 WHERE id = 310124;
UPDATE m_suit SET display_order = 1999993 WHERE id = 320722;
UPDATE m_suit SET display_order = 1999994 WHERE id = 321023;
UPDATE m_suit SET display_order = 1999995 WHERE id = 402113004;
UPDATE m_suit SET display_order = 1999996 WHERE id = 402122005;
UPDATE m_suit SET display_order = 1999997 WHERE id = 321113;
UPDATE m_suit SET display_order = 1999998 WHERE id = 321213;
UPDATE m_suit SET display_order = 1999999 WHERE id = 321112;
UPDATE m_suit SET display_order = 2000000 WHERE id = 321212;
-- Unlock expert difficulty
UPDATE m_live_difficulty SET unlock_pattern = 1 WHERE live_difficulty_id = 10118401;
UPDATE m_live_difficulty SET unlock_pattern = 1 WHERE live_difficulty_id = 11008401;
-- restore mission
UPDATE m_mission SET end_at = NULL WHERE id = 900003303;
UPDATE m_mission SET end_at = NULL WHERE id = 301400010;
UPDATE m_mission SET end_at = NULL WHERE id = 301400013;
UPDATE m_mission SET end_at = NULL WHERE id = 301400016;
UPDATE m_mission SET end_at = NULL WHERE id = 301400019;
UPDATE m_mission SET end_at = NULL WHERE id = 301400022;
UPDATE m_mission SET end_at = NULL WHERE id = 301400025;
UPDATE m_mission SET end_at = NULL WHERE id = 301400028;
UPDATE m_mission SET end_at = NULL WHERE id = 301400031;
UPDATE m_mission SET end_at = NULL WHERE id = 301400034;
UPDATE m_mission SET end_at = NULL WHERE id = 301400037;
UPDATE m_mission SET end_at = NULL WHERE id = 301400040;
UPDATE m_mission SET end_at = NULL WHERE id = 301400043;
UPDATE m_mission SET end_at = NULL WHERE id = 301400046;
UPDATE m_mission SET end_at = NULL WHERE id = 301400049;
UPDATE m_mission SET end_at = NULL WHERE id = 301400052;
UPDATE m_mission SET end_at = NULL WHERE id = 301400055;
UPDATE m_mission SET end_at = NULL WHERE id = 301400058;
UPDATE m_mission SET end_at = NULL WHERE id = 301400061;
UPDATE m_mission SET end_at = NULL WHERE id = 301400064;
UPDATE m_mission SET end_at = NULL WHERE id = 301400067;
UPDATE m_mission SET end_at = NULL WHERE id = 301400070;
UPDATE m_mission SET end_at = NULL WHERE id = 301400073;
UPDATE m_mission SET end_at = NULL WHERE id = 301400076;
UPDATE m_mission SET end_at = NULL WHERE id = 301400079;
UPDATE m_mission SET end_at = NULL WHERE id = 301400082;
UPDATE m_mission SET end_at = NULL WHERE id = 301400085;
UPDATE m_mission SET end_at = NULL WHERE id = 301400088;
UPDATE m_mission SET end_at = NULL WHERE id = 301400091;
UPDATE m_mission SET end_at = NULL WHERE id = 301400094;
UPDATE m_mission SET end_at = NULL WHERE id = 301400097;
UPDATE m_mission SET end_at = NULL WHERE id = 301400100;
UPDATE m_mission SET end_at = NULL WHERE id = 301400103;
UPDATE m_mission SET end_at = NULL WHERE id = 301400106;
UPDATE m_mission SET end_at = NULL WHERE id = 301400109;
UPDATE m_mission SET end_at = NULL WHERE id = 301400112;
UPDATE m_mission SET end_at = NULL WHERE id = 301400115;
UPDATE m_mission SET end_at = NULL WHERE id = 301400118;
UPDATE m_mission SET end_at = NULL WHERE id = 301400121;
UPDATE m_mission SET end_at = NULL WHERE id = 301400124;
UPDATE m_mission SET end_at = NULL WHERE id = 301400127;
UPDATE m_mission SET end_at = NULL WHERE id = 301400130;
UPDATE m_mission SET end_at = NULL WHERE id = 301400133;
UPDATE m_mission SET end_at = NULL WHERE id = 301400136;
UPDATE m_mission SET end_at = NULL WHERE id = 301400139;
UPDATE m_mission SET end_at = NULL WHERE id = 301400142;
UPDATE m_mission SET end_at = NULL WHERE id = 301400145;
UPDATE m_mission SET end_at = NULL WHERE id = 301400148;
UPDATE m_mission SET end_at = NULL WHERE id = 301400151;
UPDATE m_mission SET end_at = NULL WHERE id = 301400154;
UPDATE m_mission SET end_at = NULL WHERE id = 301400157;
UPDATE m_mission SET end_at = NULL WHERE id = 301400160;
UPDATE m_mission SET end_at = NULL WHERE id = 301400163;
UPDATE m_mission SET end_at = NULL WHERE id = 301400166;
UPDATE m_mission SET end_at = NULL WHERE id = 301400169;
UPDATE m_mission SET end_at = NULL WHERE id = 301400172;
UPDATE m_mission SET end_at = NULL WHERE id = 301400175;
UPDATE m_mission SET end_at = NULL WHERE id = 301400178;
UPDATE m_mission SET end_at = NULL WHERE id = 301400181;
UPDATE m_mission SET end_at = NULL WHERE id = 301400184;
UPDATE m_mission SET end_at = NULL WHERE id = 301400187;
UPDATE m_mission SET end_at = NULL WHERE id = 301400190;
UPDATE m_mission SET end_at = NULL WHERE id = 301400193;
UPDATE m_mission SET end_at = NULL WHERE id = 301400196;
UPDATE m_mission SET end_at = NULL WHERE id = 301400199;
UPDATE m_mission SET end_at = NULL WHERE id = 301400202;
UPDATE m_mission SET end_at = NULL WHERE id = 301400205;
UPDATE m_mission SET end_at = NULL WHERE id = 301400208;
UPDATE m_mission SET end_at = NULL WHERE id = 301400211;
UPDATE m_mission SET end_at = NULL WHERE id = 301400214;
UPDATE m_mission SET end_at = NULL WHERE id = 301400217;
UPDATE m_mission SET end_at = NULL WHERE id = 301400220;
UPDATE m_mission SET end_at = NULL WHERE id = 301400223;
UPDATE m_mission SET end_at = NULL WHERE id = 301400226;
UPDATE m_mission SET end_at = NULL WHERE id = 301400229;
UPDATE m_mission SET end_at = NULL WHERE id = 301400232;
UPDATE m_mission SET end_at = NULL WHERE id = 301400235;
UPDATE m_mission SET end_at = NULL WHERE id = 301400238;
UPDATE m_mission SET end_at = NULL WHERE id = 301400241;
UPDATE m_mission SET end_at = NULL WHERE id = 301400244;
UPDATE m_mission SET end_at = NULL WHERE id = 301400247;
UPDATE m_mission SET end_at = NULL WHERE id = 301400250;
UPDATE m_mission SET end_at = NULL WHERE id = 301400253;
UPDATE m_mission SET end_at = NULL WHERE id = 301400256;
UPDATE m_mission SET end_at = NULL WHERE id = 301400259;
UPDATE m_mission SET end_at = NULL WHERE id = 301400262;
UPDATE m_mission SET end_at = NULL WHERE id = 301400265;
UPDATE m_mission SET end_at = NULL WHERE id = 301400268;
UPDATE m_mission SET end_at = NULL WHERE id = 301400271;
UPDATE m_mission SET end_at = NULL WHERE id = 301400313;
UPDATE m_mission SET end_at = NULL WHERE id = 301400316;
UPDATE m_mission SET end_at = NULL WHERE id = 301400319;
UPDATE m_mission SET end_at = NULL WHERE id = 301400322;
UPDATE m_mission SET end_at = NULL WHERE id = 301400325;
UPDATE m_mission SET end_at = NULL WHERE id = 301400328;
UPDATE m_mission SET end_at = NULL WHERE id = 301400331;
UPDATE m_mission SET end_at = NULL WHERE id = 301400334;
UPDATE m_mission SET end_at = NULL WHERE id = 301400337;
UPDATE m_mission SET end_at = NULL WHERE id = 301400340;
UPDATE m_mission SET end_at = NULL WHERE id = 301400343;
UPDATE m_mission SET end_at = NULL WHERE id = 301400346;
UPDATE m_mission SET end_at = NULL WHERE id = 301400349;
UPDATE m_mission SET end_at = NULL WHERE id = 301400352;
UPDATE m_mission SET end_at = NULL WHERE id = 301400355;
UPDATE m_mission SET end_at = NULL WHERE id = 301400358;
UPDATE m_mission SET end_at = NULL WHERE id = 301400361;
UPDATE m_mission SET end_at = NULL WHERE id = 301400364;
UPDATE m_mission SET end_at = NULL WHERE id = 301400367;
UPDATE m_mission SET end_at = NULL WHERE id = 301400370;
UPDATE m_mission SET end_at = NULL WHERE id = 301400373;
UPDATE m_mission SET end_at = NULL WHERE id = 301400376;
UPDATE m_mission SET end_at = NULL WHERE id = 301400379;
UPDATE m_mission SET end_at = NULL WHERE id = 301400382;
UPDATE m_mission SET end_at = NULL WHERE id = 301400385;
UPDATE m_mission SET end_at = NULL WHERE id = 301400388;
UPDATE m_mission SET end_at = NULL WHERE id = 301400391;
UPDATE m_mission SET end_at = NULL WHERE id = 301400394;
UPDATE m_mission SET end_at = NULL WHERE id = 301400397;
UPDATE m_mission SET end_at = NULL WHERE id = 301400400;
UPDATE m_mission SET end_at = NULL WHERE id = 301400403;
UPDATE m_mission SET end_at = NULL WHERE id = 301400406;
UPDATE m_mission SET end_at = NULL WHERE id = 301400409;
UPDATE m_mission SET end_at = NULL WHERE id = 301400412;
UPDATE m_mission SET end_at = NULL WHERE id = 301400415;
UPDATE m_mission SET end_at = NULL WHERE id = 301400418;
UPDATE m_mission SET end_at = NULL WHERE id = 301400421;
UPDATE m_mission SET end_at = NULL WHERE id = 301400424;
UPDATE m_mission SET end_at = NULL WHERE id = 301400427;
UPDATE m_mission SET end_at = NULL WHERE id = 301400430;
UPDATE m_mission SET end_at = NULL WHERE id = 301400433;
UPDATE m_mission SET end_at = NULL WHERE id = 301400436;
UPDATE m_mission SET end_at = NULL WHERE id = 301400439;
UPDATE m_mission SET end_at = NULL WHERE id = 301400442;
UPDATE m_mission SET end_at = NULL WHERE id = 301400445;
UPDATE m_mission SET end_at = NULL WHERE id = 301400448;
UPDATE m_mission SET end_at = NULL WHERE id = 301400451;
UPDATE m_mission SET end_at = NULL WHERE id = 301400454;
UPDATE m_mission SET end_at = NULL WHERE id = 301400457;
UPDATE m_mission SET end_at = NULL WHERE id = 301400460;
UPDATE m_mission SET end_at = NULL WHERE id = 301400463;
UPDATE m_mission SET end_at = NULL WHERE id = 301400466;
UPDATE m_mission SET end_at = NULL WHERE id = 301400469;
UPDATE m_mission SET end_at = NULL WHERE id = 301400472;
UPDATE m_mission SET end_at = NULL WHERE id = 301400475;
UPDATE m_mission SET end_at = NULL WHERE id = 301400478;
UPDATE m_mission SET end_at = NULL WHERE id = 301400481;
UPDATE m_mission SET end_at = NULL WHERE id = 301400484;
UPDATE m_mission SET end_at = NULL WHERE id = 301400487;
UPDATE m_mission SET end_at = NULL WHERE id = 301400490;
UPDATE m_mission SET end_at = NULL WHERE id = 301400493;
UPDATE m_mission SET end_at = NULL WHERE id = 301400496;
UPDATE m_mission SET end_at = NULL WHERE id = 301400499;
UPDATE m_mission SET end_at = NULL WHERE id = 301400502;
UPDATE m_mission SET end_at = NULL WHERE id = 301400505;
UPDATE m_mission SET end_at = NULL WHERE id = 301400508;
UPDATE m_mission SET end_at = NULL WHERE id = 301400511;
UPDATE m_mission SET end_at = NULL WHERE id = 301400514;
UPDATE m_mission SET end_at = NULL WHERE id = 301400517;
UPDATE m_mission SET end_at = NULL WHERE id = 301400520;
UPDATE m_mission SET end_at = NULL WHERE id = 301400523;
UPDATE m_mission SET end_at = NULL WHERE id = 301400526;
UPDATE m_mission SET end_at = NULL WHERE id = 301400529;
UPDATE m_mission SET end_at = NULL WHERE id = 301400532;
UPDATE m_mission SET end_at = NULL WHERE id = 301400535;
UPDATE m_mission SET end_at = NULL WHERE id = 301400538;
UPDATE m_mission SET end_at = NULL WHERE id = 301400541;
UPDATE m_mission SET end_at = NULL WHERE id = 301400544;
UPDATE m_mission SET end_at = NULL WHERE id = 301400547;
UPDATE m_mission SET end_at = NULL WHERE id = 301400550;
UPDATE m_mission SET end_at = NULL WHERE id = 301400553;
UPDATE m_mission SET end_at = NULL WHERE id = 301400556;
UPDATE m_mission SET end_at = NULL WHERE id = 301400559;
UPDATE m_mission SET end_at = NULL WHERE id = 301400562;
UPDATE m_mission SET end_at = NULL WHERE id = 301400565;
UPDATE m_mission SET end_at = NULL WHERE id = 301400568;
UPDATE m_mission SET end_at = NULL WHERE id = 301400571;
UPDATE m_mission SET end_at = NULL WHERE id = 301400574;
UPDATE m_mission SET end_at = NULL WHERE id = 301400577;
UPDATE m_mission SET end_at = NULL WHERE id = 301400580;
UPDATE m_mission SET end_at = NULL WHERE id = 301400583;
UPDATE m_mission SET end_at = NULL WHERE id = 301400586;
UPDATE m_mission SET end_at = NULL WHERE id = 301400589;
UPDATE m_mission SET end_at = NULL WHERE id = 301400592;
UPDATE m_mission SET end_at = NULL WHERE id = 301400595;
UPDATE m_mission SET end_at = NULL WHERE id = 301400598;
UPDATE m_mission SET end_at = NULL WHERE id = 301400601;
UPDATE m_mission SET end_at = NULL WHERE id = 301400604;
UPDATE m_mission SET end_at = NULL WHERE id = 301400607;
UPDATE m_mission SET end_at = NULL WHERE id = 301400610;
UPDATE m_mission SET end_at = NULL WHERE id = 301400613;
UPDATE m_mission SET end_at = NULL WHERE id = 301400616;
UPDATE m_mission SET end_at = NULL WHERE id = 301400619;
UPDATE m_mission SET end_at = NULL WHERE id = 301400622;
UPDATE m_mission SET end_at = NULL WHERE id = 301400625;
UPDATE m_mission SET end_at = NULL WHERE id = 301400628;
UPDATE m_mission SET end_at = NULL WHERE id = 301400631;
UPDATE m_mission SET end_at = NULL WHERE id = 301400634;
UPDATE m_mission SET end_at = NULL WHERE id = 301400637;
UPDATE m_mission SET end_at = NULL WHERE id = 301400640;
UPDATE m_mission SET end_at = NULL WHERE id = 301400643;
UPDATE m_mission SET end_at = NULL WHERE id = 301400646;
UPDATE m_mission SET end_at = NULL WHERE id = 301400649;
UPDATE m_mission SET end_at = NULL WHERE id = 301400652;
UPDATE m_mission SET end_at = NULL WHERE id = 301400655;
UPDATE m_mission SET end_at = NULL WHERE id = 301400658;
UPDATE m_mission SET end_at = NULL WHERE id = 301400661;
UPDATE m_mission SET end_at = NULL WHERE id = 301400664;
UPDATE m_mission SET end_at = NULL WHERE id = 301400667;
UPDATE m_mission SET end_at = NULL WHERE id = 301400670;
UPDATE m_mission SET end_at = NULL WHERE id = 301400673;
UPDATE m_mission SET end_at = NULL WHERE id = 301400676;
UPDATE m_mission SET end_at = NULL WHERE id = 301400679;
UPDATE m_mission SET end_at = NULL WHERE id = 301400682;
UPDATE m_mission SET end_at = NULL WHERE id = 301400685;
UPDATE m_mission SET end_at = NULL WHERE id = 301400688;
UPDATE m_mission SET end_at = NULL WHERE id = 301400691;
UPDATE m_mission SET end_at = NULL WHERE id = 301400694;
UPDATE m_mission SET end_at = NULL WHERE id = 301400697;
UPDATE m_mission SET end_at = NULL WHERE id = 301400700;
UPDATE m_mission SET end_at = NULL WHERE id = 301400703;
UPDATE m_mission SET end_at = NULL WHERE id = 301400706;
UPDATE m_mission SET end_at = NULL WHERE id = 301400709;
UPDATE m_mission SET end_at = NULL WHERE id = 301400712;
UPDATE m_mission SET end_at = NULL WHERE id = 301400715;
UPDATE m_mission SET end_at = NULL WHERE id = 302200001;
UPDATE m_mission SET end_at = NULL WHERE id = 302200002;
UPDATE m_mission SET end_at = NULL WHERE id = 302200003;
UPDATE m_mission SET end_at = NULL WHERE id = 302200004;
UPDATE m_mission SET end_at = NULL WHERE id = 302200005;
UPDATE m_mission SET end_at = NULL WHERE id = 302200006;
UPDATE m_mission SET end_at = NULL WHERE id = 302200007;
UPDATE m_mission SET end_at = NULL WHERE id = 302200008;
UPDATE m_mission SET end_at = NULL WHERE id = 302200009;
UPDATE m_mission SET end_at = NULL WHERE id = 302300001;
UPDATE m_mission SET end_at = NULL WHERE id = 302300002;
UPDATE m_mission SET end_at = NULL WHERE id = 302300003;
UPDATE m_mission SET end_at = NULL WHERE id = 302300004;
UPDATE m_mission SET end_at = NULL WHERE id = 302300005;
UPDATE m_mission SET end_at = NULL WHERE id = 302300006;
UPDATE m_mission SET end_at = NULL WHERE id = 302300007;
UPDATE m_mission SET end_at = NULL WHERE id = 302300008;
UPDATE m_mission SET end_at = NULL WHERE id = 302300009;
UPDATE m_mission SET end_at = NULL WHERE id = 302300010;
UPDATE m_mission SET end_at = NULL WHERE id = 302300011;
UPDATE m_mission SET end_at = NULL WHERE id = 302300012;
UPDATE m_mission SET end_at = NULL WHERE id = 302300013;
UPDATE m_mission SET end_at = NULL WHERE id = 302300014;
UPDATE m_mission SET end_at = NULL WHERE id = 302300015;
UPDATE m_mission SET end_at = NULL WHERE id = 302300016;
UPDATE m_mission SET end_at = NULL WHERE id = 302300017;
UPDATE m_mission SET end_at = NULL WHERE id = 302300018;
UPDATE m_mission SET end_at = NULL WHERE id = 302300019;
UPDATE m_mission SET end_at = NULL WHERE id = 302300020;
UPDATE m_mission SET end_at = NULL WHERE id = 302300021;
UPDATE m_mission SET end_at = NULL WHERE id = 302300022;
UPDATE m_mission SET end_at = NULL WHERE id = 302300023;
UPDATE m_mission SET end_at = NULL WHERE id = 302300024;
UPDATE m_mission SET end_at = NULL WHERE id = 302300025;
UPDATE m_mission SET end_at = NULL WHERE id = 302300026;
UPDATE m_mission SET end_at = NULL WHERE id = 302300027;
UPDATE m_mission SET end_at = NULL WHERE id = 302300028;
UPDATE m_mission SET end_at = NULL WHERE id = 302300029;
UPDATE m_mission SET end_at = NULL WHERE id = 302300030;
UPDATE m_mission SET end_at = NULL WHERE id = 305200001;
UPDATE m_mission SET end_at = NULL WHERE id = 305200002;
UPDATE m_mission SET end_at = NULL WHERE id = 305200003;
UPDATE m_mission SET end_at = NULL WHERE id = 305200004;
UPDATE m_mission SET end_at = NULL WHERE id = 305200005;
UPDATE m_mission SET end_at = NULL WHERE id = 305200006;
UPDATE m_mission SET end_at = NULL WHERE id = 305200007;
UPDATE m_mission SET end_at = NULL WHERE id = 305200008;
UPDATE m_mission SET end_at = NULL WHERE id = 305200009;
UPDATE m_mission SET end_at = NULL WHERE id = 305200010;
UPDATE m_mission SET end_at = NULL WHERE id = 305200011;
UPDATE m_mission SET end_at = NULL WHERE id = 305200012;
UPDATE m_mission SET end_at = NULL WHERE id = 305200013;
UPDATE m_mission SET end_at = NULL WHERE id = 305200014;
UPDATE m_mission SET end_at = NULL WHERE id = 305200015;
UPDATE m_mission SET end_at = NULL WHERE id = 305200016;
UPDATE m_mission SET end_at = NULL WHERE id = 305200017;
UPDATE m_mission SET end_at = NULL WHERE id = 305200018;
UPDATE m_mission SET end_at = NULL WHERE id = 305200019;
UPDATE m_mission SET end_at = NULL WHERE id = 305200020;
UPDATE m_mission SET end_at = NULL WHERE id = 305200021;
UPDATE m_mission SET end_at = NULL WHERE id = 305200022;
UPDATE m_mission SET end_at = NULL WHERE id = 305200023;
UPDATE m_mission SET end_at = NULL WHERE id = 305200024;
UPDATE m_mission SET end_at = NULL WHERE id = 305200025;
UPDATE m_mission SET end_at = NULL WHERE id = 305200026;
UPDATE m_mission SET end_at = NULL WHERE id = 305200027;
UPDATE m_mission SET end_at = NULL WHERE id = 305200028;
UPDATE m_mission SET end_at = NULL WHERE id = 305200029;
UPDATE m_mission SET end_at = NULL WHERE id = 305200030;
UPDATE m_mission SET end_at = NULL WHERE id = 305200031;
UPDATE m_mission SET end_at = NULL WHERE id = 305200032;
UPDATE m_mission SET end_at = NULL WHERE id = 305200033;
UPDATE m_mission SET end_at = NULL WHERE id = 305200034;
UPDATE m_mission SET end_at = NULL WHERE id = 305200035;
UPDATE m_mission SET end_at = NULL WHERE id = 305200036;
UPDATE m_mission SET end_at = NULL WHERE id = 305200037;
UPDATE m_mission SET end_at = NULL WHERE id = 305200038;
UPDATE m_mission SET end_at = NULL WHERE id = 305200039;
UPDATE m_mission SET end_at = NULL WHERE id = 305200040;
UPDATE m_mission SET end_at = NULL WHERE id = 305200041;
UPDATE m_mission SET end_at = NULL WHERE id = 305200042;
UPDATE m_mission SET end_at = NULL WHERE id = 305200043;
UPDATE m_mission SET end_at = NULL WHERE id = 305200044;
UPDATE m_mission SET end_at = NULL WHERE id = 305200045;
UPDATE m_mission SET end_at = NULL WHERE id = 305200046;
UPDATE m_mission SET end_at = NULL WHERE id = 305200047;
UPDATE m_mission SET end_at = NULL WHERE id = 305200048;
UPDATE m_mission SET end_at = NULL WHERE id = 305200049;
UPDATE m_mission SET end_at = NULL WHERE id = 305200050;
UPDATE m_mission SET end_at = NULL WHERE id = 305200051;
UPDATE m_mission SET end_at = NULL WHERE id = 305200052;
UPDATE m_mission SET end_at = NULL WHERE id = 305200053;
UPDATE m_mission SET end_at = NULL WHERE id = 305200054;
UPDATE m_mission SET end_at = NULL WHERE id = 305200055;
UPDATE m_mission SET end_at = NULL WHERE id = 305200056;
UPDATE m_mission SET end_at = NULL WHERE id = 305200057;
UPDATE m_mission SET end_at = NULL WHERE id = 305200058;
UPDATE m_mission SET end_at = NULL WHERE id = 305200059;
UPDATE m_mission SET end_at = NULL WHERE id = 305200060;
UPDATE m_mission SET end_at = NULL WHERE id = 305200061;
UPDATE m_mission SET end_at = NULL WHERE id = 305200062;
UPDATE m_mission SET end_at = NULL WHERE id = 305200063;
UPDATE m_mission SET end_at = NULL WHERE id = 305200064;
UPDATE m_mission SET end_at = NULL WHERE id = 305200065;
UPDATE m_mission SET end_at = NULL WHERE id = 305200066;
UPDATE m_mission SET end_at = NULL WHERE id = 305200067;
UPDATE m_mission SET end_at = NULL WHERE id = 305200068;
UPDATE m_mission SET end_at = NULL WHERE id = 305200069;
UPDATE m_mission SET end_at = NULL WHERE id = 305200070;
UPDATE m_mission SET end_at = NULL WHERE id = 305200071;
UPDATE m_mission SET end_at = NULL WHERE id = 305200072;
UPDATE m_mission SET end_at = NULL WHERE id = 305200073;
UPDATE m_mission SET end_at = NULL WHERE id = 305200074;
UPDATE m_mission SET end_at = NULL WHERE id = 305200075;
UPDATE m_mission SET end_at = NULL WHERE id = 305200076;
UPDATE m_mission SET end_at = NULL WHERE id = 305200077;
UPDATE m_mission SET end_at = NULL WHERE id = 305200078;
UPDATE m_mission SET end_at = NULL WHERE id = 305200079;
UPDATE m_mission SET end_at = NULL WHERE id = 305200080;
UPDATE m_mission SET end_at = NULL WHERE id = 305200081;
UPDATE m_mission SET end_at = NULL WHERE id = 305200082;
UPDATE m_mission SET end_at = NULL WHERE id = 305200083;
UPDATE m_mission SET end_at = NULL WHERE id = 305200084;
UPDATE m_mission SET end_at = NULL WHERE id = 305200085;
UPDATE m_mission SET end_at = NULL WHERE id = 305200086;
UPDATE m_mission SET end_at = NULL WHERE id = 305200087;
UPDATE m_mission SET end_at = NULL WHERE id = 305200088;
UPDATE m_mission SET end_at = NULL WHERE id = 305200089;
UPDATE m_mission SET end_at = NULL WHERE id = 305200090;
UPDATE m_mission SET end_at = NULL WHERE id = 309300001;
UPDATE m_mission SET end_at = NULL WHERE id = 309300002;
UPDATE m_mission SET end_at = NULL WHERE id = 309300003;
UPDATE m_mission SET end_at = NULL WHERE id = 309300004;
UPDATE m_mission SET end_at = NULL WHERE id = 309300005;
UPDATE m_mission SET end_at = NULL WHERE id = 309300006;
UPDATE m_mission SET end_at = NULL WHERE id = 309300007;
UPDATE m_mission SET end_at = NULL WHERE id = 309300008;
UPDATE m_mission SET end_at = NULL WHERE id = 309300009;
UPDATE m_mission SET end_at = NULL WHERE id = 309300010;
UPDATE m_mission SET end_at = NULL WHERE id = 309300011;
UPDATE m_mission SET end_at = NULL WHERE id = 309300012;
UPDATE m_mission SET end_at = NULL WHERE id = 309300013;
UPDATE m_mission SET end_at = NULL WHERE id = 309300014;
UPDATE m_mission SET end_at = NULL WHERE id = 309300015;
UPDATE m_mission SET end_at = NULL WHERE id = 309700001;
UPDATE m_mission SET end_at = NULL WHERE id = 309700002;
UPDATE m_mission SET end_at = NULL WHERE id = 309700003;
UPDATE m_mission SET end_at = NULL WHERE id = 310300001;
UPDATE m_mission SET end_at = NULL WHERE id = 310300002;
UPDATE m_mission SET end_at = NULL WHERE id = 310300003;
UPDATE m_mission SET end_at = NULL WHERE id = 310300004;
UPDATE m_mission SET end_at = NULL WHERE id = 310300005;
UPDATE m_mission SET end_at = NULL WHERE id = 310300006;
UPDATE m_mission SET end_at = NULL WHERE id = 310300007;
UPDATE m_mission SET end_at = NULL WHERE id = 310300008;
UPDATE m_mission SET end_at = NULL WHERE id = 310300009;
UPDATE m_mission SET end_at = NULL WHERE id = 310300010;
UPDATE m_mission SET end_at = NULL WHERE id = 310300011;
UPDATE m_mission SET end_at = NULL WHERE id = 310300012;
UPDATE m_mission SET end_at = NULL WHERE id = 310300013;
UPDATE m_mission SET end_at = NULL WHERE id = 310300014;
UPDATE m_mission SET end_at = NULL WHERE id = 310300015;
UPDATE m_mission SET end_at = NULL WHERE id = 310300016;
UPDATE m_mission SET end_at = NULL WHERE id = 310300017;
UPDATE m_mission SET end_at = NULL WHERE id = 310300018;
UPDATE m_mission SET end_at = NULL WHERE id = 310300019;
UPDATE m_mission SET end_at = NULL WHERE id = 310300020;
UPDATE m_mission SET end_at = NULL WHERE id = 310300021;
UPDATE m_mission SET end_at = NULL WHERE id = 310300022;
UPDATE m_mission SET end_at = NULL WHERE id = 310300023;
UPDATE m_mission SET end_at = NULL WHERE id = 310300024;
UPDATE m_mission SET end_at = NULL WHERE id = 310300025;
UPDATE m_mission SET end_at = NULL WHERE id = 310300026;
UPDATE m_mission SET end_at = NULL WHERE id = 310300027;
UPDATE m_mission SET end_at = NULL WHERE id = 310300028;
UPDATE m_mission SET end_at = NULL WHERE id = 310300029;
UPDATE m_mission SET end_at = NULL WHERE id = 310300030;
UPDATE m_mission SET end_at = NULL WHERE id = 310300031;
UPDATE m_mission SET end_at = NULL WHERE id = 310300032;
UPDATE m_mission SET end_at = NULL WHERE id = 310300033;
UPDATE m_mission SET end_at = NULL WHERE id = 310300034;
UPDATE m_mission SET end_at = NULL WHERE id = 310300035;
UPDATE m_mission SET end_at = NULL WHERE id = 310300036;
UPDATE m_mission SET end_at = NULL WHERE id = 310300037;
UPDATE m_mission SET end_at = NULL WHERE id = 310300038;
UPDATE m_mission SET end_at = NULL WHERE id = 310300039;
UPDATE m_mission SET end_at = NULL WHERE id = 310300040;
UPDATE m_mission SET end_at = NULL WHERE id = 310300041;
UPDATE m_mission SET end_at = NULL WHERE id = 310300042;
UPDATE m_mission SET end_at = NULL WHERE id = 310400001;
UPDATE m_mission SET end_at = NULL WHERE id = 310400002;
UPDATE m_mission SET end_at = NULL WHERE id = 310400003;
UPDATE m_mission SET end_at = NULL WHERE id = 310400004;
UPDATE m_mission SET end_at = NULL WHERE id = 310400005;
UPDATE m_mission SET end_at = NULL WHERE id = 310400006;
UPDATE m_mission SET end_at = NULL WHERE id = 310400007;
UPDATE m_mission SET end_at = NULL WHERE id = 310400008;
UPDATE m_mission SET end_at = NULL WHERE id = 310400009;
UPDATE m_mission SET end_at = NULL WHERE id = 310400010;
UPDATE m_mission SET end_at = NULL WHERE id = 310400011;
UPDATE m_mission SET end_at = NULL WHERE id = 900000605;
UPDATE m_mission SET end_at = NULL WHERE id = 900000705;
UPDATE m_mission SET end_at = NULL WHERE id = 900000805;
UPDATE m_mission SET end_at = NULL WHERE id = 900002001;
UPDATE m_mission SET end_at = NULL WHERE id = 900002002;
UPDATE m_mission SET end_at = NULL WHERE id = 900002003;
UPDATE m_mission SET end_at = NULL WHERE id = 900002004;
UPDATE m_mission SET end_at = NULL WHERE id = 900002305;
UPDATE m_mission SET end_at = NULL WHERE id = 400000214;
UPDATE m_mission SET end_at = NULL WHERE id = 400000215;
UPDATE m_mission SET end_at = NULL WHERE id = 400000226;
UPDATE m_mission SET end_at = NULL WHERE id = 400000227;
UPDATE m_mission SET end_at = NULL WHERE id = 400000313;
UPDATE m_mission SET end_at = NULL WHERE id = 400000314;
UPDATE m_mission SET end_at = NULL WHERE id = 400000325;
UPDATE m_mission SET end_at = NULL WHERE id = 400000326;
UPDATE m_mission SET end_at = NULL WHERE id = 400000413;
UPDATE m_mission SET end_at = NULL WHERE id = 400000414;
UPDATE m_mission SET end_at = NULL WHERE id = 400000429;
UPDATE m_mission SET end_at = NULL WHERE id = 400000430;
UPDATE m_mission SET end_at = NULL WHERE id = 400000512;
UPDATE m_mission SET end_at = NULL WHERE id = 400000513;
UPDATE m_mission SET end_at = NULL WHERE id = 400000528;
UPDATE m_mission SET end_at = NULL WHERE id = 400000529;
UPDATE m_mission SET end_at = NULL WHERE id = 401300104;
UPDATE m_mission SET end_at = NULL WHERE id = 401300105;
UPDATE m_mission SET end_at = NULL WHERE id = 401300106;
UPDATE m_mission SET end_at = NULL WHERE id = 401400103;
UPDATE m_mission SET end_at = NULL WHERE id = 401400104;
UPDATE m_mission SET end_at = NULL WHERE id = 401400105;
UPDATE m_mission SET end_at = NULL WHERE id = 900000101;
UPDATE m_mission SET end_at = NULL WHERE id = 900000102;
UPDATE m_mission SET end_at = NULL WHERE id = 900000103;
UPDATE m_mission SET end_at = NULL WHERE id = 900001301;
UPDATE m_mission SET end_at = NULL WHERE id = 900001302;
UPDATE m_mission SET end_at = NULL WHERE id = 900001303;
UPDATE m_mission SET end_at = NULL WHERE id = 900023101;
UPDATE m_mission SET end_at = NULL WHERE id = 900023102;
UPDATE m_mission SET end_at = NULL WHERE id = 900023103;
UPDATE m_mission SET end_at = NULL WHERE id = 900023104;
UPDATE m_mission SET end_at = NULL WHERE id = 900023105;
UPDATE m_mission SET end_at = NULL WHERE id = 900023106;
-- OMG SHE LOOKS SEXY
UPDATE m_member_init SET suit_m_id = 300104 WHERE member_m_id = 1;
UPDATE m_member_init SET suit_m_id = 300204 WHERE member_m_id = 2;
UPDATE m_member_init SET suit_m_id = 300304 WHERE member_m_id = 3;
UPDATE m_member_init SET suit_m_id = 300404 WHERE member_m_id = 4;
UPDATE m_member_init SET suit_m_id = 300504 WHERE member_m_id = 5;
UPDATE m_member_init SET suit_m_id = 300604 WHERE member_m_id = 6;
UPDATE m_member_init SET suit_m_id = 300711 WHERE member_m_id = 7;
UPDATE m_member_init SET suit_m_id = 300804 WHERE member_m_id = 8;
UPDATE m_member_init SET suit_m_id = 300915 WHERE member_m_id = 9;
UPDATE m_member_init SET suit_m_id = 310105 WHERE member_m_id = 101;
UPDATE m_member_init SET suit_m_id = 310205 WHERE member_m_id = 102;
UPDATE m_member_init SET suit_m_id = 310305 WHERE member_m_id = 103;
UPDATE m_member_init SET suit_m_id = 310415 WHERE member_m_id = 104;
UPDATE m_member_init SET suit_m_id = 310505 WHERE member_m_id = 105;
UPDATE m_member_init SET suit_m_id = 310605 WHERE member_m_id = 106;
UPDATE m_member_init SET suit_m_id = 310705 WHERE member_m_id = 107;
UPDATE m_member_init SET suit_m_id = 310805 WHERE member_m_id = 108;
UPDATE m_member_init SET suit_m_id = 310905 WHERE member_m_id = 109;
UPDATE m_member_init SET suit_m_id = 320103 WHERE member_m_id = 201;
UPDATE m_member_init SET suit_m_id = 320203 WHERE member_m_id = 202;
UPDATE m_member_init SET suit_m_id = 320313 WHERE member_m_id = 203;
UPDATE m_member_init SET suit_m_id = 320403 WHERE member_m_id = 204;
UPDATE m_member_init SET suit_m_id = 320503 WHERE member_m_id = 205;
UPDATE m_member_init SET suit_m_id = 320613 WHERE member_m_id = 206;
UPDATE m_member_init SET suit_m_id = 320703 WHERE member_m_id = 207;
UPDATE m_member_init SET suit_m_id = 320803 WHERE member_m_id = 208;
UPDATE m_member_init SET suit_m_id = 320913 WHERE member_m_id = 209;
UPDATE m_member_init SET suit_m_id = 321013 WHERE member_m_id = 210;
UPDATE m_member_init SET suit_m_id = 321113 WHERE member_m_id = 211;
UPDATE m_member_init SET suit_m_id = 321213 WHERE member_m_id = 212;
-- Add missing love level
INSERT INTO "m_love_parameter" VALUES (501, 1545);
INSERT INTO "m_love_parameter" VALUES (502, 1546);
INSERT INTO "m_love_parameter" VALUES (503, 1547);
INSERT INTO "m_love_parameter" VALUES (504, 1548);
INSERT INTO "m_love_parameter" VALUES (505, 1549);
INSERT INTO "m_love_parameter" VALUES (506, 1550);
INSERT INTO "m_love_parameter" VALUES (507, 1551);
INSERT INTO "m_love_parameter" VALUES (508, 1552);
INSERT INTO "m_love_parameter" VALUES (509, 1553);
INSERT INTO "m_love_parameter" VALUES (510, 1555);
INSERT INTO "m_love_parameter" VALUES (511, 1556);
INSERT INTO "m_love_parameter" VALUES (512, 1557);
INSERT INTO "m_love_parameter" VALUES (513, 1558);
INSERT INTO "m_love_parameter" VALUES (514, 1559);
INSERT INTO "m_love_parameter" VALUES (515, 1560);
INSERT INTO "m_love_parameter" VALUES (516, 1561);
INSERT INTO "m_love_parameter" VALUES (517, 1562);
INSERT INTO "m_love_parameter" VALUES (518, 1563);
INSERT INTO "m_love_parameter" VALUES (519, 1564);
INSERT INTO "m_love_parameter" VALUES (520, 1566);
INSERT INTO "m_love_parameter" VALUES (521, 1567);
INSERT INTO "m_love_parameter" VALUES (522, 1568);
INSERT INTO "m_love_parameter" VALUES (523, 1569);
INSERT INTO "m_love_parameter" VALUES (524, 1570);
INSERT INTO "m_love_parameter" VALUES (525, 1571);
INSERT INTO "m_love_parameter" VALUES (526, 1572);
INSERT INTO "m_love_parameter" VALUES (527, 1573);
INSERT INTO "m_love_parameter" VALUES (528, 1574);
INSERT INTO "m_love_parameter" VALUES (529, 1575);
INSERT INTO "m_love_parameter" VALUES (530, 1577);
INSERT INTO "m_love_parameter" VALUES (531, 1578);
INSERT INTO "m_love_parameter" VALUES (532, 1579);
INSERT INTO "m_love_parameter" VALUES (533, 1580);
INSERT INTO "m_love_parameter" VALUES (534, 1581);
INSERT INTO "m_love_parameter" VALUES (535, 1582);
INSERT INTO "m_love_parameter" VALUES (536, 1583);
INSERT INTO "m_love_parameter" VALUES (537, 1584);
INSERT INTO "m_love_parameter" VALUES (538, 1585);
INSERT INTO "m_love_parameter" VALUES (539, 1586);
INSERT INTO "m_love_parameter" VALUES (540, 1588);
INSERT INTO "m_love_parameter" VALUES (541, 1589);
INSERT INTO "m_love_parameter" VALUES (542, 1590);
INSERT INTO "m_love_parameter" VALUES (543, 1591);
INSERT INTO "m_love_parameter" VALUES (544, 1592);
INSERT INTO "m_love_parameter" VALUES (545, 1593);
INSERT INTO "m_love_parameter" VALUES (546, 1594);
INSERT INTO "m_love_parameter" VALUES (547, 1595);
INSERT INTO "m_love_parameter" VALUES (548, 1596);
INSERT INTO "m_love_parameter" VALUES (549, 1597);
INSERT INTO "m_love_parameter" VALUES (550, 1599);
INSERT INTO "m_love_parameter" VALUES (551, 1600);
INSERT INTO "m_love_parameter" VALUES (552, 1601);
INSERT INTO "m_love_parameter" VALUES (553, 1602);
INSERT INTO "m_love_parameter" VALUES (554, 1603);
INSERT INTO "m_love_parameter" VALUES (555, 1604);
INSERT INTO "m_love_parameter" VALUES (556, 1605);
INSERT INTO "m_love_parameter" VALUES (557, 1606);
INSERT INTO "m_love_parameter" VALUES (558, 1607);
INSERT INTO "m_love_parameter" VALUES (559, 1608);
INSERT INTO "m_love_parameter" VALUES (560, 1610);
INSERT INTO "m_love_parameter" VALUES (561, 1611);
INSERT INTO "m_love_parameter" VALUES (562, 1612);
INSERT INTO "m_love_parameter" VALUES (563, 1613);
INSERT INTO "m_love_parameter" VALUES (564, 1614);
INSERT INTO "m_love_parameter" VALUES (565, 1615);
INSERT INTO "m_love_parameter" VALUES (566, 1616);
INSERT INTO "m_love_parameter" VALUES (567, 1617);
INSERT INTO "m_love_parameter" VALUES (568, 1618);
INSERT INTO "m_love_parameter" VALUES (569, 1619);
INSERT INTO "m_love_parameter" VALUES (570, 1621);
INSERT INTO "m_love_parameter" VALUES (571, 1622);
INSERT INTO "m_love_parameter" VALUES (572, 1623);
INSERT INTO "m_love_parameter" VALUES (573, 1624);
INSERT INTO "m_love_parameter" VALUES (574, 1625);
INSERT INTO "m_love_parameter" VALUES (575, 1626);
INSERT INTO "m_love_parameter" VALUES (576, 1627);
INSERT INTO "m_love_parameter" VALUES (577, 1628);
INSERT INTO "m_love_parameter" VALUES (578, 1629);
INSERT INTO "m_love_parameter" VALUES (579, 1630);
INSERT INTO "m_love_parameter" VALUES (580, 1632);
INSERT INTO "m_love_parameter" VALUES (581, 1633);
INSERT INTO "m_love_parameter" VALUES (582, 1634);
INSERT INTO "m_love_parameter" VALUES (583, 1635);
INSERT INTO "m_love_parameter" VALUES (584, 1636);
INSERT INTO "m_love_parameter" VALUES (585, 1637);
INSERT INTO "m_love_parameter" VALUES (586, 1638);
INSERT INTO "m_love_parameter" VALUES (587, 1639);
INSERT INTO "m_love_parameter" VALUES (588, 1640);
INSERT INTO "m_love_parameter" VALUES (589, 1641);
INSERT INTO "m_love_parameter" VALUES (590, 1643);
INSERT INTO "m_love_parameter" VALUES (591, 1644);
INSERT INTO "m_love_parameter" VALUES (592, 1645);
INSERT INTO "m_love_parameter" VALUES (593, 1646);
INSERT INTO "m_love_parameter" VALUES (594, 1647);
INSERT INTO "m_love_parameter" VALUES (595, 1648);
INSERT INTO "m_love_parameter" VALUES (596, 1649);
INSERT INTO "m_love_parameter" VALUES (597, 1650);
INSERT INTO "m_love_parameter" VALUES (598, 1651);
INSERT INTO "m_love_parameter" VALUES (599, 1652);
INSERT INTO "m_love_parameter" VALUES (600, 1654);
INSERT INTO "m_love_parameter" VALUES (601, 1655);
INSERT INTO "m_love_parameter" VALUES (602, 1656);
INSERT INTO "m_love_parameter" VALUES (603, 1657);
INSERT INTO "m_love_parameter" VALUES (604, 1658);
INSERT INTO "m_love_parameter" VALUES (605, 1659);
INSERT INTO "m_love_parameter" VALUES (606, 1660);
INSERT INTO "m_love_parameter" VALUES (607, 1661);
INSERT INTO "m_love_parameter" VALUES (608, 1662);
INSERT INTO "m_love_parameter" VALUES (609, 1663);
INSERT INTO "m_love_parameter" VALUES (610, 1665);
INSERT INTO "m_love_parameter" VALUES (611, 1666);
INSERT INTO "m_love_parameter" VALUES (612, 1667);
INSERT INTO "m_love_parameter" VALUES (613, 1668);
INSERT INTO "m_love_parameter" VALUES (614, 1669);
INSERT INTO "m_love_parameter" VALUES (615, 1670);
INSERT INTO "m_love_parameter" VALUES (616, 1671);
INSERT INTO "m_love_parameter" VALUES (617, 1672);
INSERT INTO "m_love_parameter" VALUES (618, 1673);
INSERT INTO "m_love_parameter" VALUES (619, 1674);
INSERT INTO "m_love_parameter" VALUES (620, 1676);
INSERT INTO "m_love_parameter" VALUES (621, 1677);
INSERT INTO "m_love_parameter" VALUES (622, 1678);
INSERT INTO "m_love_parameter" VALUES (623, 1679);
INSERT INTO "m_love_parameter" VALUES (624, 1680);
INSERT INTO "m_love_parameter" VALUES (625, 1681);
INSERT INTO "m_love_parameter" VALUES (626, 1682);
INSERT INTO "m_love_parameter" VALUES (627, 1683);
INSERT INTO "m_love_parameter" VALUES (628, 1684);
INSERT INTO "m_love_parameter" VALUES (629, 1685);
INSERT INTO "m_love_parameter" VALUES (630, 1687);
INSERT INTO "m_love_parameter" VALUES (631, 1688);
INSERT INTO "m_love_parameter" VALUES (632, 1689);
INSERT INTO "m_love_parameter" VALUES (633, 1690);
INSERT INTO "m_love_parameter" VALUES (634, 1691);
INSERT INTO "m_love_parameter" VALUES (635, 1692);
INSERT INTO "m_love_parameter" VALUES (636, 1693);
INSERT INTO "m_love_parameter" VALUES (637, 1694);
INSERT INTO "m_love_parameter" VALUES (638, 1695);
INSERT INTO "m_love_parameter" VALUES (639, 1696);
INSERT INTO "m_love_parameter" VALUES (640, 1698);
INSERT INTO "m_love_parameter" VALUES (641, 1699);
INSERT INTO "m_love_parameter" VALUES (642, 1700);
INSERT INTO "m_love_parameter" VALUES (643, 1701);
INSERT INTO "m_love_parameter" VALUES (644, 1702);
INSERT INTO "m_love_parameter" VALUES (645, 1703);
INSERT INTO "m_love_parameter" VALUES (646, 1704);
INSERT INTO "m_love_parameter" VALUES (647, 1705);
INSERT INTO "m_love_parameter" VALUES (648, 1706);
INSERT INTO "m_love_parameter" VALUES (649, 1707);
INSERT INTO "m_love_parameter" VALUES (650, 1709);
INSERT INTO "m_love_parameter" VALUES (651, 1710);
INSERT INTO "m_love_parameter" VALUES (652, 1711);
INSERT INTO "m_love_parameter" VALUES (653, 1712);
INSERT INTO "m_love_parameter" VALUES (654, 1713);
INSERT INTO "m_love_parameter" VALUES (655, 1714);
INSERT INTO "m_love_parameter" VALUES (656, 1715);
INSERT INTO "m_love_parameter" VALUES (657, 1716);
INSERT INTO "m_love_parameter" VALUES (658, 1717);
INSERT INTO "m_love_parameter" VALUES (659, 1718);
INSERT INTO "m_love_parameter" VALUES (660, 1720);
INSERT INTO "m_love_parameter" VALUES (661, 1721);
INSERT INTO "m_love_parameter" VALUES (662, 1722);
INSERT INTO "m_love_parameter" VALUES (663, 1723);
INSERT INTO "m_love_parameter" VALUES (664, 1724);
INSERT INTO "m_love_parameter" VALUES (665, 1725);
INSERT INTO "m_love_parameter" VALUES (666, 1726);
INSERT INTO "m_love_parameter" VALUES (667, 1727);
INSERT INTO "m_love_parameter" VALUES (668, 1728);
INSERT INTO "m_love_parameter" VALUES (669, 1729);
INSERT INTO "m_love_parameter" VALUES (670, 1731);
INSERT INTO "m_love_parameter" VALUES (671, 1732);
INSERT INTO "m_love_parameter" VALUES (672, 1733);
INSERT INTO "m_love_parameter" VALUES (673, 1734);
INSERT INTO "m_love_parameter" VALUES (674, 1735);
INSERT INTO "m_love_parameter" VALUES (675, 1736);
INSERT INTO "m_love_parameter" VALUES (676, 1737);
INSERT INTO "m_love_parameter" VALUES (677, 1738);
INSERT INTO "m_love_parameter" VALUES (678, 1739);
INSERT INTO "m_love_parameter" VALUES (679, 1740);
INSERT INTO "m_love_parameter" VALUES (680, 1742);
INSERT INTO "m_love_parameter" VALUES (681, 1743);
INSERT INTO "m_love_parameter" VALUES (682, 1744);
INSERT INTO "m_love_parameter" VALUES (683, 1745);
INSERT INTO "m_love_parameter" VALUES (684, 1746);
INSERT INTO "m_love_parameter" VALUES (685, 1747);
INSERT INTO "m_love_parameter" VALUES (686, 1748);
INSERT INTO "m_love_parameter" VALUES (687, 1749);
INSERT INTO "m_love_parameter" VALUES (688, 1750);
INSERT INTO "m_love_parameter" VALUES (689, 1751);
INSERT INTO "m_love_parameter" VALUES (690, 1753);
INSERT INTO "m_love_parameter" VALUES (691, 1754);
INSERT INTO "m_love_parameter" VALUES (692, 1755);
INSERT INTO "m_love_parameter" VALUES (693, 1756);
INSERT INTO "m_love_parameter" VALUES (694, 1757);
INSERT INTO "m_love_parameter" VALUES (695, 1758);
INSERT INTO "m_love_parameter" VALUES (696, 1759);
INSERT INTO "m_love_parameter" VALUES (697, 1760);
INSERT INTO "m_love_parameter" VALUES (698, 1761);
INSERT INTO "m_love_parameter" VALUES (699, 1762);
INSERT INTO "m_love_parameter" VALUES (700, 1764);
INSERT INTO "m_love_parameter" VALUES (701, 1765);
INSERT INTO "m_love_parameter" VALUES (702, 1766);
INSERT INTO "m_love_parameter" VALUES (703, 1767);
INSERT INTO "m_love_parameter" VALUES (704, 1768);
INSERT INTO "m_love_parameter" VALUES (705, 1769);
INSERT INTO "m_love_parameter" VALUES (706, 1770);
INSERT INTO "m_love_parameter" VALUES (707, 1771);
INSERT INTO "m_love_parameter" VALUES (708, 1772);
INSERT INTO "m_love_parameter" VALUES (709, 1773);
INSERT INTO "m_love_parameter" VALUES (710, 1775);
INSERT INTO "m_love_parameter" VALUES (711, 1776);
INSERT INTO "m_love_parameter" VALUES (712, 1777);
INSERT INTO "m_love_parameter" VALUES (713, 1778);
INSERT INTO "m_love_parameter" VALUES (714, 1779);
INSERT INTO "m_love_parameter" VALUES (715, 1780);
INSERT INTO "m_love_parameter" VALUES (716, 1781);
INSERT INTO "m_love_parameter" VALUES (717, 1782);
INSERT INTO "m_love_parameter" VALUES (718, 1783);
INSERT INTO "m_love_parameter" VALUES (719, 1784);
INSERT INTO "m_love_parameter" VALUES (720, 1786);
INSERT INTO "m_love_parameter" VALUES (721, 1787);
INSERT INTO "m_love_parameter" VALUES (722, 1788);
INSERT INTO "m_love_parameter" VALUES (723, 1789);
INSERT INTO "m_love_parameter" VALUES (724, 1790);
INSERT INTO "m_love_parameter" VALUES (725, 1791);
INSERT INTO "m_love_parameter" VALUES (726, 1792);
INSERT INTO "m_love_parameter" VALUES (727, 1793);
INSERT INTO "m_love_parameter" VALUES (728, 1794);
INSERT INTO "m_love_parameter" VALUES (729, 1795);
INSERT INTO "m_love_parameter" VALUES (730, 1797);
INSERT INTO "m_love_parameter" VALUES (731, 1798);
INSERT INTO "m_love_parameter" VALUES (732, 1799);
INSERT INTO "m_love_parameter" VALUES (733, 1800);
INSERT INTO "m_love_parameter" VALUES (734, 1801);
INSERT INTO "m_love_parameter" VALUES (735, 1802);
INSERT INTO "m_love_parameter" VALUES (736, 1803);
INSERT INTO "m_love_parameter" VALUES (737, 1804);
INSERT INTO "m_love_parameter" VALUES (738, 1805);
INSERT INTO "m_love_parameter" VALUES (739, 1806);
INSERT INTO "m_love_parameter" VALUES (740, 1808);
INSERT INTO "m_love_parameter" VALUES (741, 1809);
INSERT INTO "m_love_parameter" VALUES (742, 1810);
INSERT INTO "m_love_parameter" VALUES (743, 1811);
INSERT INTO "m_love_parameter" VALUES (744, 1812);
INSERT INTO "m_love_parameter" VALUES (745, 1813);
INSERT INTO "m_love_parameter" VALUES (746, 1814);
INSERT INTO "m_love_parameter" VALUES (747, 1815);
INSERT INTO "m_love_parameter" VALUES (748, 1816);
INSERT INTO "m_love_parameter" VALUES (749, 1817);
INSERT INTO "m_love_parameter" VALUES (750, 1819);
INSERT INTO "m_love_parameter" VALUES (751, 1820);
INSERT INTO "m_love_parameter" VALUES (752, 1821);
INSERT INTO "m_love_parameter" VALUES (753, 1822);
INSERT INTO "m_love_parameter" VALUES (754, 1823);
INSERT INTO "m_love_parameter" VALUES (755, 1824);
INSERT INTO "m_love_parameter" VALUES (756, 1825);
INSERT INTO "m_love_parameter" VALUES (757, 1826);
INSERT INTO "m_love_parameter" VALUES (758, 1827);
INSERT INTO "m_love_parameter" VALUES (759, 1828);
INSERT INTO "m_love_parameter" VALUES (760, 1830);
INSERT INTO "m_member_love_level" VALUES (501, 13823920);
INSERT INTO "m_member_love_level" VALUES (502, 14466110);
INSERT INTO "m_member_love_level" VALUES (503, 15108450);
INSERT INTO "m_member_love_level" VALUES (504, 15750940);
INSERT INTO "m_member_love_level" VALUES (505, 16393580);
INSERT INTO "m_member_love_level" VALUES (506, 17036370);
INSERT INTO "m_member_love_level" VALUES (507, 17679310);
INSERT INTO "m_member_love_level" VALUES (508, 18322400);
INSERT INTO "m_member_love_level" VALUES (509, 18965640);
INSERT INTO "m_member_love_level" VALUES (510, 19609030);
INSERT INTO "m_member_love_level" VALUES (511, 20252570);
INSERT INTO "m_member_love_level" VALUES (512, 20896260);
INSERT INTO "m_member_love_level" VALUES (513, 21540100);
INSERT INTO "m_member_love_level" VALUES (514, 22184090);
INSERT INTO "m_member_love_level" VALUES (515, 22828230);
INSERT INTO "m_member_love_level" VALUES (516, 23472520);
INSERT INTO "m_member_love_level" VALUES (517, 24116960);
INSERT INTO "m_member_love_level" VALUES (518, 24761550);
INSERT INTO "m_member_love_level" VALUES (519, 25406290);
INSERT INTO "m_member_love_level" VALUES (520, 26051180);
INSERT INTO "m_member_love_level" VALUES (521, 26696220);
INSERT INTO "m_member_love_level" VALUES (522, 27341410);
INSERT INTO "m_member_love_level" VALUES (523, 27986750);
INSERT INTO "m_member_love_level" VALUES (524, 28632240);
INSERT INTO "m_member_love_level" VALUES (525, 29277880);
INSERT INTO "m_member_love_level" VALUES (526, 29923670);
INSERT INTO "m_member_love_level" VALUES (527, 30569610);
INSERT INTO "m_member_love_level" VALUES (528, 31215700);
INSERT INTO "m_member_love_level" VALUES (529, 31861940);
INSERT INTO "m_member_love_level" VALUES (530, 32508330);
INSERT INTO "m_member_love_level" VALUES (531, 33154870);
INSERT INTO "m_member_love_level" VALUES (532, 33801560);
INSERT INTO "m_member_love_level" VALUES (533, 34448400);
INSERT INTO "m_member_love_level" VALUES (534, 35095390);
INSERT INTO "m_member_love_level" VALUES (535, 35742530);
INSERT INTO "m_member_love_level" VALUES (536, 36389820);
INSERT INTO "m_member_love_level" VALUES (537, 37037260);
INSERT INTO "m_member_love_level" VALUES (538, 37684850);
INSERT INTO "m_member_love_level" VALUES (539, 38332590);
INSERT INTO "m_member_love_level" VALUES (540, 38980480);
INSERT INTO "m_member_love_level" VALUES (541, 39628520);
INSERT INTO "m_member_love_level" VALUES (542, 40276710);
INSERT INTO "m_member_love_level" VALUES (543, 40925050);
INSERT INTO "m_member_love_level" VALUES (544, 41573540);
INSERT INTO "m_member_love_level" VALUES (545, 42222180);
INSERT INTO "m_member_love_level" VALUES (546, 42870970);
INSERT INTO "m_member_love_level" VALUES (547, 43519910);
INSERT INTO "m_member_love_level" VALUES (548, 44169000);
INSERT INTO "m_member_love_level" VALUES (549, 44818240);
INSERT INTO "m_member_love_level" VALUES (550, 45467630);
INSERT INTO "m_member_love_level" VALUES (551, 46117170);
INSERT INTO "m_member_love_level" VALUES (552, 46766860);
INSERT INTO "m_member_love_level" VALUES (553, 47416700);
INSERT INTO "m_member_love_level" VALUES (554, 48066690);
INSERT INTO "m_member_love_level" VALUES (555, 48716830);
INSERT INTO "m_member_love_level" VALUES (556, 49367120);
INSERT INTO "m_member_love_level" VALUES (557, 50017560);
INSERT INTO "m_member_love_level" VALUES (558, 50668150);
INSERT INTO "m_member_love_level" VALUES (559, 51318890);
INSERT INTO "m_member_love_level" VALUES (560, 51969780);
INSERT INTO "m_member_love_level" VALUES (561, 52620820);
INSERT INTO "m_member_love_level" VALUES (562, 53272010);
INSERT INTO "m_member_love_level" VALUES (563, 53923350);
INSERT INTO "m_member_love_level" VALUES (564, 54574840);
INSERT INTO "m_member_love_level" VALUES (565, 55226480);
INSERT INTO "m_member_love_level" VALUES (566, 55878270);
INSERT INTO "m_member_love_level" VALUES (567, 56530210);
INSERT INTO "m_member_love_level" VALUES (568, 57182300);
INSERT INTO "m_member_love_level" VALUES (569, 57834540);
INSERT INTO "m_member_love_level" VALUES (570, 58486930);
INSERT INTO "m_member_love_level" VALUES (571, 59139470);
INSERT INTO "m_member_love_level" VALUES (572, 59792160);
INSERT INTO "m_member_love_level" VALUES (573, 60445000);
INSERT INTO "m_member_love_level" VALUES (574, 61097990);
INSERT INTO "m_member_love_level" VALUES (575, 61751130);
INSERT INTO "m_member_love_level" VALUES (576, 62404420);
INSERT INTO "m_member_love_level" VALUES (577, 63057860);
INSERT INTO "m_member_love_level" VALUES (578, 63711450);
INSERT INTO "m_member_love_level" VALUES (579, 64365190);
INSERT INTO "m_member_love_level" VALUES (580, 65019080);
INSERT INTO "m_member_love_level" VALUES (581, 65673120);
INSERT INTO "m_member_love_level" VALUES (582, 66327310);
INSERT INTO "m_member_love_level" VALUES (583, 66981650);
INSERT INTO "m_member_love_level" VALUES (584, 67636140);
INSERT INTO "m_member_love_level" VALUES (585, 68290780);
INSERT INTO "m_member_love_level" VALUES (586, 68945570);
INSERT INTO "m_member_love_level" VALUES (587, 69600510);
INSERT INTO "m_member_love_level" VALUES (588, 70255600);
INSERT INTO "m_member_love_level" VALUES (589, 70910840);
INSERT INTO "m_member_love_level" VALUES (590, 71566230);
INSERT INTO "m_member_love_level" VALUES (591, 72221770);
INSERT INTO "m_member_love_level" VALUES (592, 72877460);
INSERT INTO "m_member_love_level" VALUES (593, 73533300);
INSERT INTO "m_member_love_level" VALUES (594, 74189290);
INSERT INTO "m_member_love_level" VALUES (595, 74845430);
INSERT INTO "m_member_love_level" VALUES (596, 75501720);
INSERT INTO "m_member_love_level" VALUES (597, 76158160);
INSERT INTO "m_member_love_level" VALUES (598, 76814750);
INSERT INTO "m_member_love_level" VALUES (599, 77471490);
INSERT INTO "m_member_love_level" VALUES (600, 78128380);
INSERT INTO "m_member_love_level" VALUES (601, 78785420);
INSERT INTO "m_member_love_level" VALUES (602, 79442610);
INSERT INTO "m_member_love_level" VALUES (603, 80099950);
INSERT INTO "m_member_love_level" VALUES (604, 80757440);
INSERT INTO "m_member_love_level" VALUES (605, 81415080);
INSERT INTO "m_member_love_level" VALUES (606, 82072870);
INSERT INTO "m_member_love_level" VALUES (607, 82730810);
INSERT INTO "m_member_love_level" VALUES (608, 83388900);
INSERT INTO "m_member_love_level" VALUES (609, 84047140);
INSERT INTO "m_member_love_level" VALUES (610, 84705530);
INSERT INTO "m_member_love_level" VALUES (611, 85364070);
INSERT INTO "m_member_love_level" VALUES (612, 86022760);
INSERT INTO "m_member_love_level" VALUES (613, 86681600);
INSERT INTO "m_member_love_level" VALUES (614, 87340590);
INSERT INTO "m_member_love_level" VALUES (615, 87999730);
INSERT INTO "m_member_love_level" VALUES (616, 88659020);
INSERT INTO "m_member_love_level" VALUES (617, 89318460);
INSERT INTO "m_member_love_level" VALUES (618, 89978050);
INSERT INTO "m_member_love_level" VALUES (619, 90637790);
INSERT INTO "m_member_love_level" VALUES (620, 91297680);
INSERT INTO "m_member_love_level" VALUES (621, 91957720);
INSERT INTO "m_member_love_level" VALUES (622, 92617910);
INSERT INTO "m_member_love_level" VALUES (623, 93278250);
INSERT INTO "m_member_love_level" VALUES (624, 93938740);
INSERT INTO "m_member_love_level" VALUES (625, 94599380);
INSERT INTO "m_member_love_level" VALUES (626, 95260170);
INSERT INTO "m_member_love_level" VALUES (627, 95921110);
INSERT INTO "m_member_love_level" VALUES (628, 96582200);
INSERT INTO "m_member_love_level" VALUES (629, 97243440);
INSERT INTO "m_member_love_level" VALUES (630, 97904830);
INSERT INTO "m_member_love_level" VALUES (631, 98566370);
INSERT INTO "m_member_love_level" VALUES (632, 99228060);
INSERT INTO "m_member_love_level" VALUES (633, 99889900);
INSERT INTO "m_member_love_level" VALUES (634, 100551890);
INSERT INTO "m_member_love_level" VALUES (635, 101214030);
INSERT INTO "m_member_love_level" VALUES (636, 101876320);
INSERT INTO "m_member_love_level" VALUES (637, 102538760);
INSERT INTO "m_member_love_level" VALUES (638, 103201350);
INSERT INTO "m_member_love_level" VALUES (639, 103864090);
INSERT INTO "m_member_love_level" VALUES (640, 104526980);
INSERT INTO "m_member_love_level" VALUES (641, 105190020);
INSERT INTO "m_member_love_level" VALUES (642, 105853210);
INSERT INTO "m_member_love_level" VALUES (643, 106516550);
INSERT INTO "m_member_love_level" VALUES (644, 107180040);
INSERT INTO "m_member_love_level" VALUES (645, 107843680);
INSERT INTO "m_member_love_level" VALUES (646, 108507470);
INSERT INTO "m_member_love_level" VALUES (647, 109171410);
INSERT INTO "m_member_love_level" VALUES (648, 109835500);
INSERT INTO "m_member_love_level" VALUES (649, 110499740);
INSERT INTO "m_member_love_level" VALUES (650, 111164130);
INSERT INTO "m_member_love_level" VALUES (651, 111828670);
INSERT INTO "m_member_love_level" VALUES (652, 112493360);
INSERT INTO "m_member_love_level" VALUES (653, 113158200);
INSERT INTO "m_member_love_level" VALUES (654, 113823190);
INSERT INTO "m_member_love_level" VALUES (655, 114488330);
INSERT INTO "m_member_love_level" VALUES (656, 115153620);
INSERT INTO "m_member_love_level" VALUES (657, 115819060);
INSERT INTO "m_member_love_level" VALUES (658, 116484650);
INSERT INTO "m_member_love_level" VALUES (659, 117150390);
INSERT INTO "m_member_love_level" VALUES (660, 117816280);
INSERT INTO "m_member_love_level" VALUES (661, 118482320);
INSERT INTO "m_member_love_level" VALUES (662, 119148510);
INSERT INTO "m_member_love_level" VALUES (663, 119814850);
INSERT INTO "m_member_love_level" VALUES (664, 120481340);
INSERT INTO "m_member_love_level" VALUES (665, 121147980);
INSERT INTO "m_member_love_level" VALUES (666, 121814770);
INSERT INTO "m_member_love_level" VALUES (667, 122481710);
INSERT INTO "m_member_love_level" VALUES (668, 123148800);
INSERT INTO "m_member_love_level" VALUES (669, 123816040);
INSERT INTO "m_member_love_level" VALUES (670, 124483430);
INSERT INTO "m_member_love_level" VALUES (671, 125150970);
INSERT INTO "m_member_love_level" VALUES (672, 125818660);
INSERT INTO "m_member_love_level" VALUES (673, 126486500);
INSERT INTO "m_member_love_level" VALUES (674, 127154490);
INSERT INTO "m_member_love_level" VALUES (675, 127822630);
INSERT INTO "m_member_love_level" VALUES (676, 128490920);
INSERT INTO "m_member_love_level" VALUES (677, 129159360);
INSERT INTO "m_member_love_level" VALUES (678, 129827950);
INSERT INTO "m_member_love_level" VALUES (679, 130496690);
INSERT INTO "m_member_love_level" VALUES (680, 131165580);
INSERT INTO "m_member_love_level" VALUES (681, 131834620);
INSERT INTO "m_member_love_level" VALUES (682, 132503810);
INSERT INTO "m_member_love_level" VALUES (683, 133173150);
INSERT INTO "m_member_love_level" VALUES (684, 133842640);
INSERT INTO "m_member_love_level" VALUES (685, 134512280);
INSERT INTO "m_member_love_level" VALUES (686, 135182070);
INSERT INTO "m_member_love_level" VALUES (687, 135852010);
INSERT INTO "m_member_love_level" VALUES (688, 136522100);
INSERT INTO "m_member_love_level" VALUES (689, 137192340);
INSERT INTO "m_member_love_level" VALUES (690, 137862730);
INSERT INTO "m_member_love_level" VALUES (691, 138533270);
INSERT INTO "m_member_love_level" VALUES (692, 139203960);
INSERT INTO "m_member_love_level" VALUES (693, 139874800);
INSERT INTO "m_member_love_level" VALUES (694, 140545790);
INSERT INTO "m_member_love_level" VALUES (695, 141216930);
INSERT INTO "m_member_love_level" VALUES (696, 141888220);
INSERT INTO "m_member_love_level" VALUES (697, 142559660);
INSERT INTO "m_member_love_level" VALUES (698, 143231250);
INSERT INTO "m_member_love_level" VALUES (699, 143902990);
INSERT INTO "m_member_love_level" VALUES (700, 144574880);
INSERT INTO "m_member_love_level" VALUES (701, 145246920);
INSERT INTO "m_member_love_level" VALUES (702, 145919110);
INSERT INTO "m_member_love_level" VALUES (703, 146591450);
INSERT INTO "m_member_love_level" VALUES (704, 147263940);
INSERT INTO "m_member_love_level" VALUES (705, 147936580);
INSERT INTO "m_member_love_level" VALUES (706, 148609370);
INSERT INTO "m_member_love_level" VALUES (707, 149282310);
INSERT INTO "m_member_love_level" VALUES (708, 149955400);
INSERT INTO "m_member_love_level" VALUES (709, 150628640);
INSERT INTO "m_member_love_level" VALUES (710, 151302030);
INSERT INTO "m_member_love_level" VALUES (711, 151975570);
INSERT INTO "m_member_love_level" VALUES (712, 152649260);
INSERT INTO "m_member_love_level" VALUES (713, 153323100);
INSERT INTO "m_member_love_level" VALUES (714, 153997090);
INSERT INTO "m_member_love_level" VALUES (715, 154671230);
INSERT INTO "m_member_love_level" VALUES (716, 155345520);
INSERT INTO "m_member_love_level" VALUES (717, 156019960);
INSERT INTO "m_member_love_level" VALUES (718, 156694550);
INSERT INTO "m_member_love_level" VALUES (719, 157369290);
INSERT INTO "m_member_love_level" VALUES (720, 158044180);
INSERT INTO "m_member_love_level" VALUES (721, 158719220);
INSERT INTO "m_member_love_level" VALUES (722, 159394410);
INSERT INTO "m_member_love_level" VALUES (723, 160069750);
INSERT INTO "m_member_love_level" VALUES (724, 160745240);
INSERT INTO "m_member_love_level" VALUES (725, 161420880);
INSERT INTO "m_member_love_level" VALUES (726, 162096670);
INSERT INTO "m_member_love_level" VALUES (727, 162772610);
INSERT INTO "m_member_love_level" VALUES (728, 163448700);
INSERT INTO "m_member_love_level" VALUES (729, 164124940);
INSERT INTO "m_member_love_level" VALUES (730, 164801330);
INSERT INTO "m_member_love_level" VALUES (731, 165477870);
INSERT INTO "m_member_love_level" VALUES (732, 166154560);
INSERT INTO "m_member_love_level" VALUES (733, 166831400);
INSERT INTO "m_member_love_level" VALUES (734, 167508390);
INSERT INTO "m_member_love_level" VALUES (735, 168185530);
INSERT INTO "m_member_love_level" VALUES (736, 168862820);
INSERT INTO "m_member_love_level" VALUES (737, 169540260);
INSERT INTO "m_member_love_level" VALUES (738, 170217850);
INSERT INTO "m_member_love_level" VALUES (739, 170895590);
INSERT INTO "m_member_love_level" VALUES (740, 171573480);
INSERT INTO "m_member_love_level" VALUES (741, 172251520);
INSERT INTO "m_member_love_level" VALUES (742, 172929710);
INSERT INTO "m_member_love_level" VALUES (743, 173608050);
INSERT INTO "m_member_love_level" VALUES (744, 174286540);
INSERT INTO "m_member_love_level" VALUES (745, 174965180);
INSERT INTO "m_member_love_level" VALUES (746, 175643970);
INSERT INTO "m_member_love_level" VALUES (747, 176322910);
INSERT INTO "m_member_love_level" VALUES (748, 177002000);
INSERT INTO "m_member_love_level" VALUES (749, 177681240);
INSERT INTO "m_member_love_level" VALUES (750, 178360630);
INSERT INTO "m_member_love_level" VALUES (751, 179040170);
INSERT INTO "m_member_love_level" VALUES (752, 179719860);
INSERT INTO "m_member_love_level" VALUES (753, 180399700);
INSERT INTO "m_member_love_level" VALUES (754, 181079690);
INSERT INTO "m_member_love_level" VALUES (755, 181759830);
INSERT INTO "m_member_love_level" VALUES (756, 182440120);
INSERT INTO "m_member_love_level" VALUES (757, 183120560);
INSERT INTO "m_member_love_level" VALUES (758, 183801150);
INSERT INTO "m_member_love_level" VALUES (759, 184481890);
INSERT INTO "m_member_love_level" VALUES (760, 185162780);
-- add missing reward love panel
INSERT INTO "m_member_love_panel" VALUES (33001,420,1);
INSERT INTO "m_member_love_panel" VALUES (34001,440,1);
INSERT INTO "m_member_love_panel" VALUES (35001,460,1);
INSERT INTO "m_member_love_panel" VALUES (36001,480,1);
INSERT INTO "m_member_love_panel" VALUES (37001,500,1);
INSERT INTO "m_member_love_panel" VALUES (38001,520,1);
INSERT INTO "m_member_love_panel" VALUES (39001,540,1);
INSERT INTO "m_member_love_panel" VALUES (40001,560,1);
INSERT INTO "m_member_love_panel" VALUES (41001,580,1);
INSERT INTO "m_member_love_panel" VALUES (42001,600,1);
INSERT INTO "m_member_love_panel" VALUES (43001,620,1);
INSERT INTO "m_member_love_panel" VALUES (44001,640,1);
INSERT INTO "m_member_love_panel" VALUES (45001,660,1);
INSERT INTO "m_member_love_panel" VALUES (46001,680,1);
INSERT INTO "m_member_love_panel" VALUES (47001,700,1);
INSERT INTO "m_member_love_panel" VALUES (48001,720,1);
INSERT INTO "m_member_love_panel" VALUES (49001,740,1);
INSERT INTO "m_member_love_panel" VALUES (50001,760,1);
INSERT INTO "m_member_love_panel_bonus" VALUES (33001,3,100);
INSERT INTO "m_member_love_panel_bonus" VALUES (34001,7,100);
INSERT INTO "m_member_love_panel_bonus" VALUES (35001,6,200);
INSERT INTO "m_member_love_panel_bonus" VALUES (36001,4,100);
INSERT INTO "m_member_love_panel_bonus" VALUES (37001,5,2000);
INSERT INTO "m_member_love_panel_bonus" VALUES (38001,12,500);
INSERT INTO "m_member_love_panel_bonus" VALUES (39001,7,100);
INSERT INTO "m_member_love_panel_bonus" VALUES (40001,13,6);
INSERT INTO "m_member_love_panel_bonus" VALUES (40001,14,4);
INSERT INTO "m_member_love_panel_bonus" VALUES (40001,15,2);
INSERT INTO "m_member_love_panel_bonus" VALUES (41001,1,100);
INSERT INTO "m_member_love_panel_bonus" VALUES (42001,2,100);
INSERT INTO "m_member_love_panel_bonus" VALUES (43001,3,100);
INSERT INTO "m_member_love_panel_bonus" VALUES (44001,7,100);
INSERT INTO "m_member_love_panel_bonus" VALUES (45001,6,200);
INSERT INTO "m_member_love_panel_bonus" VALUES (46001,4,100);
INSERT INTO "m_member_love_panel_bonus" VALUES (47001,5,2000);
INSERT INTO "m_member_love_panel_bonus" VALUES (48001,12,500);
INSERT INTO "m_member_love_panel_bonus" VALUES (49001,7,100);
INSERT INTO "m_member_love_panel_bonus" VALUES (50001,13,6);
INSERT INTO "m_member_love_panel_bonus" VALUES (50001,14,4);
INSERT INTO "m_member_love_panel_bonus" VALUES (50001,15,2);
--
INSERT INTO "m_member_love_panel_cell" VALUES (321001, 0, 33001, 1, 10);
INSERT INTO "m_member_love_panel_cell" VALUES (322001, 1, 33001, 3, 10);
INSERT INTO "m_member_love_panel_cell" VALUES (323001, 2, 33001, 2, 10);
INSERT INTO "m_member_love_panel_cell" VALUES (324001, 3, 33001, 7, 20);
INSERT INTO "m_member_love_panel_cell" VALUES (325001, 4, 33001, 12, 250);
INSERT INTO "m_member_love_panel_cell" VALUES (331001, 0, 34001, 1, 10);
INSERT INTO "m_member_love_panel_cell" VALUES (332001, 1, 34001, 3, 10);
INSERT INTO "m_member_love_panel_cell" VALUES (333001, 2, 34001, 2, 10);
INSERT INTO "m_member_love_panel_cell" VALUES (334001, 3, 34001, 10, 50);
INSERT INTO "m_member_love_panel_cell" VALUES (335001, 4, 34001, 14, 4);
INSERT INTO "m_member_love_panel_cell" VALUES (341001, 0, 35001, 1, 10);
INSERT INTO "m_member_love_panel_cell" VALUES (342001, 1, 35001, 3, 10);
INSERT INTO "m_member_love_panel_cell" VALUES (343001, 2, 35001, 2, 10);
INSERT INTO "m_member_love_panel_cell" VALUES (344001, 3, 35001, 5, 500);
INSERT INTO "m_member_love_panel_cell" VALUES (345001, 4, 35001, 7, 20);
INSERT INTO "m_member_love_panel_cell" VALUES (351001, 0, 36001, 1, 10);
INSERT INTO "m_member_love_panel_cell" VALUES (352001, 1, 36001, 3, 10);
INSERT INTO "m_member_love_panel_cell" VALUES (353001, 2, 36001, 2, 10);
INSERT INTO "m_member_love_panel_cell" VALUES (354001, 3, 36001, 6, 50);
INSERT INTO "m_member_love_panel_cell" VALUES (355001, 4, 36001, 11, 50);
INSERT INTO "m_member_love_panel_cell" VALUES (361001, 0, 37001, 1, 10);
INSERT INTO "m_member_love_panel_cell" VALUES (362001, 1, 37001, 3, 10);
INSERT INTO "m_member_love_panel_cell" VALUES (363001, 2, 37001, 2, 10);
INSERT INTO "m_member_love_panel_cell" VALUES (364001, 3, 37001, 4, 50);
INSERT INTO "m_member_love_panel_cell" VALUES (365001, 4, 37001, 15, 2);
INSERT INTO "m_member_love_panel_cell" VALUES (371001, 0, 38001, 1, 10);
INSERT INTO "m_member_love_panel_cell" VALUES (372001, 1, 38001, 3, 10);
INSERT INTO "m_member_love_panel_cell" VALUES (373001, 2, 33001, 2, 10);
INSERT INTO "m_member_love_panel_cell" VALUES (374001, 3, 38001, 6, 50);
INSERT INTO "m_member_love_panel_cell" VALUES (375001, 4, 38001, 9, 50);
INSERT INTO "m_member_love_panel_cell" VALUES (381001, 0, 39001, 1, 10);
INSERT INTO "m_member_love_panel_cell" VALUES (382001, 1, 39001, 3, 10);
INSERT INTO "m_member_love_panel_cell" VALUES (383001, 2, 39001, 2, 10);
INSERT INTO "m_member_love_panel_cell" VALUES (384001, 3, 39001, 8, 50);
INSERT INTO "m_member_love_panel_cell" VALUES (385001, 4, 39001, 4, 50);
INSERT INTO "m_member_love_panel_cell" VALUES (391001, 0, 40001, 1, 10);
INSERT INTO "m_member_love_panel_cell" VALUES (392001, 1, 40001, 3, 10);
INSERT INTO "m_member_love_panel_cell" VALUES (393001, 2, 40001, 2, 10);
INSERT INTO "m_member_love_panel_cell" VALUES (394001, 3, 40001, 7, 20);
INSERT INTO "m_member_love_panel_cell" VALUES (395001, 4, 40001, 5, 500);
--
INSERT INTO "m_member_love_panel_cell" VALUES (401001, 0, 41001, 1, 10);
INSERT INTO "m_member_love_panel_cell" VALUES (402001, 1, 41001, 3, 10);
INSERT INTO "m_member_love_panel_cell" VALUES (403001, 2, 41001, 2, 10);
INSERT INTO "m_member_love_panel_cell" VALUES (404001, 3, 41001, 4, 50);
INSERT INTO "m_member_love_panel_cell" VALUES (405001, 4, 41001, 6, 50);
INSERT INTO "m_member_love_panel_cell" VALUES (411001, 0, 42001, 1, 10);
INSERT INTO "m_member_love_panel_cell" VALUES (412001, 1, 42001, 3, 10);
INSERT INTO "m_member_love_panel_cell" VALUES (413001, 2, 42001, 2, 10);
INSERT INTO "m_member_love_panel_cell" VALUES (414001, 3, 42001, 5, 500);
INSERT INTO "m_member_love_panel_cell" VALUES (415001, 4, 42001, 13, 6);
INSERT INTO "m_member_love_panel_cell" VALUES (421001, 0, 43001, 1, 10);
INSERT INTO "m_member_love_panel_cell" VALUES (422001, 1, 43001, 3, 10);
INSERT INTO "m_member_love_panel_cell" VALUES (423001, 2, 43001, 2, 10);
INSERT INTO "m_member_love_panel_cell" VALUES (424001, 3, 43001, 7, 20);
INSERT INTO "m_member_love_panel_cell" VALUES (425001, 4, 43001, 12, 250);
INSERT INTO "m_member_love_panel_cell" VALUES (431001, 0, 44001, 1, 10);
INSERT INTO "m_member_love_panel_cell" VALUES (432001, 1, 44001, 3, 10);
INSERT INTO "m_member_love_panel_cell" VALUES (433001, 2, 44001, 2, 10);
INSERT INTO "m_member_love_panel_cell" VALUES (434001, 3, 44001, 10, 50);
INSERT INTO "m_member_love_panel_cell" VALUES (435001, 4, 44001, 14, 4);
INSERT INTO "m_member_love_panel_cell" VALUES (441001, 0, 45001, 1, 10);
INSERT INTO "m_member_love_panel_cell" VALUES (442001, 1, 45001, 3, 10);
INSERT INTO "m_member_love_panel_cell" VALUES (443001, 2, 45001, 2, 10);
INSERT INTO "m_member_love_panel_cell" VALUES (444001, 3, 45001, 5, 500);
INSERT INTO "m_member_love_panel_cell" VALUES (445001, 4, 45001, 7, 20);
INSERT INTO "m_member_love_panel_cell" VALUES (451001, 0, 46001, 1, 10);
INSERT INTO "m_member_love_panel_cell" VALUES (452001, 1, 46001, 3, 10);
INSERT INTO "m_member_love_panel_cell" VALUES (453001, 2, 46001, 2, 10);
INSERT INTO "m_member_love_panel_cell" VALUES (454001, 3, 46001, 6, 50);
INSERT INTO "m_member_love_panel_cell" VALUES (455001, 4, 46001, 11, 50);
INSERT INTO "m_member_love_panel_cell" VALUES (461001, 0, 47001, 1, 10);
INSERT INTO "m_member_love_panel_cell" VALUES (462001, 1, 47001, 3, 10);
INSERT INTO "m_member_love_panel_cell" VALUES (463001, 2, 47001, 2, 10);
INSERT INTO "m_member_love_panel_cell" VALUES (464001, 3, 47001, 4, 50);
INSERT INTO "m_member_love_panel_cell" VALUES (465001, 4, 47001, 15, 2);
INSERT INTO "m_member_love_panel_cell" VALUES (471001, 0, 48001, 1, 10);
INSERT INTO "m_member_love_panel_cell" VALUES (472001, 1, 48001, 3, 10);
INSERT INTO "m_member_love_panel_cell" VALUES (473001, 2, 43001, 2, 10);
INSERT INTO "m_member_love_panel_cell" VALUES (474001, 3, 48001, 6, 50);
INSERT INTO "m_member_love_panel_cell" VALUES (475001, 4, 48001, 9, 50);
INSERT INTO "m_member_love_panel_cell" VALUES (481001, 0, 49001, 1, 10);
INSERT INTO "m_member_love_panel_cell" VALUES (482001, 1, 49001, 3, 10);
INSERT INTO "m_member_love_panel_cell" VALUES (483001, 2, 49001, 2, 10);
INSERT INTO "m_member_love_panel_cell" VALUES (484001, 3, 49001, 8, 50);
INSERT INTO "m_member_love_panel_cell" VALUES (485001, 4, 49001, 4, 50);
INSERT INTO "m_member_love_panel_cell" VALUES (491001, 0, 50001, 1, 10);
INSERT INTO "m_member_love_panel_cell" VALUES (492001, 1, 50001, 3, 10);
INSERT INTO "m_member_love_panel_cell" VALUES (493001, 2, 50001, 2, 10);
INSERT INTO "m_member_love_panel_cell" VALUES (494001, 3, 50001, 7, 20);
INSERT INTO "m_member_love_panel_cell" VALUES (495001, 4, 50001, 5, 500);
-- placeholder source content or we don't need this, for what tho?
INSERT INTO "m_member_love_panel_cell_source_content" VALUES (321001, 1002701, 10, 0, 69);
INSERT INTO "m_member_love_panel_cell_source_content" VALUES (322001, 1002702, 10, 0, 69);
INSERT INTO "m_member_love_panel_cell_source_content" VALUES (323001, 1002703, 10, 0, 69);
INSERT INTO "m_member_love_panel_cell_source_content" VALUES (324001, 1002704, 10, 0, 69);
INSERT INTO "m_member_love_panel_cell_source_content" VALUES (325001, 1002705, 10, 0, 69);
INSERT INTO "m_member_love_panel_cell_source_content" VALUES (331001, 1002701, 10, 0, 69);
INSERT INTO "m_member_love_panel_cell_source_content" VALUES (332001, 1002702, 10, 0, 69);
INSERT INTO "m_member_love_panel_cell_source_content" VALUES (333001, 1002703, 10, 0, 69);
INSERT INTO "m_member_love_panel_cell_source_content" VALUES (334001, 1002704, 10, 0, 69);
INSERT INTO "m_member_love_panel_cell_source_content" VALUES (335001, 1002705, 10, 0, 69);
INSERT INTO "m_member_love_panel_cell_source_content" VALUES (341001, 1002701, 10, 0, 69);
INSERT INTO "m_member_love_panel_cell_source_content" VALUES (342001, 1002702, 10, 0, 69);
INSERT INTO "m_member_love_panel_cell_source_content" VALUES (343001, 1002703, 10, 0, 69);
INSERT INTO "m_member_love_panel_cell_source_content" VALUES (344001, 1002704, 10, 0, 69);
INSERT INTO "m_member_love_panel_cell_source_content" VALUES (345001, 1002705, 10, 0, 69);
INSERT INTO "m_member_love_panel_cell_source_content" VALUES (351001, 1002701, 10, 0, 69);
INSERT INTO "m_member_love_panel_cell_source_content" VALUES (352001, 1002702, 10, 0, 69);
INSERT INTO "m_member_love_panel_cell_source_content" VALUES (353001, 1002703, 10, 0, 69);
INSERT INTO "m_member_love_panel_cell_source_content" VALUES (354001, 1002704, 10, 0, 69);
INSERT INTO "m_member_love_panel_cell_source_content" VALUES (355001, 1002705, 10, 0, 69);
INSERT INTO "m_member_love_panel_cell_source_content" VALUES (361001, 1002701, 10, 0, 69);
INSERT INTO "m_member_love_panel_cell_source_content" VALUES (362001, 1002702, 10, 0, 69);
INSERT INTO "m_member_love_panel_cell_source_content" VALUES (363001, 1002703, 10, 0, 69);
INSERT INTO "m_member_love_panel_cell_source_content" VALUES (364001, 1002704, 10, 0, 69);
INSERT INTO "m_member_love_panel_cell_source_content" VALUES (365001, 1002705, 10, 0, 69);
INSERT INTO "m_member_love_panel_cell_source_content" VALUES (371001, 1002701, 10, 0, 69);
INSERT INTO "m_member_love_panel_cell_source_content" VALUES (372001, 1002702, 10, 0, 69);
INSERT INTO "m_member_love_panel_cell_source_content" VALUES (373001, 1002703, 10, 0, 69);
INSERT INTO "m_member_love_panel_cell_source_content" VALUES (374001, 1002704, 10, 0, 69);
INSERT INTO "m_member_love_panel_cell_source_content" VALUES (375001, 1002705, 10, 0, 69);
INSERT INTO "m_member_love_panel_cell_source_content" VALUES (381001, 1002701, 10, 0, 69);
INSERT INTO "m_member_love_panel_cell_source_content" VALUES (382001, 1002702, 10, 0, 69);
INSERT INTO "m_member_love_panel_cell_source_content" VALUES (383001, 1002703, 10, 0, 69);
INSERT INTO "m_member_love_panel_cell_source_content" VALUES (384001, 1002704, 10, 0, 69);
INSERT INTO "m_member_love_panel_cell_source_content" VALUES (385001, 1002705, 10, 0, 69);
INSERT INTO "m_member_love_panel_cell_source_content" VALUES (391001, 1002701, 10, 0, 69);
INSERT INTO "m_member_love_panel_cell_source_content" VALUES (392001, 1002702, 10, 0, 69);
INSERT INTO "m_member_love_panel_cell_source_content" VALUES (393001, 1002703, 10, 0, 69);
INSERT INTO "m_member_love_panel_cell_source_content" VALUES (394001, 1002704, 10, 0, 69);
INSERT INTO "m_member_love_panel_cell_source_content" VALUES (395001, 1002705, 10, 0, 69);
INSERT INTO "m_member_love_panel_cell_source_content" VALUES (401001, 1002701, 10, 0, 69);
INSERT INTO "m_member_love_panel_cell_source_content" VALUES (402001, 1002702, 10, 0, 69);
INSERT INTO "m_member_love_panel_cell_source_content" VALUES (403001, 1002703, 10, 0, 69);
INSERT INTO "m_member_love_panel_cell_source_content" VALUES (404001, 1002704, 10, 0, 69);
INSERT INTO "m_member_love_panel_cell_source_content" VALUES (405001, 1002705, 10, 0, 69);
INSERT INTO "m_member_love_panel_cell_source_content" VALUES (411001, 1002701, 10, 0, 69);
INSERT INTO "m_member_love_panel_cell_source_content" VALUES (412001, 1002702, 10, 0, 69);
INSERT INTO "m_member_love_panel_cell_source_content" VALUES (413001, 1002703, 10, 0, 69);
INSERT INTO "m_member_love_panel_cell_source_content" VALUES (414001, 1002704, 10, 0, 69);
INSERT INTO "m_member_love_panel_cell_source_content" VALUES (415001, 1002705, 10, 0, 69);
INSERT INTO "m_member_love_panel_cell_source_content" VALUES (421001, 1002701, 10, 0, 69);
INSERT INTO "m_member_love_panel_cell_source_content" VALUES (422001, 1002702, 10, 0, 69);
INSERT INTO "m_member_love_panel_cell_source_content" VALUES (423001, 1002703, 10, 0, 69);
INSERT INTO "m_member_love_panel_cell_source_content" VALUES (424001, 1002704, 10, 0, 69);
INSERT INTO "m_member_love_panel_cell_source_content" VALUES (425001, 1002705, 10, 0, 69);
INSERT INTO "m_member_love_panel_cell_source_content" VALUES (431001, 1002701, 10, 0, 69);
INSERT INTO "m_member_love_panel_cell_source_content" VALUES (432001, 1002702, 10, 0, 69);
INSERT INTO "m_member_love_panel_cell_source_content" VALUES (433001, 1002703, 10, 0, 69);
INSERT INTO "m_member_love_panel_cell_source_content" VALUES (434001, 1002704, 10, 0, 69);
INSERT INTO "m_member_love_panel_cell_source_content" VALUES (435001, 1002705, 10, 0, 69);
INSERT INTO "m_member_love_panel_cell_source_content" VALUES (441001, 1002701, 10, 0, 69);
INSERT INTO "m_member_love_panel_cell_source_content" VALUES (442001, 1002702, 10, 0, 69);
INSERT INTO "m_member_love_panel_cell_source_content" VALUES (443001, 1002703, 10, 0, 69);
INSERT INTO "m_member_love_panel_cell_source_content" VALUES (444001, 1002704, 10, 0, 69);
INSERT INTO "m_member_love_panel_cell_source_content" VALUES (445001, 1002705, 10, 0, 69);
INSERT INTO "m_member_love_panel_cell_source_content" VALUES (451001, 1002701, 10, 0, 69);
INSERT INTO "m_member_love_panel_cell_source_content" VALUES (452001, 1002702, 10, 0, 69);
INSERT INTO "m_member_love_panel_cell_source_content" VALUES (453001, 1002703, 10, 0, 69);
INSERT INTO "m_member_love_panel_cell_source_content" VALUES (454001, 1002704, 10, 0, 69);
INSERT INTO "m_member_love_panel_cell_source_content" VALUES (455001, 1002705, 10, 0, 69);
INSERT INTO "m_member_love_panel_cell_source_content" VALUES (461001, 1002701, 10, 0, 69);
INSERT INTO "m_member_love_panel_cell_source_content" VALUES (462001, 1002702, 10, 0, 69);
INSERT INTO "m_member_love_panel_cell_source_content" VALUES (463001, 1002703, 10, 0, 69);
INSERT INTO "m_member_love_panel_cell_source_content" VALUES (464001, 1002704, 10, 0, 69);
INSERT INTO "m_member_love_panel_cell_source_content" VALUES (465001, 1002705, 10, 0, 69);
INSERT INTO "m_member_love_panel_cell_source_content" VALUES (471001, 1002701, 10, 0, 69);
INSERT INTO "m_member_love_panel_cell_source_content" VALUES (472001, 1002702, 10, 0, 69);
INSERT INTO "m_member_love_panel_cell_source_content" VALUES (473001, 1002703, 10, 0, 69);
INSERT INTO "m_member_love_panel_cell_source_content" VALUES (474001, 1002704, 10, 0, 69);
INSERT INTO "m_member_love_panel_cell_source_content" VALUES (475001, 1002705, 10, 0, 69);
INSERT INTO "m_member_love_panel_cell_source_content" VALUES (481001, 1002701, 10, 0, 69);
INSERT INTO "m_member_love_panel_cell_source_content" VALUES (482001, 1002702, 10, 0, 69);
INSERT INTO "m_member_love_panel_cell_source_content" VALUES (483001, 1002703, 10, 0, 69);
INSERT INTO "m_member_love_panel_cell_source_content" VALUES (484001, 1002704, 10, 0, 69);
INSERT INTO "m_member_love_panel_cell_source_content" VALUES (485001, 1002705, 10, 0, 69);
INSERT INTO "m_member_love_panel_cell_source_content" VALUES (491001, 1002701, 10, 0, 69);
INSERT INTO "m_member_love_panel_cell_source_content" VALUES (492001, 1002702, 10, 0, 69);
INSERT INTO "m_member_love_panel_cell_source_content" VALUES (493001, 1002703, 10, 0, 69);
INSERT INTO "m_member_love_panel_cell_source_content" VALUES (494001, 1002704, 10, 0, 69);
INSERT INTO "m_member_love_panel_cell_source_content" VALUES (495001, 1002705, 10, 0, 69);
--this is alot copies
-- add missing reward love panel
-- GPT need: loop create copy, find "001" and replace all [002 - 009, 101 - 109, 201 - 212]
INSERT INTO "m_member_love_panel" VALUES (33002,420,1);
INSERT INTO "m_member_love_panel" VALUES (34002,440,1);
INSERT INTO "m_member_love_panel" VALUES (35002,460,1);
INSERT INTO "m_member_love_panel" VALUES (36002,480,1);
INSERT INTO "m_member_love_panel" VALUES (37002,500,1);
INSERT INTO "m_member_love_panel" VALUES (38002,520,1);
INSERT INTO "m_member_love_panel" VALUES (39002,540,1);
INSERT INTO "m_member_love_panel" VALUES (40002,560,1);
INSERT INTO "m_member_love_panel" VALUES (41002,580,1);
INSERT INTO "m_member_love_panel" VALUES (42002,600,1);
INSERT INTO "m_member_love_panel" VALUES (43002,620,1);
INSERT INTO "m_member_love_panel" VALUES (44002,640,1);
INSERT INTO "m_member_love_panel" VALUES (45002,660,1);
INSERT INTO "m_member_love_panel" VALUES (46002,680,1);
INSERT INTO "m_member_love_panel" VALUES (47002,700,1);
INSERT INTO "m_member_love_panel" VALUES (48002,720,1);
INSERT INTO "m_member_love_panel" VALUES (49002,740,1);
INSERT INTO "m_member_love_panel" VALUES (50002,760,1);
INSERT INTO "m_member_love_panel_bonus" VALUES (33002,3,100);
INSERT INTO "m_member_love_panel_bonus" VALUES (34002,7,100);
INSERT INTO "m_member_love_panel_bonus" VALUES (35002,6,200);
INSERT INTO "m_member_love_panel_bonus" VALUES (36002,4,100);
INSERT INTO "m_member_love_panel_bonus" VALUES (37002,5,2000);
INSERT INTO "m_member_love_panel_bonus" VALUES (38002,12,500);
INSERT INTO "m_member_love_panel_bonus" VALUES (39002,7,100);
INSERT INTO "m_member_love_panel_bonus" VALUES (40002,13,6);
INSERT INTO "m_member_love_panel_bonus" VALUES (40002,14,4);
INSERT INTO "m_member_love_panel_bonus" VALUES (40002,15,2);
INSERT INTO "m_member_love_panel_bonus" VALUES (41002,1,100);
INSERT INTO "m_member_love_panel_bonus" VALUES (42002,2,100);
INSERT INTO "m_member_love_panel_bonus" VALUES (43002,3,100);
INSERT INTO "m_member_love_panel_bonus" VALUES (44002,7,100);
INSERT INTO "m_member_love_panel_bonus" VALUES (45002,6,200);
INSERT INTO "m_member_love_panel_bonus" VALUES (46002,4,100);
INSERT INTO "m_member_love_panel_bonus" VALUES (47002,5,2000);
INSERT INTO "m_member_love_panel_bonus" VALUES (48002,12,500);
INSERT INTO "m_member_love_panel_bonus" VALUES (49002,7,100);
INSERT INTO "m_member_love_panel_bonus" VALUES (50002,13,6);
INSERT INTO "m_member_love_panel_bonus" VALUES (50002,14,4);
INSERT INTO "m_member_love_panel_bonus" VALUES (50002,15,2);
--
INSERT INTO "m_member_love_panel_cell" VALUES (321002, 0, 33002, 1, 10);
INSERT INTO "m_member_love_panel_cell" VALUES (322002, 1, 33002, 3, 10);
INSERT INTO "m_member_love_panel_cell" VALUES (323002, 2, 33002, 2, 10);
INSERT INTO "m_member_love_panel_cell" VALUES (324002, 3, 33002, 7, 20);
INSERT INTO "m_member_love_panel_cell" VALUES (325002, 4, 33002, 12, 250);
INSERT INTO "m_member_love_panel_cell" VALUES (331002, 0, 34002, 1, 10);
INSERT INTO "m_member_love_panel_cell" VALUES (332002, 1, 34002, 3, 10);
INSERT INTO "m_member_love_panel_cell" VALUES (333002, 2, 34002, 2, 10);
INSERT INTO "m_member_love_panel_cell" VALUES (334002, 3, 34002, 10, 50);
INSERT INTO "m_member_love_panel_cell" VALUES (335002, 4, 34002, 14, 4);
INSERT INTO "m_member_love_panel_cell" VALUES (341002, 0, 35002, 1, 10);
INSERT INTO "m_member_love_panel_cell" VALUES (342002, 1, 35002, 3, 10);
INSERT INTO "m_member_love_panel_cell" VALUES (343002, 2, 35002, 2, 10);
INSERT INTO "m_member_love_panel_cell" VALUES (344002, 3, 35002, 5, 500);
INSERT INTO "m_member_love_panel_cell" VALUES (345002, 4, 35002, 7, 20);
INSERT INTO "m_member_love_panel_cell" VALUES (351002, 0, 36002, 1, 10);
INSERT INTO "m_member_love_panel_cell" VALUES (352002, 1, 36002, 3, 10);
INSERT INTO "m_member_love_panel_cell" VALUES (353002, 2, 36002, 2, 10);
INSERT INTO "m_member_love_panel_cell" VALUES (354002, 3, 36002, 6, 50);
INSERT INTO "m_member_love_panel_cell" VALUES (355002, 4, 36002, 11, 50);
INSERT INTO "m_member_love_panel_cell" VALUES (361002, 0, 37002, 1, 10);
INSERT INTO "m_member_love_panel_cell" VALUES (362002, 1, 37002, 3, 10);
INSERT INTO "m_member_love_panel_cell" VALUES (363002, 2, 37002, 2, 10);
INSERT INTO "m_member_love_panel_cell" VALUES (364002, 3, 37002, 4, 50);
INSERT INTO "m_member_love_panel_cell" VALUES (365002, 4, 37002, 15, 2);
INSERT INTO "m_member_love_panel_cell" VALUES (371002, 0, 38002, 1, 10);
INSERT INTO "m_member_love_panel_cell" VALUES (372002, 1, 38002, 3, 10);
INSERT INTO "m_member_love_panel_cell" VALUES (373002, 2, 33002, 2, 10);
INSERT INTO "m_member_love_panel_cell" VALUES (374002, 3, 38002, 6, 50);
INSERT INTO "m_member_love_panel_cell" VALUES (375002, 4, 38002, 9, 50);
INSERT INTO "m_member_love_panel_cell" VALUES (381002, 0, 39002, 1, 10);
INSERT INTO "m_member_love_panel_cell" VALUES (382002, 1, 39002, 3, 10);
INSERT INTO "m_member_love_panel_cell" VALUES (383002, 2, 39002, 2, 10);
INSERT INTO "m_member_love_panel_cell" VALUES (384002, 3, 39002, 8, 50);
INSERT INTO "m_member_love_panel_cell" VALUES (385002, 4, 39002, 4, 50);
INSERT INTO "m_member_love_panel_cell" VALUES (391002, 0, 40002, 1, 10);
INSERT INTO "m_member_love_panel_cell" VALUES (392002, 1, 40002, 3, 10);
INSERT INTO "m_member_love_panel_cell" VALUES (393002, 2, 40002, 2, 10);
INSERT INTO "m_member_love_panel_cell" VALUES (394002, 3, 40002, 7, 20);
INSERT INTO "m_member_love_panel_cell" VALUES (395002, 4, 40002, 5, 500);
--
INSERT INTO "m_member_love_panel_cell" VALUES (401002, 0, 41002, 1, 10);
INSERT INTO "m_member_love_panel_cell" VALUES (402002, 1, 41002, 3, 10);
INSERT INTO "m_member_love_panel_cell" VALUES (403002, 2, 41002, 2, 10);
INSERT INTO "m_member_love_panel_cell" VALUES (404002, 3, 41002, 4, 50);
INSERT INTO "m_member_love_panel_cell" VALUES (405002, 4, 41002, 6, 50);
INSERT INTO "m_member_love_panel_cell" VALUES (411002, 0, 42002, 1, 10);
INSERT INTO "m_member_love_panel_cell" VALUES (412002, 1, 42002, 3, 10);
INSERT INTO "m_member_love_panel_cell" VALUES (413002, 2, 42002, 2, 10);
INSERT INTO "m_member_love_panel_cell" VALUES (414002, 3, 42002, 5, 500);
INSERT INTO "m_member_love_panel_cell" VALUES (415002, 4, 42002, 13, 6);
INSERT INTO "m_member_love_panel_cell" VALUES (421002, 0, 43002, 1, 10);
INSERT INTO "m_member_love_panel_cell" VALUES (422002, 1, 43002, 3, 10);
INSERT INTO "m_member_love_panel_cell" VALUES (423002, 2, 43002, 2, 10);
INSERT INTO "m_member_love_panel_cell" VALUES (424002, 3, 43002, 7, 20);
INSERT INTO "m_member_love_panel_cell" VALUES (425002, 4, 43002, 12, 250);
INSERT INTO "m_member_love_panel_cell" VALUES (431002, 0, 44002, 1, 10);
INSERT INTO "m_member_love_panel_cell" VALUES (432002, 1, 44002, 3, 10);
INSERT INTO "m_member_love_panel_cell" VALUES (433002, 2, 44002, 2, 10);
INSERT INTO "m_member_love_panel_cell" VALUES (434002, 3, 44002, 10, 50);
INSERT INTO "m_member_love_panel_cell" VALUES (435002, 4, 44002, 14, 4);
INSERT INTO "m_member_love_panel_cell" VALUES (441002, 0, 45002, 1, 10);
INSERT INTO "m_member_love_panel_cell" VALUES (442002, 1, 45002, 3, 10);
INSERT INTO "m_member_love_panel_cell" VALUES (443002, 2, 45002, 2, 10);
INSERT INTO "m_member_love_panel_cell" VALUES (444002, 3, 45002, 5, 500);
INSERT INTO "m_member_love_panel_cell" VALUES (445002, 4, 45002, 7, 20);
INSERT INTO "m_member_love_panel_cell" VALUES (451002, 0, 46002, 1, 10);
INSERT INTO "m_member_love_panel_cell" VALUES (452002, 1, 46002, 3, 10);
INSERT INTO "m_member_love_panel_cell" VALUES (453002, 2, 46002, 2, 10);
INSERT INTO "m_member_love_panel_cell" VALUES (454002, 3, 46002, 6, 50);
INSERT INTO "m_member_love_panel_cell" VALUES (455002, 4, 46002, 11, 50);
INSERT INTO "m_member_love_panel_cell" VALUES (461002, 0, 47002, 1, 10);
INSERT INTO "m_member_love_panel_cell" VALUES (462002, 1, 47002, 3, 10);
INSERT INTO "m_member_love_panel_cell" VALUES (463002, 2, 47002, 2, 10);
INSERT INTO "m_member_love_panel_cell" VALUES (464002, 3, 47002, 4, 50);
INSERT INTO "m_member_love_panel_cell" VALUES (465002, 4, 47002, 15, 2);
INSERT INTO "m_member_love_panel_cell" VALUES (471002, 0, 48002, 1, 10);
INSERT INTO "m_member_love_panel_cell" VALUES (472002, 1, 48002, 3, 10);
INSERT INTO "m_member_love_panel_cell" VALUES (473002, 2, 43002, 2, 10);
INSERT INTO "m_member_love_panel_cell" VALUES (474002, 3, 48002, 6, 50);
INSERT INTO "m_member_love_panel_cell" VALUES (475002, 4, 48002, 9, 50);
INSERT INTO "m_member_love_panel_cell" VALUES (481002, 0, 49002, 1, 10);
INSERT INTO "m_member_love_panel_cell" VALUES (482002, 1, 49002, 3, 10);
INSERT INTO "m_member_love_panel_cell" VALUES (483002, 2, 49002, 2, 10);
INSERT INTO "m_member_love_panel_cell" VALUES (484002, 3, 49002, 8, 50);
INSERT INTO "m_member_love_panel_cell" VALUES (485002, 4, 49002, 4, 50);
INSERT INTO "m_member_love_panel_cell" VALUES (491002, 0, 50002, 1, 10);
INSERT INTO "m_member_love_panel_cell" VALUES (492002, 1, 50002, 3, 10);
INSERT INTO "m_member_love_panel_cell" VALUES (493002, 2, 50002, 2, 10);
INSERT INTO "m_member_love_panel_cell" VALUES (494002, 3, 50002, 7, 20);
INSERT INTO "m_member_love_panel_cell" VALUES (495002, 4, 50002, 5, 500);
-- placeholder source content or we don't need this, for what tho?
INSERT INTO "m_member_love_panel_cell_source_content" VALUES (321002, 1002701, 10, 0, 69);
INSERT INTO "m_member_love_panel_cell_source_content" VALUES (322002, 1002702, 10, 0, 69);
INSERT INTO "m_member_love_panel_cell_source_content" VALUES (323002, 1002703, 10, 0, 69);
INSERT INTO "m_member_love_panel_cell_source_content" VALUES (324002, 1002704, 10, 0, 69);
INSERT INTO "m_member_love_panel_cell_source_content" VALUES (325002, 1002705, 10, 0, 69);
INSERT INTO "m_member_love_panel_cell_source_content" VALUES (331002, 1002701, 10, 0, 69);
INSERT INTO "m_member_love_panel_cell_source_content" VALUES (332002, 1002702, 10, 0, 69);
INSERT INTO "m_member_love_panel_cell_source_content" VALUES (333002, 1002703, 10, 0, 69);
INSERT INTO "m_member_love_panel_cell_source_content" VALUES (334002, 1002704, 10, 0, 69);
INSERT INTO "m_member_love_panel_cell_source_content" VALUES (335002, 1002705, 10, 0, 69);
INSERT INTO "m_member_love_panel_cell_source_content" VALUES (341002, 1002701, 10, 0, 69);
INSERT INTO "m_member_love_panel_cell_source_content" VALUES (342002, 1002702, 10, 0, 69);
INSERT INTO "m_member_love_panel_cell_source_content" VALUES (343002, 1002703, 10, 0, 69);
INSERT INTO "m_member_love_panel_cell_source_content" VALUES (344002, 1002704, 10, 0, 69);
INSERT INTO "m_member_love_panel_cell_source_content" VALUES (345002, 1002705, 10, 0, 69);
INSERT INTO "m_member_love_panel_cell_source_content" VALUES (351002, 1002701, 10, 0, 69);
INSERT INTO "m_member_love_panel_cell_source_content" VALUES (352002, 1002702, 10, 0, 69);
INSERT INTO "m_member_love_panel_cell_source_content" VALUES (353002, 1002703, 10, 0, 69);
INSERT INTO "m_member_love_panel_cell_source_content" VALUES (354002, 1002704, 10, 0, 69);
INSERT INTO "m_member_love_panel_cell_source_content" VALUES (355002, 1002705, 10, 0, 69);
INSERT INTO "m_member_love_panel_cell_source_content" VALUES (361002, 1002701, 10, 0, 69);
INSERT INTO "m_member_love_panel_cell_source_content" VALUES (362002, 1002702, 10, 0, 69);
INSERT INTO "m_member_love_panel_cell_source_content" VALUES (363002, 1002703, 10, 0, 69);
INSERT INTO "m_member_love_panel_cell_source_content" VALUES (364002, 1002704, 10, 0, 69);
INSERT INTO "m_member_love_panel_cell_source_content" VALUES (365002, 1002705, 10, 0, 69);
INSERT INTO "m_member_love_panel_cell_source_content" VALUES (371002, 1002701, 10, 0, 69);
INSERT INTO "m_member_love_panel_cell_source_content" VALUES (372002, 1002702, 10, 0, 69);
INSERT INTO "m_member_love_panel_cell_source_content" VALUES (373002, 1002703, 10, 0, 69);
INSERT INTO "m_member_love_panel_cell_source_content" VALUES (374002, 1002704, 10, 0, 69);
INSERT INTO "m_member_love_panel_cell_source_content" VALUES (375002, 1002705, 10, 0, 69);
INSERT INTO "m_member_love_panel_cell_source_content" VALUES (381002, 1002701, 10, 0, 69);
INSERT INTO "m_member_love_panel_cell_source_content" VALUES (382002, 1002702, 10, 0, 69);
INSERT INTO "m_member_love_panel_cell_source_content" VALUES (383002, 1002703, 10, 0, 69);
INSERT INTO "m_member_love_panel_cell_source_content" VALUES (384002, 1002704, 10, 0, 69);
INSERT INTO "m_member_love_panel_cell_source_content" VALUES (385002, 1002705, 10, 0, 69);
INSERT INTO "m_member_love_panel_cell_source_content" VALUES (391002, 1002701, 10, 0, 69);
INSERT INTO "m_member_love_panel_cell_source_content" VALUES (392002, 1002702, 10, 0, 69);
INSERT INTO "m_member_love_panel_cell_source_content" VALUES (393002, 1002703, 10, 0, 69);
INSERT INTO "m_member_love_panel_cell_source_content" VALUES (394002, 1002704, 10, 0, 69);
INSERT INTO "m_member_love_panel_cell_source_content" VALUES (395002, 1002705, 10, 0, 69);
INSERT INTO "m_member_love_panel_cell_source_content" VALUES (401002, 1002701, 10, 0, 69);
INSERT INTO "m_member_love_panel_cell_source_content" VALUES (402002, 1002702, 10, 0, 69);
INSERT INTO "m_member_love_panel_cell_source_content" VALUES (403002, 1002703, 10, 0, 69);
INSERT INTO "m_member_love_panel_cell_source_content" VALUES (404002, 1002704, 10, 0, 69);
INSERT INTO "m_member_love_panel_cell_source_content" VALUES (405002, 1002705, 10, 0, 69);
INSERT INTO "m_member_love_panel_cell_source_content" VALUES (411002, 1002701, 10, 0, 69);
INSERT INTO "m_member_love_panel_cell_source_content" VALUES (412002, 1002702, 10, 0, 69);
INSERT INTO "m_member_love_panel_cell_source_content" VALUES (413002, 1002703, 10, 0, 69);
INSERT INTO "m_member_love_panel_cell_source_content" VALUES (414002, 1002704, 10, 0, 69);
INSERT INTO "m_member_love_panel_cell_source_content" VALUES (415002, 1002705, 10, 0, 69);
INSERT INTO "m_member_love_panel_cell_source_content" VALUES (421002, 1002701, 10, 0, 69);
INSERT INTO "m_member_love_panel_cell_source_content" VALUES (422002, 1002702, 10, 0, 69);
INSERT INTO "m_member_love_panel_cell_source_content" VALUES (423002, 1002703, 10, 0, 69);
INSERT INTO "m_member_love_panel_cell_source_content" VALUES (424002, 1002704, 10, 0, 69);
INSERT INTO "m_member_love_panel_cell_source_content" VALUES (425002, 1002705, 10, 0, 69);
INSERT INTO "m_member_love_panel_cell_source_content" VALUES (431002, 1002701, 10, 0, 69);
INSERT INTO "m_member_love_panel_cell_source_content" VALUES (432002, 1002702, 10, 0, 69);
INSERT INTO "m_member_love_panel_cell_source_content" VALUES (433002, 1002703, 10, 0, 69);
INSERT INTO "m_member_love_panel_cell_source_content" VALUES (434002, 1002704, 10, 0, 69);
INSERT INTO "m_member_love_panel_cell_source_content" VALUES (435002, 1002705, 10, 0, 69);
INSERT INTO "m_member_love_panel_cell_source_content" VALUES (441002, 1002701, 10, 0, 69);
INSERT INTO "m_member_love_panel_cell_source_content" VALUES (442002, 1002702, 10, 0, 69);
INSERT INTO "m_member_love_panel_cell_source_content" VALUES (443002, 1002703, 10, 0, 69);
INSERT INTO "m_member_love_panel_cell_source_content" VALUES (444002, 1002704, 10, 0, 69);
INSERT INTO "m_member_love_panel_cell_source_content" VALUES (445002, 1002705, 10, 0, 69);
INSERT INTO "m_member_love_panel_cell_source_content" VALUES (451002, 1002701, 10, 0, 69);
INSERT INTO "m_member_love_panel_cell_source_content" VALUES (452002, 1002702, 10, 0, 69);
INSERT INTO "m_member_love_panel_cell_source_content" VALUES (453002, 1002703, 10, 0, 69);
INSERT INTO "m_member_love_panel_cell_source_content" VALUES (454002, 1002704, 10, 0, 69);
INSERT INTO "m_member_love_panel_cell_source_content" VALUES (455002, 1002705, 10, 0, 69);
INSERT INTO "m_member_love_panel_cell_source_content" VALUES (461002, 1002701, 10, 0, 69);
INSERT INTO "m_member_love_panel_cell_source_content" VALUES (462002, 1002702, 10, 0, 69);
INSERT INTO "m_member_love_panel_cell_source_content" VALUES (463002, 1002703, 10, 0, 69);
INSERT INTO "m_member_love_panel_cell_source_content" VALUES (464002, 1002704, 10, 0, 69);
INSERT INTO "m_member_love_panel_cell_source_content" VALUES (465002, 1002705, 10, 0, 69);
INSERT INTO "m_member_love_panel_cell_source_content" VALUES (471002, 1002701, 10, 0, 69);
INSERT INTO "m_member_love_panel_cell_source_content" VALUES (472002, 1002702, 10, 0, 69);
INSERT INTO "m_member_love_panel_cell_source_content" VALUES (473002, 1002703, 10, 0, 69);
INSERT INTO "m_member_love_panel_cell_source_content" VALUES (474002, 1002704, 10, 0, 69);
INSERT INTO "m_member_love_panel_cell_source_content" VALUES (475002, 1002705, 10, 0, 69);
INSERT INTO "m_member_love_panel_cell_source_content" VALUES (481002, 1002701, 10, 0, 69);
INSERT INTO "m_member_love_panel_cell_source_content" VALUES (482002, 1002702, 10, 0, 69);
INSERT INTO "m_member_love_panel_cell_source_content" VALUES (483002, 1002703, 10, 0, 69);
INSERT INTO "m_member_love_panel_cell_source_content" VALUES (484002, 1002704, 10, 0, 69);
INSERT INTO "m_member_love_panel_cell_source_content" VALUES (485002, 1002705, 10, 0, 69);
INSERT INTO "m_member_love_panel_cell_source_content" VALUES (491002, 1002701, 10, 0, 69);
INSERT INTO "m_member_love_panel_cell_source_content" VALUES (492002, 1002702, 10, 0, 69);
INSERT INTO "m_member_love_panel_cell_source_content" VALUES (493002, 1002703, 10, 0, 69);
INSERT INTO "m_member_love_panel_cell_source_content" VALUES (494002, 1002704, 10, 0, 69);
INSERT INTO "m_member_love_panel_cell_source_content" VALUES (495002, 1002705, 10, 0, 69);
-- add missing reward love panel
-- GPT need: loop create copy, find "001" and replace all [002 - 009, 101 - 109, 201 - 212]
INSERT INTO "m_member_love_panel" VALUES (33003,420,1);
INSERT INTO "m_member_love_panel" VALUES (34003,440,1);
INSERT INTO "m_member_love_panel" VALUES (35003,460,1);
INSERT INTO "m_member_love_panel" VALUES (36003,480,1);
INSERT INTO "m_member_love_panel" VALUES (37003,500,1);
INSERT INTO "m_member_love_panel" VALUES (38003,520,1);
INSERT INTO "m_member_love_panel" VALUES (39003,540,1);
INSERT INTO "m_member_love_panel" VALUES (40003,560,1);
INSERT INTO "m_member_love_panel" VALUES (41003,580,1);
INSERT INTO "m_member_love_panel" VALUES (42003,600,1);
INSERT INTO "m_member_love_panel" VALUES (43003,620,1);
INSERT INTO "m_member_love_panel" VALUES (44003,640,1);
INSERT INTO "m_member_love_panel" VALUES (45003,660,1);
INSERT INTO "m_member_love_panel" VALUES (46003,680,1);
INSERT INTO "m_member_love_panel" VALUES (47003,700,1);
INSERT INTO "m_member_love_panel" VALUES (48003,720,1);
INSERT INTO "m_member_love_panel" VALUES (49003,740,1);
INSERT INTO "m_member_love_panel" VALUES (50003,760,1);
INSERT INTO "m_member_love_panel_bonus" VALUES (33003,3,100);
INSERT INTO "m_member_love_panel_bonus" VALUES (34003,7,100);
INSERT INTO "m_member_love_panel_bonus" VALUES (35003,6,200);
INSERT INTO "m_member_love_panel_bonus" VALUES (36003,4,100);
INSERT INTO "m_member_love_panel_bonus" VALUES (37003,5,2000);
INSERT INTO "m_member_love_panel_bonus" VALUES (38003,12,500);
INSERT INTO "m_member_love_panel_bonus" VALUES (39003,7,100);
INSERT INTO "m_member_love_panel_bonus" VALUES (40003,13,6);
INSERT INTO "m_member_love_panel_bonus" VALUES (40003,14,4);
INSERT INTO "m_member_love_panel_bonus" VALUES (40003,15,2);
INSERT INTO "m_member_love_panel_bonus" VALUES (41003,1,100);
INSERT INTO "m_member_love_panel_bonus" VALUES (42003,2,100);
INSERT INTO "m_member_love_panel_bonus" VALUES (43003,3,100);
INSERT INTO "m_member_love_panel_bonus" VALUES (44003,7,100);
INSERT INTO "m_member_love_panel_bonus" VALUES (45003,6,200);
INSERT INTO "m_member_love_panel_bonus" VALUES (46003,4,100);
INSERT INTO "m_member_love_panel_bonus" VALUES (47003,5,2000);
INSERT INTO "m_member_love_panel_bonus" VALUES (48003,12,500);
INSERT INTO "m_member_love_panel_bonus" VALUES (49003,7,100);
INSERT INTO "m_member_love_panel_bonus" VALUES (50003,13,6);
INSERT INTO "m_member_love_panel_bonus" VALUES (50003,14,4);
INSERT INTO "m_member_love_panel_bonus" VALUES (50003,15,2);
--
INSERT INTO "m_member_love_panel_cell" VALUES (321003, 0, 33003, 1, 10);
INSERT INTO "m_member_love_panel_cell" VALUES (322003, 1, 33003, 3, 10);
INSERT INTO "m_member_love_panel_cell" VALUES (323003, 2, 33003, 2, 10);
INSERT INTO "m_member_love_panel_cell" VALUES (324003, 3, 33003, 7, 20);
INSERT INTO "m_member_love_panel_cell" VALUES (325003, 4, 33003, 12, 250);
INSERT INTO "m_member_love_panel_cell" VALUES (331003, 0, 34003, 1, 10);
INSERT INTO "m_member_love_panel_cell" VALUES (332003, 1, 34003, 3, 10);
INSERT INTO "m_member_love_panel_cell" VALUES (333003, 2, 34003, 2, 10);
INSERT INTO "m_member_love_panel_cell" VALUES (334003, 3, 34003, 10, 50);
INSERT INTO "m_member_love_panel_cell" VALUES (335003, 4, 34003, 14, 4);
INSERT INTO "m_member_love_panel_cell" VALUES (341003, 0, 35003, 1, 10);
INSERT INTO "m_member_love_panel_cell" VALUES (342003, 1, 35003, 3, 10);
INSERT INTO "m_member_love_panel_cell" VALUES (343003, 2, 35003, 2, 10);
INSERT INTO "m_member_love_panel_cell" VALUES (344003, 3, 35003, 5, 500);
INSERT INTO "m_member_love_panel_cell" VALUES (345003, 4, 35003, 7, 20);
INSERT INTO "m_member_love_panel_cell" VALUES (351003, 0, 36003, 1, 10);
INSERT INTO "m_member_love_panel_cell" VALUES (352003, 1, 36003, 3, 10);
INSERT INTO "m_member_love_panel_cell" VALUES (353003, 2, 36003, 2, 10);
INSERT INTO "m_member_love_panel_cell" VALUES (354003, 3, 36003, 6, 50);
INSERT INTO "m_member_love_panel_cell" VALUES (355003, 4, 36003, 11, 50);
INSERT INTO "m_member_love_panel_cell" VALUES (361003, 0, 37003, 1, 10);
INSERT INTO "m_member_love_panel_cell" VALUES (362003, 1, 37003, 3, 10);
INSERT INTO "m_member_love_panel_cell" VALUES (363003, 2, 37003, 2, 10);
INSERT INTO "m_member_love_panel_cell" VALUES (364003, 3, 37003, 4, 50);
INSERT INTO "m_member_love_panel_cell" VALUES (365003, 4, 37003, 15, 2);
INSERT INTO "m_member_love_panel_cell" VALUES (371003, 0, 38003, 1, 10);
INSERT INTO "m_member_love_panel_cell" VALUES (372003, 1, 38003, 3, 10);
INSERT INTO "m_member_love_panel_cell" VALUES (373003, 2, 33003, 2, 10);
INSERT INTO "m_member_love_panel_cell" VALUES (374003, 3, 38003, 6, 50);
INSERT INTO "m_member_love_panel_cell" VALUES (375003, 4, 38003, 9, 50);
INSERT INTO "m_member_love_panel_cell" VALUES (381003, 0, 39003, 1, 10);
INSERT INTO "m_member_love_panel_cell" VALUES (382003, 1, 39003, 3, 10);
INSERT INTO "m_member_love_panel_cell" VALUES (383003, 2, 39003, 2, 10);
INSERT INTO "m_member_love_panel_cell" VALUES (384003, 3, 39003, 8, 50);
INSERT INTO "m_member_love_panel_cell" VALUES (385003, 4, 39003, 4, 50);
INSERT INTO "m_member_love_panel_cell" VALUES (391003, 0, 40003, 1, 10);
INSERT INTO "m_member_love_panel_cell" VALUES (392003, 1, 40003, 3, 10);
INSERT INTO "m_member_love_panel_cell" VALUES (393003, 2, 40003, 2, 10);
INSERT INTO "m_member_love_panel_cell" VALUES (394003, 3, 40003, 7, 20);
INSERT INTO "m_member_love_panel_cell" VALUES (395003, 4, 40003, 5, 500);
--
INSERT INTO "m_member_love_panel_cell" VALUES (401003, 0, 41003, 1, 10);
INSERT INTO "m_member_love_panel_cell" VALUES (402003, 1, 41003, 3, 10);
INSERT INTO "m_member_love_panel_cell" VALUES (403003, 2, 41003, 2, 10);
INSERT INTO "m_member_love_panel_cell" VALUES (404003, 3, 41003, 4, 50);
INSERT INTO "m_member_love_panel_cell" VALUES (405003, 4, 41003, 6, 50);
INSERT INTO "m_member_love_panel_cell" VALUES (411003, 0, 42003, 1, 10);
INSERT INTO "m_member_love_panel_cell" VALUES (412003, 1, 42003, 3, 10);
INSERT INTO "m_member_love_panel_cell" VALUES (413003, 2, 42003, 2, 10);
INSERT INTO "m_member_love_panel_cell" VALUES (414003, 3, 42003, 5, 500);
INSERT INTO "m_member_love_panel_cell" VALUES (415003, 4, 42003, 13, 6);
INSERT INTO "m_member_love_panel_cell" VALUES (421003, 0, 43003, 1, 10);
INSERT INTO "m_member_love_panel_cell" VALUES (422003, 1, 43003, 3, 10);
INSERT INTO "m_member_love_panel_cell" VALUES (423003, 2, 43003, 2, 10);
INSERT INTO "m_member_love_panel_cell" VALUES (424003, 3, 43003, 7, 20);
INSERT INTO "m_member_love_panel_cell" VALUES (425003, 4, 43003, 12, 250);
INSERT INTO "m_member_love_panel_cell" VALUES (431003, 0, 44003, 1, 10);
INSERT INTO "m_member_love_panel_cell" VALUES (432003, 1, 44003, 3, 10);
INSERT INTO "m_member_love_panel_cell" VALUES (433003, 2, 44003, 2, 10);
INSERT INTO "m_member_love_panel_cell" VALUES (434003, 3, 44003, 10, 50);
INSERT INTO "m_member_love_panel_cell" VALUES (435003, 4, 44003, 14, 4);
INSERT INTO "m_member_love_panel_cell" VALUES (441003, 0, 45003, 1, 10);
INSERT INTO "m_member_love_panel_cell" VALUES (442003, 1, 45003, 3, 10);
INSERT INTO "m_member_love_panel_cell" VALUES (443003, 2, 45003, 2, 10);
INSERT INTO "m_member_love_panel_cell" VALUES (444003, 3, 45003, 5, 500);
INSERT INTO "m_member_love_panel_cell" VALUES (445003, 4, 45003, 7, 20);
INSERT INTO "m_member_love_panel_cell" VALUES (451003, 0, 46003, 1, 10);
INSERT INTO "m_member_love_panel_cell" VALUES (452003, 1, 46003, 3, 10);
INSERT INTO "m_member_love_panel_cell" VALUES (453003, 2, 46003, 2, 10);
INSERT INTO "m_member_love_panel_cell" VALUES (454003, 3, 46003, 6, 50);
INSERT INTO "m_member_love_panel_cell" VALUES (455003, 4, 46003, 11, 50);
INSERT INTO "m_member_love_panel_cell" VALUES (461003, 0, 47003, 1, 10);
INSERT INTO "m_member_love_panel_cell" VALUES (462003, 1, 47003, 3, 10);
INSERT INTO "m_member_love_panel_cell" VALUES (463003, 2, 47003, 2, 10);
INSERT INTO "m_member_love_panel_cell" VALUES (464003, 3, 47003, 4, 50);
INSERT INTO "m_member_love_panel_cell" VALUES (465003, 4, 47003, 15, 2);
INSERT INTO "m_member_love_panel_cell" VALUES (471003, 0, 48003, 1, 10);
INSERT INTO "m_member_love_panel_cell" VALUES (472003, 1, 48003, 3, 10);
INSERT INTO "m_member_love_panel_cell" VALUES (473003, 2, 43003, 2, 10);
INSERT INTO "m_member_love_panel_cell" VALUES (474003, 3, 48003, 6, 50);
INSERT INTO "m_member_love_panel_cell" VALUES (475003, 4, 48003, 9, 50);
INSERT INTO "m_member_love_panel_cell" VALUES (481003, 0, 49003, 1, 10);
INSERT INTO "m_member_love_panel_cell" VALUES (482003, 1, 49003, 3, 10);
INSERT INTO "m_member_love_panel_cell" VALUES (483003, 2, 49003, 2, 10);
INSERT INTO "m_member_love_panel_cell" VALUES (484003, 3, 49003, 8, 50);
INSERT INTO "m_member_love_panel_cell" VALUES (485003, 4, 49003, 4, 50);
INSERT INTO "m_member_love_panel_cell" VALUES (491003, 0, 50003, 1, 10);
INSERT INTO "m_member_love_panel_cell" VALUES (492003, 1, 50003, 3, 10);
INSERT INTO "m_member_love_panel_cell" VALUES (493003, 2, 50003, 2, 10);
INSERT INTO "m_member_love_panel_cell" VALUES (494003, 3, 50003, 7, 20);
INSERT INTO "m_member_love_panel_cell" VALUES (495003, 4, 50003, 5, 500);
-- placeholder source content or we don't need this, for what tho?
INSERT INTO "m_member_love_panel_cell_source_content" VALUES (321003, 1002701, 10, 0, 69);
INSERT INTO "m_member_love_panel_cell_source_content" VALUES (322003, 1002702, 10, 0, 69);
INSERT INTO "m_member_love_panel_cell_source_content" VALUES (323003, 1002703, 10, 0, 69);
INSERT INTO "m_member_love_panel_cell_source_content" VALUES (324003, 1002704, 10, 0, 69);
INSERT INTO "m_member_love_panel_cell_source_content" VALUES (325003, 1002705, 10, 0, 69);
INSERT INTO "m_member_love_panel_cell_source_content" VALUES (331003, 1002701, 10, 0, 69);
INSERT INTO "m_member_love_panel_cell_source_content" VALUES (332003, 1002702, 10, 0, 69);
INSERT INTO "m_member_love_panel_cell_source_content" VALUES (333003, 1002703, 10, 0, 69);
INSERT INTO "m_member_love_panel_cell_source_content" VALUES (334003, 1002704, 10, 0, 69);
INSERT INTO "m_member_love_panel_cell_source_content" VALUES (335003, 1002705, 10, 0, 69);
INSERT INTO "m_member_love_panel_cell_source_content" VALUES (341003, 1002701, 10, 0, 69);
INSERT INTO "m_member_love_panel_cell_source_content" VALUES (342003, 1002702, 10, 0, 69);
INSERT INTO "m_member_love_panel_cell_source_content" VALUES (343003, 1002703, 10, 0, 69);
INSERT INTO "m_member_love_panel_cell_source_content" VALUES (344003, 1002704, 10, 0, 69);
INSERT INTO "m_member_love_panel_cell_source_content" VALUES (345003, 1002705, 10, 0, 69);
INSERT INTO "m_member_love_panel_cell_source_content" VALUES (351003, 1002701, 10, 0, 69);
INSERT INTO "m_member_love_panel_cell_source_content" VALUES (352003, 1002702, 10, 0, 69);
INSERT INTO "m_member_love_panel_cell_source_content" VALUES (353003, 1002703, 10, 0, 69);
INSERT INTO "m_member_love_panel_cell_source_content" VALUES (354003, 1002704, 10, 0, 69);
INSERT INTO "m_member_love_panel_cell_source_content" VALUES (355003, 1002705, 10, 0, 69);
INSERT INTO "m_member_love_panel_cell_source_content" VALUES (361003, 1002701, 10, 0, 69);
INSERT INTO "m_member_love_panel_cell_source_content" VALUES (362003, 1002702, 10, 0, 69);
INSERT INTO "m_member_love_panel_cell_source_content" VALUES (363003, 1002703, 10, 0, 69);
INSERT INTO "m_member_love_panel_cell_source_content" VALUES (364003, 1002704, 10, 0, 69);
INSERT INTO "m_member_love_panel_cell_source_content" VALUES (365003, 1002705, 10, 0, 69);
INSERT INTO "m_member_love_panel_cell_source_content" VALUES (371003, 1002701, 10, 0, 69);
INSERT INTO "m_member_love_panel_cell_source_content" VALUES (372003, 1002702, 10, 0, 69);
INSERT INTO "m_member_love_panel_cell_source_content" VALUES (373003, 1002703, 10, 0, 69);
INSERT INTO "m_member_love_panel_cell_source_content" VALUES (374003, 1002704, 10, 0, 69);
INSERT INTO "m_member_love_panel_cell_source_content" VALUES (375003, 1002705, 10, 0, 69);
INSERT INTO "m_member_love_panel_cell_source_content" VALUES (381003, 1002701, 10, 0, 69);
INSERT INTO "m_member_love_panel_cell_source_content" VALUES (382003, 1002702, 10, 0, 69);
INSERT INTO "m_member_love_panel_cell_source_content" VALUES (383003, 1002703, 10, 0, 69);
INSERT INTO "m_member_love_panel_cell_source_content" VALUES (384003, 1002704, 10, 0, 69);
INSERT INTO "m_member_love_panel_cell_source_content" VALUES (385003, 1002705, 10, 0, 69);
INSERT INTO "m_member_love_panel_cell_source_content" VALUES (391003, 1002701, 10, 0, 69);
INSERT INTO "m_member_love_panel_cell_source_content" VALUES (392003, 1002702, 10, 0, 69);
INSERT INTO "m_member_love_panel_cell_source_content" VALUES (393003, 1002703, 10, 0, 69);
INSERT INTO "m_member_love_panel_cell_source_content" VALUES (394003, 1002704, 10, 0, 69);
INSERT INTO "m_member_love_panel_cell_source_content" VALUES (395003, 1002705, 10, 0, 69);
INSERT INTO "m_member_love_panel_cell_source_content" VALUES (401003, 1002701, 10, 0, 69);
INSERT INTO "m_member_love_panel_cell_source_content" VALUES (402003, 1002702, 10, 0, 69);
INSERT INTO "m_member_love_panel_cell_source_content" VALUES (403003, 1002703, 10, 0, 69);
INSERT INTO "m_member_love_panel_cell_source_content" VALUES (404003, 1002704, 10, 0, 69);
INSERT INTO "m_member_love_panel_cell_source_content" VALUES (405003, 1002705, 10, 0, 69);
INSERT INTO "m_member_love_panel_cell_source_content" VALUES (411003, 1002701, 10, 0, 69);
INSERT INTO "m_member_love_panel_cell_source_content" VALUES (412003, 1002702, 10, 0, 69);
INSERT INTO "m_member_love_panel_cell_source_content" VALUES (413003, 1002703, 10, 0, 69);
INSERT INTO "m_member_love_panel_cell_source_content" VALUES (414003, 1002704, 10, 0, 69);
INSERT INTO "m_member_love_panel_cell_source_content" VALUES (415003, 1002705, 10, 0, 69);
INSERT INTO "m_member_love_panel_cell_source_content" VALUES (421003, 1002701, 10, 0, 69);
INSERT INTO "m_member_love_panel_cell_source_content" VALUES (422003, 1002702, 10, 0, 69);
INSERT INTO "m_member_love_panel_cell_source_content" VALUES (423003, 1002703, 10, 0, 69);
INSERT INTO "m_member_love_panel_cell_source_content" VALUES (424003, 1002704, 10, 0, 69);
INSERT INTO "m_member_love_panel_cell_source_content" VALUES (425003, 1002705, 10, 0, 69);
INSERT INTO "m_member_love_panel_cell_source_content" VALUES (431003, 1002701, 10, 0, 69);
INSERT INTO "m_member_love_panel_cell_source_content" VALUES (432003, 1002702, 10, 0, 69);
INSERT INTO "m_member_love_panel_cell_source_content" VALUES (433003, 1002703, 10, 0, 69);
INSERT INTO "m_member_love_panel_cell_source_content" VALUES (434003, 1002704, 10, 0, 69);
INSERT INTO "m_member_love_panel_cell_source_content" VALUES (435003, 1002705, 10, 0, 69);
INSERT INTO "m_member_love_panel_cell_source_content" VALUES (441003, 1002701, 10, 0, 69);
INSERT INTO "m_member_love_panel_cell_source_content" VALUES (442003, 1002702, 10, 0, 69);
INSERT INTO "m_member_love_panel_cell_source_content" VALUES (443003, 1002703, 10, 0, 69);
INSERT INTO "m_member_love_panel_cell_source_content" VALUES (444003, 1002704, 10, 0, 69);
INSERT INTO "m_member_love_panel_cell_source_content" VALUES (445003, 1002705, 10, 0, 69);
INSERT INTO "m_member_love_panel_cell_source_content" VALUES (451003, 1002701, 10, 0, 69);
INSERT INTO "m_member_love_panel_cell_source_content" VALUES (452003, 1002702, 10, 0, 69);
INSERT INTO "m_member_love_panel_cell_source_content" VALUES (453003, 1002703, 10, 0, 69);
INSERT INTO "m_member_love_panel_cell_source_content" VALUES (454003, 1002704, 10, 0, 69);
INSERT INTO "m_member_love_panel_cell_source_content" VALUES (455003, 1002705, 10, 0, 69);
INSERT INTO "m_member_love_panel_cell_source_content" VALUES (461003, 1002701, 10, 0, 69);
INSERT INTO "m_member_love_panel_cell_source_content" VALUES (462003, 1002702, 10, 0, 69);
INSERT INTO "m_member_love_panel_cell_source_content" VALUES (463003, 1002703, 10, 0, 69);
INSERT INTO "m_member_love_panel_cell_source_content" VALUES (464003, 1002704, 10, 0, 69);
INSERT INTO "m_member_love_panel_cell_source_content" VALUES (465003, 1002705, 10, 0, 69);
INSERT INTO "m_member_love_panel_cell_source_content" VALUES (471003, 1002701, 10, 0, 69);
INSERT INTO "m_member_love_panel_cell_source_content" VALUES (472003, 1002702, 10, 0, 69);
INSERT INTO "m_member_love_panel_cell_source_content" VALUES (473003, 1002703, 10, 0, 69);
INSERT INTO "m_member_love_panel_cell_source_content" VALUES (474003, 1002704, 10, 0, 69);
INSERT INTO "m_member_love_panel_cell_source_content" VALUES (475003, 1002705, 10, 0, 69);
INSERT INTO "m_member_love_panel_cell_source_content" VALUES (481003, 1002701, 10, 0, 69);
INSERT INTO "m_member_love_panel_cell_source_content" VALUES (482003, 1002702, 10, 0, 69);
INSERT INTO "m_member_love_panel_cell_source_content" VALUES (483003, 1002703, 10, 0, 69);
INSERT INTO "m_member_love_panel_cell_source_content" VALUES (484003, 1002704, 10, 0, 69);
INSERT INTO "m_member_love_panel_cell_source_content" VALUES (485003, 1002705, 10, 0, 69);
INSERT INTO "m_member_love_panel_cell_source_content" VALUES (491003, 1002701, 10, 0, 69);
INSERT INTO "m_member_love_panel_cell_source_content" VALUES (492003, 1002702, 10, 0, 69);
INSERT INTO "m_member_love_panel_cell_source_content" VALUES (493003, 1002703, 10, 0, 69);
INSERT INTO "m_member_love_panel_cell_source_content" VALUES (494003, 1002704, 10, 0, 69);
INSERT INTO "m_member_love_panel_cell_source_content" VALUES (495003, 1002705, 10, 0, 69);
-- add missing reward love panel
-- GPT need: loop create copy, find "001" and replace all [002 - 009, 101 - 109, 201 - 212]
INSERT INTO "m_member_love_panel" VALUES (33004,420,1);
INSERT INTO "m_member_love_panel" VALUES (34004,440,1);
INSERT INTO "m_member_love_panel" VALUES (35004,460,1);
INSERT INTO "m_member_love_panel" VALUES (36004,480,1);
INSERT INTO "m_member_love_panel" VALUES (37004,500,1);
INSERT INTO "m_member_love_panel" VALUES (38004,520,1);
INSERT INTO "m_member_love_panel" VALUES (39004,540,1);
INSERT INTO "m_member_love_panel" VALUES (40004,560,1);
INSERT INTO "m_member_love_panel" VALUES (41004,580,1);
INSERT INTO "m_member_love_panel" VALUES (42004,600,1);
INSERT INTO "m_member_love_panel" VALUES (43004,620,1);
INSERT INTO "m_member_love_panel" VALUES (44004,640,1);
INSERT INTO "m_member_love_panel" VALUES (45004,660,1);
INSERT INTO "m_member_love_panel" VALUES (46004,680,1);
INSERT INTO "m_member_love_panel" VALUES (47004,700,1);
INSERT INTO "m_member_love_panel" VALUES (48004,720,1);
INSERT INTO "m_member_love_panel" VALUES (49004,740,1);
INSERT INTO "m_member_love_panel" VALUES (50004,760,1);
INSERT INTO "m_member_love_panel_bonus" VALUES (33004,3,100);
INSERT INTO "m_member_love_panel_bonus" VALUES (34004,7,100);
INSERT INTO "m_member_love_panel_bonus" VALUES (35004,6,200);
INSERT INTO "m_member_love_panel_bonus" VALUES (36004,4,100);
INSERT INTO "m_member_love_panel_bonus" VALUES (37004,5,2000);
INSERT INTO "m_member_love_panel_bonus" VALUES (38004,12,500);
INSERT INTO "m_member_love_panel_bonus" VALUES (39004,7,100);
INSERT INTO "m_member_love_panel_bonus" VALUES (40004,13,6);
INSERT INTO "m_member_love_panel_bonus" VALUES (40004,14,4);
INSERT INTO "m_member_love_panel_bonus" VALUES (40004,15,2);
INSERT INTO "m_member_love_panel_bonus" VALUES (41004,1,100);
INSERT INTO "m_member_love_panel_bonus" VALUES (42004,2,100);
INSERT INTO "m_member_love_panel_bonus" VALUES (43004,3,100);
INSERT INTO "m_member_love_panel_bonus" VALUES (44004,7,100);
INSERT INTO "m_member_love_panel_bonus" VALUES (45004,6,200);
INSERT INTO "m_member_love_panel_bonus" VALUES (46004,4,100);
INSERT INTO "m_member_love_panel_bonus" VALUES (47004,5,2000);
INSERT INTO "m_member_love_panel_bonus" VALUES (48004,12,500);
INSERT INTO "m_member_love_panel_bonus" VALUES (49004,7,100);
INSERT INTO "m_member_love_panel_bonus" VALUES (50004,13,6);
INSERT INTO "m_member_love_panel_bonus" VALUES (50004,14,4);
INSERT INTO "m_member_love_panel_bonus" VALUES (50004,15,2);
--
INSERT INTO "m_member_love_panel_cell" VALUES (321004, 0, 33004, 1, 10);
INSERT INTO "m_member_love_panel_cell" VALUES (322004, 1, 33004, 3, 10);
INSERT INTO "m_member_love_panel_cell" VALUES (323004, 2, 33004, 2, 10);
INSERT INTO "m_member_love_panel_cell" VALUES (324004, 3, 33004, 7, 20);
INSERT INTO "m_member_love_panel_cell" VALUES (325004, 4, 33004, 12, 250);
INSERT INTO "m_member_love_panel_cell" VALUES (331004, 0, 34004, 1, 10);
INSERT INTO "m_member_love_panel_cell" VALUES (332004, 1, 34004, 3, 10);
INSERT INTO "m_member_love_panel_cell" VALUES (333004, 2, 34004, 2, 10);
INSERT INTO "m_member_love_panel_cell" VALUES (334004, 3, 34004, 10, 50);
INSERT INTO "m_member_love_panel_cell" VALUES (335004, 4, 34004, 14, 4);
INSERT INTO "m_member_love_panel_cell" VALUES (341004, 0, 35004, 1, 10);
INSERT INTO "m_member_love_panel_cell" VALUES (342004, 1, 35004, 3, 10);
INSERT INTO "m_member_love_panel_cell" VALUES (343004, 2, 35004, 2, 10);
INSERT INTO "m_member_love_panel_cell" VALUES (344004, 3, 35004, 5, 500);
INSERT INTO "m_member_love_panel_cell" VALUES (345004, 4, 35004, 7, 20);
INSERT INTO "m_member_love_panel_cell" VALUES (351004, 0, 36004, 1, 10);
INSERT INTO "m_member_love_panel_cell" VALUES (352004, 1, 36004, 3, 10);
INSERT INTO "m_member_love_panel_cell" VALUES (353004, 2, 36004, 2, 10);
INSERT INTO "m_member_love_panel_cell" VALUES (354004, 3, 36004, 6, 50);
INSERT INTO "m_member_love_panel_cell" VALUES (355004, 4, 36004, 11, 50);
INSERT INTO "m_member_love_panel_cell" VALUES (361004, 0, 37004, 1, 10);
INSERT INTO "m_member_love_panel_cell" VALUES (362004, 1, 37004, 3, 10);
INSERT INTO "m_member_love_panel_cell" VALUES (363004, 2, 37004, 2, 10);
INSERT INTO "m_member_love_panel_cell" VALUES (364004, 3, 37004, 4, 50);
INSERT INTO "m_member_love_panel_cell" VALUES (365004, 4, 37004, 15, 2);
INSERT INTO "m_member_love_panel_cell" VALUES (371004, 0, 38004, 1, 10);
INSERT INTO "m_member_love_panel_cell" VALUES (372004, 1, 38004, 3, 10);
INSERT INTO "m_member_love_panel_cell" VALUES (373004, 2, 33004, 2, 10);
INSERT INTO "m_member_love_panel_cell" VALUES (374004, 3, 38004, 6, 50);
INSERT INTO "m_member_love_panel_cell" VALUES (375004, 4, 38004, 9, 50);
INSERT INTO "m_member_love_panel_cell" VALUES (381004, 0, 39004, 1, 10);
INSERT INTO "m_member_love_panel_cell" VALUES (382004, 1, 39004, 3, 10);
INSERT INTO "m_member_love_panel_cell" VALUES (383004, 2, 39004, 2, 10);
INSERT INTO "m_member_love_panel_cell" VALUES (384004, 3, 39004, 8, 50);
INSERT INTO "m_member_love_panel_cell" VALUES (385004, 4, 39004, 4, 50);
INSERT INTO "m_member_love_panel_cell" VALUES (391004, 0, 40004, 1, 10);
INSERT INTO "m_member_love_panel_cell" VALUES (392004, 1, 40004, 3, 10);
INSERT INTO "m_member_love_panel_cell" VALUES (393004, 2, 40004, 2, 10);
INSERT INTO "m_member_love_panel_cell" VALUES (394004, 3, 40004, 7, 20);
INSERT INTO "m_member_love_panel_cell" VALUES (395004, 4, 40004, 5, 500);
--
INSERT INTO "m_member_love_panel_cell" VALUES (401004, 0, 41004, 1, 10);
INSERT INTO "m_member_love_panel_cell" VALUES (402004, 1, 41004, 3, 10);
INSERT INTO "m_member_love_panel_cell" VALUES (403004, 2, 41004, 2, 10);
INSERT INTO "m_member_love_panel_cell" VALUES (404004, 3, 41004, 4, 50);
INSERT INTO "m_member_love_panel_cell" VALUES (405004, 4, 41004, 6, 50);
INSERT INTO "m_member_love_panel_cell" VALUES (411004, 0, 42004, 1, 10);
INSERT INTO "m_member_love_panel_cell" VALUES (412004, 1, 42004, 3, 10);
INSERT INTO "m_member_love_panel_cell" VALUES (413004, 2, 42004, 2, 10);
INSERT INTO "m_member_love_panel_cell" VALUES (414004, 3, 42004, 5, 500);
INSERT INTO "m_member_love_panel_cell" VALUES (415004, 4, 42004, 13, 6);
INSERT INTO "m_member_love_panel_cell" VALUES (421004, 0, 43004, 1, 10);
INSERT INTO "m_member_love_panel_cell" VALUES (422004, 1, 43004, 3, 10);
INSERT INTO "m_member_love_panel_cell" VALUES (423004, 2, 43004, 2, 10);
INSERT INTO "m_member_love_panel_cell" VALUES (424004, 3, 43004, 7, 20);
INSERT INTO "m_member_love_panel_cell" VALUES (425004, 4, 43004, 12, 250);
INSERT INTO "m_member_love_panel_cell" VALUES (431004, 0, 44004, 1, 10);
INSERT INTO "m_member_love_panel_cell" VALUES (432004, 1, 44004, 3, 10);
INSERT INTO "m_member_love_panel_cell" VALUES (433004, 2, 44004, 2, 10);
INSERT INTO "m_member_love_panel_cell" VALUES (434004, 3, 44004, 10, 50);
INSERT INTO "m_member_love_panel_cell" VALUES (435004, 4, 44004, 14, 4);
INSERT INTO "m_member_love_panel_cell" VALUES (441004, 0, 45004, 1, 10);
INSERT INTO "m_member_love_panel_cell" VALUES (442004, 1, 45004, 3, 10);
INSERT INTO "m_member_love_panel_cell" VALUES (443004, 2, 45004, 2, 10);
INSERT INTO "m_member_love_panel_cell" VALUES (444004, 3, 45004, 5, 500);
INSERT INTO "m_member_love_panel_cell" VALUES (445004, 4, 45004, 7, 20);
INSERT INTO "m_member_love_panel_cell" VALUES (451004, 0, 46004, 1, 10);
INSERT INTO "m_member_love_panel_cell" VALUES (452004, 1, 46004, 3, 10);
INSERT INTO "m_member_love_panel_cell" VALUES (453004, 2, 46004, 2, 10);
INSERT INTO "m_member_love_panel_cell" VALUES (454004, 3, 46004, 6, 50);
INSERT INTO "m_member_love_panel_cell" VALUES (455004, 4, 46004, 11, 50);
INSERT INTO "m_member_love_panel_cell" VALUES (461004, 0, 47004, 1, 10);
INSERT INTO "m_member_love_panel_cell" VALUES (462004, 1, 47004, 3, 10);
INSERT INTO "m_member_love_panel_cell" VALUES (463004, 2, 47004, 2, 10);
INSERT INTO "m_member_love_panel_cell" VALUES (464004, 3, 47004, 4, 50);
INSERT INTO "m_member_love_panel_cell" VALUES (465004, 4, 47004, 15, 2);
INSERT INTO "m_member_love_panel_cell" VALUES (471004, 0, 48004, 1, 10);
INSERT INTO "m_member_love_panel_cell" VALUES (472004, 1, 48004, 3, 10);
INSERT INTO "m_member_love_panel_cell" VALUES (473004, 2, 43004, 2, 10);
INSERT INTO "m_member_love_panel_cell" VALUES (474004, 3, 48004, 6, 50);
INSERT INTO "m_member_love_panel_cell" VALUES (475004, 4, 48004, 9, 50);
INSERT INTO "m_member_love_panel_cell" VALUES (481004, 0, 49004, 1, 10);
INSERT INTO "m_member_love_panel_cell" VALUES (482004, 1, 49004, 3, 10);
INSERT INTO "m_member_love_panel_cell" VALUES (483004, 2, 49004, 2, 10);
INSERT INTO "m_member_love_panel_cell" VALUES (484004, 3, 49004, 8, 50);
INSERT INTO "m_member_love_panel_cell" VALUES (485004, 4, 49004, 4, 50);
INSERT INTO "m_member_love_panel_cell" VALUES (491004, 0, 50004, 1, 10);
INSERT INTO "m_member_love_panel_cell" VALUES (492004, 1, 50004, 3, 10);
INSERT INTO "m_member_love_panel_cell" VALUES (493004, 2, 50004, 2, 10);
INSERT INTO "m_member_love_panel_cell" VALUES (494004, 3, 50004, 7, 20);
INSERT INTO "m_member_love_panel_cell" VALUES (495004, 4, 50004, 5, 500);
-- placeholder source content or we don't need this, for what tho?
INSERT INTO "m_member_love_panel_cell_source_content" VALUES (321004, 1002701, 10, 0, 69);
INSERT INTO "m_member_love_panel_cell_source_content" VALUES (322004, 1002702, 10, 0, 69);
INSERT INTO "m_member_love_panel_cell_source_content" VALUES (323004, 1002703, 10, 0, 69);
INSERT INTO "m_member_love_panel_cell_source_content" VALUES (324004, 1002704, 10, 0, 69);
INSERT INTO "m_member_love_panel_cell_source_content" VALUES (325004, 1002705, 10, 0, 69);
INSERT INTO "m_member_love_panel_cell_source_content" VALUES (331004, 1002701, 10, 0, 69);
INSERT INTO "m_member_love_panel_cell_source_content" VALUES (332004, 1002702, 10, 0, 69);
INSERT INTO "m_member_love_panel_cell_source_content" VALUES (333004, 1002703, 10, 0, 69);
INSERT INTO "m_member_love_panel_cell_source_content" VALUES (334004, 1002704, 10, 0, 69);
INSERT INTO "m_member_love_panel_cell_source_content" VALUES (335004, 1002705, 10, 0, 69);
INSERT INTO "m_member_love_panel_cell_source_content" VALUES (341004, 1002701, 10, 0, 69);
INSERT INTO "m_member_love_panel_cell_source_content" VALUES (342004, 1002702, 10, 0, 69);
INSERT INTO "m_member_love_panel_cell_source_content" VALUES (343004, 1002703, 10, 0, 69);
INSERT INTO "m_member_love_panel_cell_source_content" VALUES (344004, 1002704, 10, 0, 69);
INSERT INTO "m_member_love_panel_cell_source_content" VALUES (345004, 1002705, 10, 0, 69);
INSERT INTO "m_member_love_panel_cell_source_content" VALUES (351004, 1002701, 10, 0, 69);
INSERT INTO "m_member_love_panel_cell_source_content" VALUES (352004, 1002702, 10, 0, 69);
INSERT INTO "m_member_love_panel_cell_source_content" VALUES (353004, 1002703, 10, 0, 69);
INSERT INTO "m_member_love_panel_cell_source_content" VALUES (354004, 1002704, 10, 0, 69);
INSERT INTO "m_member_love_panel_cell_source_content" VALUES (355004, 1002705, 10, 0, 69);
INSERT INTO "m_member_love_panel_cell_source_content" VALUES (361004, 1002701, 10, 0, 69);
INSERT INTO "m_member_love_panel_cell_source_content" VALUES (362004, 1002702, 10, 0, 69);
INSERT INTO "m_member_love_panel_cell_source_content" VALUES (363004, 1002703, 10, 0, 69);
INSERT INTO "m_member_love_panel_cell_source_content" VALUES (364004, 1002704, 10, 0, 69);
INSERT INTO "m_member_love_panel_cell_source_content" VALUES (365004, 1002705, 10, 0, 69);
INSERT INTO "m_member_love_panel_cell_source_content" VALUES (371004, 1002701, 10, 0, 69);
INSERT INTO "m_member_love_panel_cell_source_content" VALUES (372004, 1002702, 10, 0, 69);
INSERT INTO "m_member_love_panel_cell_source_content" VALUES (373004, 1002703, 10, 0, 69);
INSERT INTO "m_member_love_panel_cell_source_content" VALUES (374004, 1002704, 10, 0, 69);
INSERT INTO "m_member_love_panel_cell_source_content" VALUES (375004, 1002705, 10, 0, 69);
INSERT INTO "m_member_love_panel_cell_source_content" VALUES (381004, 1002701, 10, 0, 69);
INSERT INTO "m_member_love_panel_cell_source_content" VALUES (382004, 1002702, 10, 0, 69);
INSERT INTO "m_member_love_panel_cell_source_content" VALUES (383004, 1002703, 10, 0, 69);
INSERT INTO "m_member_love_panel_cell_source_content" VALUES (384004, 1002704, 10, 0, 69);
INSERT INTO "m_member_love_panel_cell_source_content" VALUES (385004, 1002705, 10, 0, 69);
INSERT INTO "m_member_love_panel_cell_source_content" VALUES (391004, 1002701, 10, 0, 69);
INSERT INTO "m_member_love_panel_cell_source_content" VALUES (392004, 1002702, 10, 0, 69);
INSERT INTO "m_member_love_panel_cell_source_content" VALUES (393004, 1002703, 10, 0, 69);
INSERT INTO "m_member_love_panel_cell_source_content" VALUES (394004, 1002704, 10, 0, 69);
INSERT INTO "m_member_love_panel_cell_source_content" VALUES (395004, 1002705, 10, 0, 69);
INSERT INTO "m_member_love_panel_cell_source_content" VALUES (401004, 1002701, 10, 0, 69);
INSERT INTO "m_member_love_panel_cell_source_content" VALUES (402004, 1002702, 10, 0, 69);
INSERT INTO "m_member_love_panel_cell_source_content" VALUES (403004, 1002703, 10, 0, 69);
INSERT INTO "m_member_love_panel_cell_source_content" VALUES (404004, 1002704, 10, 0, 69);
INSERT INTO "m_member_love_panel_cell_source_content" VALUES (405004, 1002705, 10, 0, 69);
INSERT INTO "m_member_love_panel_cell_source_content" VALUES (411004, 1002701, 10, 0, 69);
INSERT INTO "m_member_love_panel_cell_source_content" VALUES (412004, 1002702, 10, 0, 69);
INSERT INTO "m_member_love_panel_cell_source_content" VALUES (413004, 1002703, 10, 0, 69);
INSERT INTO "m_member_love_panel_cell_source_content" VALUES (414004, 1002704, 10, 0, 69);
INSERT INTO "m_member_love_panel_cell_source_content" VALUES (415004, 1002705, 10, 0, 69);
INSERT INTO "m_member_love_panel_cell_source_content" VALUES (421004, 1002701, 10, 0, 69);
INSERT INTO "m_member_love_panel_cell_source_content" VALUES (422004, 1002702, 10, 0, 69);
INSERT INTO "m_member_love_panel_cell_source_content" VALUES (423004, 1002703, 10, 0, 69);
INSERT INTO "m_member_love_panel_cell_source_content" VALUES (424004, 1002704, 10, 0, 69);
INSERT INTO "m_member_love_panel_cell_source_content" VALUES (425004, 1002705, 10, 0, 69);
INSERT INTO "m_member_love_panel_cell_source_content" VALUES (431004, 1002701, 10, 0, 69);
INSERT INTO "m_member_love_panel_cell_source_content" VALUES (432004, 1002702, 10, 0, 69);
INSERT INTO "m_member_love_panel_cell_source_content" VALUES (433004, 1002703, 10, 0, 69);
INSERT INTO "m_member_love_panel_cell_source_content" VALUES (434004, 1002704, 10, 0, 69);
INSERT INTO "m_member_love_panel_cell_source_content" VALUES (435004, 1002705, 10, 0, 69);
INSERT INTO "m_member_love_panel_cell_source_content" VALUES (441004, 1002701, 10, 0, 69);
INSERT INTO "m_member_love_panel_cell_source_content" VALUES (442004, 1002702, 10, 0, 69);
INSERT INTO "m_member_love_panel_cell_source_content" VALUES (443004, 1002703, 10, 0, 69);
INSERT INTO "m_member_love_panel_cell_source_content" VALUES (444004, 1002704, 10, 0, 69);
INSERT INTO "m_member_love_panel_cell_source_content" VALUES (445004, 1002705, 10, 0, 69);
INSERT INTO "m_member_love_panel_cell_source_content" VALUES (451004, 1002701, 10, 0, 69);
INSERT INTO "m_member_love_panel_cell_source_content" VALUES (452004, 1002702, 10, 0, 69);
INSERT INTO "m_member_love_panel_cell_source_content" VALUES (453004, 1002703, 10, 0, 69);
INSERT INTO "m_member_love_panel_cell_source_content" VALUES (454004, 1002704, 10, 0, 69);
INSERT INTO "m_member_love_panel_cell_source_content" VALUES (455004, 1002705, 10, 0, 69);
INSERT INTO "m_member_love_panel_cell_source_content" VALUES (461004, 1002701, 10, 0, 69);
INSERT INTO "m_member_love_panel_cell_source_content" VALUES (462004, 1002702, 10, 0, 69);
INSERT INTO "m_member_love_panel_cell_source_content" VALUES (463004, 1002703, 10, 0, 69);
INSERT INTO "m_member_love_panel_cell_source_content" VALUES (464004, 1002704, 10, 0, 69);
INSERT INTO "m_member_love_panel_cell_source_content" VALUES (465004, 1002705, 10, 0, 69);
INSERT INTO "m_member_love_panel_cell_source_content" VALUES (471004, 1002701, 10, 0, 69);
INSERT INTO "m_member_love_panel_cell_source_content" VALUES (472004, 1002702, 10, 0, 69);
INSERT INTO "m_member_love_panel_cell_source_content" VALUES (473004, 1002703, 10, 0, 69);
INSERT INTO "m_member_love_panel_cell_source_content" VALUES (474004, 1002704, 10, 0, 69);
INSERT INTO "m_member_love_panel_cell_source_content" VALUES (475004, 1002705, 10, 0, 69);
INSERT INTO "m_member_love_panel_cell_source_content" VALUES (481004, 1002701, 10, 0, 69);
INSERT INTO "m_member_love_panel_cell_source_content" VALUES (482004, 1002702, 10, 0, 69);
INSERT INTO "m_member_love_panel_cell_source_content" VALUES (483004, 1002703, 10, 0, 69);
INSERT INTO "m_member_love_panel_cell_source_content" VALUES (484004, 1002704, 10, 0, 69);
INSERT INTO "m_member_love_panel_cell_source_content" VALUES (485004, 1002705, 10, 0, 69);
INSERT INTO "m_member_love_panel_cell_source_content" VALUES (491004, 1002701, 10, 0, 69);
INSERT INTO "m_member_love_panel_cell_source_content" VALUES (492004, 1002702, 10, 0, 69);
INSERT INTO "m_member_love_panel_cell_source_content" VALUES (493004, 1002703, 10, 0, 69);
INSERT INTO "m_member_love_panel_cell_source_content" VALUES (494004, 1002704, 10, 0, 69);
INSERT INTO "m_member_love_panel_cell_source_content" VALUES (495004, 1002705, 10, 0, 69);
-- add missing reward love panel
-- GPT need: loop create copy, find "001" and replace all [002 - 009, 101 - 109, 201 - 212]
INSERT INTO "m_member_love_panel" VALUES (33005,420,1);
INSERT INTO "m_member_love_panel" VALUES (34005,440,1);
INSERT INTO "m_member_love_panel" VALUES (35005,460,1);
INSERT INTO "m_member_love_panel" VALUES (36005,480,1);
INSERT INTO "m_member_love_panel" VALUES (37005,500,1);
INSERT INTO "m_member_love_panel" VALUES (38005,520,1);
INSERT INTO "m_member_love_panel" VALUES (39005,540,1);
INSERT INTO "m_member_love_panel" VALUES (40005,560,1);
INSERT INTO "m_member_love_panel" VALUES (41005,580,1);
INSERT INTO "m_member_love_panel" VALUES (42005,600,1);
INSERT INTO "m_member_love_panel" VALUES (43005,620,1);
INSERT INTO "m_member_love_panel" VALUES (44005,640,1);
INSERT INTO "m_member_love_panel" VALUES (45005,660,1);
INSERT INTO "m_member_love_panel" VALUES (46005,680,1);
INSERT INTO "m_member_love_panel" VALUES (47005,700,1);
INSERT INTO "m_member_love_panel" VALUES (48005,720,1);
INSERT INTO "m_member_love_panel" VALUES (49005,740,1);
INSERT INTO "m_member_love_panel" VALUES (50005,760,1);
INSERT INTO "m_member_love_panel_bonus" VALUES (33005,3,100);
INSERT INTO "m_member_love_panel_bonus" VALUES (34005,7,100);
INSERT INTO "m_member_love_panel_bonus" VALUES (35005,6,200);
INSERT INTO "m_member_love_panel_bonus" VALUES (36005,4,100);
INSERT INTO "m_member_love_panel_bonus" VALUES (37005,5,2000);
INSERT INTO "m_member_love_panel_bonus" VALUES (38005,12,500);
INSERT INTO "m_member_love_panel_bonus" VALUES (39005,7,100);
INSERT INTO "m_member_love_panel_bonus" VALUES (40005,13,6);
INSERT INTO "m_member_love_panel_bonus" VALUES (40005,14,4);
INSERT INTO "m_member_love_panel_bonus" VALUES (40005,15,2);
INSERT INTO "m_member_love_panel_bonus" VALUES (41005,1,100);
INSERT INTO "m_member_love_panel_bonus" VALUES (42005,2,100);
INSERT INTO "m_member_love_panel_bonus" VALUES (43005,3,100);
INSERT INTO "m_member_love_panel_bonus" VALUES (44005,7,100);
INSERT INTO "m_member_love_panel_bonus" VALUES (45005,6,200);
INSERT INTO "m_member_love_panel_bonus" VALUES (46005,4,100);
INSERT INTO "m_member_love_panel_bonus" VALUES (47005,5,2000);
INSERT INTO "m_member_love_panel_bonus" VALUES (48005,12,500);
INSERT INTO "m_member_love_panel_bonus" VALUES (49005,7,100);
INSERT INTO "m_member_love_panel_bonus" VALUES (50005,13,6);
INSERT INTO "m_member_love_panel_bonus" VALUES (50005,14,4);
INSERT INTO "m_member_love_panel_bonus" VALUES (50005,15,2);
--
INSERT INTO "m_member_love_panel_cell" VALUES (321005, 0, 33005, 1, 10);
INSERT INTO "m_member_love_panel_cell" VALUES (322005, 1, 33005, 3, 10);
INSERT INTO "m_member_love_panel_cell" VALUES (323005, 2, 33005, 2, 10);
INSERT INTO "m_member_love_panel_cell" VALUES (324005, 3, 33005, 7, 20);
INSERT INTO "m_member_love_panel_cell" VALUES (325005, 4, 33005, 12, 250);
INSERT INTO "m_member_love_panel_cell" VALUES (331005, 0, 34005, 1, 10);
INSERT INTO "m_member_love_panel_cell" VALUES (332005, 1, 34005, 3, 10);
INSERT INTO "m_member_love_panel_cell" VALUES (333005, 2, 34005, 2, 10);
INSERT INTO "m_member_love_panel_cell" VALUES (334005, 3, 34005, 10, 50);
INSERT INTO "m_member_love_panel_cell" VALUES (335005, 4, 34005, 14, 4);
INSERT INTO "m_member_love_panel_cell" VALUES (341005, 0, 35005, 1, 10);
INSERT INTO "m_member_love_panel_cell" VALUES (342005, 1, 35005, 3, 10);
INSERT INTO "m_member_love_panel_cell" VALUES (343005, 2, 35005, 2, 10);
INSERT INTO "m_member_love_panel_cell" VALUES (344005, 3, 35005, 5, 500);
INSERT INTO "m_member_love_panel_cell" VALUES (345005, 4, 35005, 7, 20);
INSERT INTO "m_member_love_panel_cell" VALUES (351005, 0, 36005, 1, 10);
INSERT INTO "m_member_love_panel_cell" VALUES (352005, 1, 36005, 3, 10);
INSERT INTO "m_member_love_panel_cell" VALUES (353005, 2, 36005, 2, 10);
INSERT INTO "m_member_love_panel_cell" VALUES (354005, 3, 36005, 6, 50);
INSERT INTO "m_member_love_panel_cell" VALUES (355005, 4, 36005, 11, 50);
INSERT INTO "m_member_love_panel_cell" VALUES (361005, 0, 37005, 1, 10);
INSERT INTO "m_member_love_panel_cell" VALUES (362005, 1, 37005, 3, 10);
INSERT INTO "m_member_love_panel_cell" VALUES (363005, 2, 37005, 2, 10);
INSERT INTO "m_member_love_panel_cell" VALUES (364005, 3, 37005, 4, 50);
INSERT INTO "m_member_love_panel_cell" VALUES (365005, 4, 37005, 15, 2);
INSERT INTO "m_member_love_panel_cell" VALUES (371005, 0, 38005, 1, 10);
INSERT INTO "m_member_love_panel_cell" VALUES (372005, 1, 38005, 3, 10);
INSERT INTO "m_member_love_panel_cell" VALUES (373005, 2, 33005, 2, 10);
INSERT INTO "m_member_love_panel_cell" VALUES (374005, 3, 38005, 6, 50);
INSERT INTO "m_member_love_panel_cell" VALUES (375005, 4, 38005, 9, 50);
INSERT INTO "m_member_love_panel_cell" VALUES (381005, 0, 39005, 1, 10);
INSERT INTO "m_member_love_panel_cell" VALUES (382005, 1, 39005, 3, 10);
INSERT INTO "m_member_love_panel_cell" VALUES (383005, 2, 39005, 2, 10);
INSERT INTO "m_member_love_panel_cell" VALUES (384005, 3, 39005, 8, 50);
INSERT INTO "m_member_love_panel_cell" VALUES (385005, 4, 39005, 4, 50);
INSERT INTO "m_member_love_panel_cell" VALUES (391005, 0, 40005, 1, 10);
INSERT INTO "m_member_love_panel_cell" VALUES (392005, 1, 40005, 3, 10);
INSERT INTO "m_member_love_panel_cell" VALUES (393005, 2, 40005, 2, 10);
INSERT INTO "m_member_love_panel_cell" VALUES (394005, 3, 40005, 7, 20);
INSERT INTO "m_member_love_panel_cell" VALUES (395005, 4, 40005, 5, 500);
--
INSERT INTO "m_member_love_panel_cell" VALUES (401005, 0, 41005, 1, 10);
INSERT INTO "m_member_love_panel_cell" VALUES (402005, 1, 41005, 3, 10);
INSERT INTO "m_member_love_panel_cell" VALUES (403005, 2, 41005, 2, 10);
INSERT INTO "m_member_love_panel_cell" VALUES (404005, 3, 41005, 4, 50);
INSERT INTO "m_member_love_panel_cell" VALUES (405005, 4, 41005, 6, 50);
INSERT INTO "m_member_love_panel_cell" VALUES (411005, 0, 42005, 1, 10);
INSERT INTO "m_member_love_panel_cell" VALUES (412005, 1, 42005, 3, 10);
INSERT INTO "m_member_love_panel_cell" VALUES (413005, 2, 42005, 2, 10);
INSERT INTO "m_member_love_panel_cell" VALUES (414005, 3, 42005, 5, 500);
INSERT INTO "m_member_love_panel_cell" VALUES (415005, 4, 42005, 13, 6);
INSERT INTO "m_member_love_panel_cell" VALUES (421005, 0, 43005, 1, 10);
INSERT INTO "m_member_love_panel_cell" VALUES (422005, 1, 43005, 3, 10);
INSERT INTO "m_member_love_panel_cell" VALUES (423005, 2, 43005, 2, 10);
INSERT INTO "m_member_love_panel_cell" VALUES (424005, 3, 43005, 7, 20);
INSERT INTO "m_member_love_panel_cell" VALUES (425005, 4, 43005, 12, 250);
INSERT INTO "m_member_love_panel_cell" VALUES (431005, 0, 44005, 1, 10);
INSERT INTO "m_member_love_panel_cell" VALUES (432005, 1, 44005, 3, 10);
INSERT INTO "m_member_love_panel_cell" VALUES (433005, 2, 44005, 2, 10);
INSERT INTO "m_member_love_panel_cell" VALUES (434005, 3, 44005, 10, 50);
INSERT INTO "m_member_love_panel_cell" VALUES (435005, 4, 44005, 14, 4);
INSERT INTO "m_member_love_panel_cell" VALUES (441005, 0, 45005, 1, 10);
INSERT INTO "m_member_love_panel_cell" VALUES (442005, 1, 45005, 3, 10);
INSERT INTO "m_member_love_panel_cell" VALUES (443005, 2, 45005, 2, 10);
INSERT INTO "m_member_love_panel_cell" VALUES (444005, 3, 45005, 5, 500);
INSERT INTO "m_member_love_panel_cell" VALUES (445005, 4, 45005, 7, 20);
INSERT INTO "m_member_love_panel_cell" VALUES (451005, 0, 46005, 1, 10);
INSERT INTO "m_member_love_panel_cell" VALUES (452005, 1, 46005, 3, 10);
INSERT INTO "m_member_love_panel_cell" VALUES (453005, 2, 46005, 2, 10);
INSERT INTO "m_member_love_panel_cell" VALUES (454005, 3, 46005, 6, 50);
INSERT INTO "m_member_love_panel_cell" VALUES (455005, 4, 46005, 11, 50);
INSERT INTO "m_member_love_panel_cell" VALUES (461005, 0, 47005, 1, 10);
INSERT INTO "m_member_love_panel_cell" VALUES (462005, 1, 47005, 3, 10);
INSERT INTO "m_member_love_panel_cell" VALUES (463005, 2, 47005, 2, 10);
INSERT INTO "m_member_love_panel_cell" VALUES (464005, 3, 47005, 4, 50);
INSERT INTO "m_member_love_panel_cell" VALUES (465005, 4, 47005, 15, 2);
INSERT INTO "m_member_love_panel_cell" VALUES (471005, 0, 48005, 1, 10);
INSERT INTO "m_member_love_panel_cell" VALUES (472005, 1, 48005, 3, 10);
INSERT INTO "m_member_love_panel_cell" VALUES (473005, 2, 43005, 2, 10);
INSERT INTO "m_member_love_panel_cell" VALUES (474005, 3, 48005, 6, 50);
INSERT INTO "m_member_love_panel_cell" VALUES (475005, 4, 48005, 9, 50);
INSERT INTO "m_member_love_panel_cell" VALUES (481005, 0, 49005, 1, 10);
INSERT INTO "m_member_love_panel_cell" VALUES (482005, 1, 49005, 3, 10);
INSERT INTO "m_member_love_panel_cell" VALUES (483005, 2, 49005, 2, 10);
INSERT INTO "m_member_love_panel_cell" VALUES (484005, 3, 49005, 8, 50);
INSERT INTO "m_member_love_panel_cell" VALUES (485005, 4, 49005, 4, 50);
INSERT INTO "m_member_love_panel_cell" VALUES (491005, 0, 50005, 1, 10);
INSERT INTO "m_member_love_panel_cell" VALUES (492005, 1, 50005, 3, 10);
INSERT INTO "m_member_love_panel_cell" VALUES (493005, 2, 50005, 2, 10);
INSERT INTO "m_member_love_panel_cell" VALUES (494005, 3, 50005, 7, 20);
INSERT INTO "m_member_love_panel_cell" VALUES (495005, 4, 50005, 5, 500);
-- placeholder source content or we don't need this, for what tho?
INSERT INTO "m_member_love_panel_cell_source_content" VALUES (321005, 1002701, 10, 0, 69);
INSERT INTO "m_member_love_panel_cell_source_content" VALUES (322005, 1002702, 10, 0, 69);
INSERT INTO "m_member_love_panel_cell_source_content" VALUES (323005, 1002703, 10, 0, 69);
INSERT INTO "m_member_love_panel_cell_source_content" VALUES (324005, 1002704, 10, 0, 69);
INSERT INTO "m_member_love_panel_cell_source_content" VALUES (325005, 1002705, 10, 0, 69);
INSERT INTO "m_member_love_panel_cell_source_content" VALUES (331005, 1002701, 10, 0, 69);
INSERT INTO "m_member_love_panel_cell_source_content" VALUES (332005, 1002702, 10, 0, 69);
INSERT INTO "m_member_love_panel_cell_source_content" VALUES (333005, 1002703, 10, 0, 69);
INSERT INTO "m_member_love_panel_cell_source_content" VALUES (334005, 1002704, 10, 0, 69);
INSERT INTO "m_member_love_panel_cell_source_content" VALUES (335005, 1002705, 10, 0, 69);
INSERT INTO "m_member_love_panel_cell_source_content" VALUES (341005, 1002701, 10, 0, 69);
INSERT INTO "m_member_love_panel_cell_source_content" VALUES (342005, 1002702, 10, 0, 69);
INSERT INTO "m_member_love_panel_cell_source_content" VALUES (343005, 1002703, 10, 0, 69);
INSERT INTO "m_member_love_panel_cell_source_content" VALUES (344005, 1002704, 10, 0, 69);
INSERT INTO "m_member_love_panel_cell_source_content" VALUES (345005, 1002705, 10, 0, 69);
INSERT INTO "m_member_love_panel_cell_source_content" VALUES (351005, 1002701, 10, 0, 69);
INSERT INTO "m_member_love_panel_cell_source_content" VALUES (352005, 1002702, 10, 0, 69);
INSERT INTO "m_member_love_panel_cell_source_content" VALUES (353005, 1002703, 10, 0, 69);
INSERT INTO "m_member_love_panel_cell_source_content" VALUES (354005, 1002704, 10, 0, 69);
INSERT INTO "m_member_love_panel_cell_source_content" VALUES (355005, 1002705, 10, 0, 69);
INSERT INTO "m_member_love_panel_cell_source_content" VALUES (361005, 1002701, 10, 0, 69);
INSERT INTO "m_member_love_panel_cell_source_content" VALUES (362005, 1002702, 10, 0, 69);
INSERT INTO "m_member_love_panel_cell_source_content" VALUES (363005, 1002703, 10, 0, 69);
INSERT INTO "m_member_love_panel_cell_source_content" VALUES (364005, 1002704, 10, 0, 69);
INSERT INTO "m_member_love_panel_cell_source_content" VALUES (365005, 1002705, 10, 0, 69);
INSERT INTO "m_member_love_panel_cell_source_content" VALUES (371005, 1002701, 10, 0, 69);
INSERT INTO "m_member_love_panel_cell_source_content" VALUES (372005, 1002702, 10, 0, 69);
INSERT INTO "m_member_love_panel_cell_source_content" VALUES (373005, 1002703, 10, 0, 69);
INSERT INTO "m_member_love_panel_cell_source_content" VALUES (374005, 1002704, 10, 0, 69);
INSERT INTO "m_member_love_panel_cell_source_content" VALUES (375005, 1002705, 10, 0, 69);
INSERT INTO "m_member_love_panel_cell_source_content" VALUES (381005, 1002701, 10, 0, 69);
INSERT INTO "m_member_love_panel_cell_source_content" VALUES (382005, 1002702, 10, 0, 69);
INSERT INTO "m_member_love_panel_cell_source_content" VALUES (383005, 1002703, 10, 0, 69);
INSERT INTO "m_member_love_panel_cell_source_content" VALUES (384005, 1002704, 10, 0, 69);
INSERT INTO "m_member_love_panel_cell_source_content" VALUES (385005, 1002705, 10, 0, 69);
INSERT INTO "m_member_love_panel_cell_source_content" VALUES (391005, 1002701, 10, 0, 69);
INSERT INTO "m_member_love_panel_cell_source_content" VALUES (392005, 1002702, 10, 0, 69);
INSERT INTO "m_member_love_panel_cell_source_content" VALUES (393005, 1002703, 10, 0, 69);
INSERT INTO "m_member_love_panel_cell_source_content" VALUES (394005, 1002704, 10, 0, 69);
INSERT INTO "m_member_love_panel_cell_source_content" VALUES (395005, 1002705, 10, 0, 69);
INSERT INTO "m_member_love_panel_cell_source_content" VALUES (401005, 1002701, 10, 0, 69);
INSERT INTO "m_member_love_panel_cell_source_content" VALUES (402005, 1002702, 10, 0, 69);
INSERT INTO "m_member_love_panel_cell_source_content" VALUES (403005, 1002703, 10, 0, 69);
INSERT INTO "m_member_love_panel_cell_source_content" VALUES (404005, 1002704, 10, 0, 69);
INSERT INTO "m_member_love_panel_cell_source_content" VALUES (405005, 1002705, 10, 0, 69);
INSERT INTO "m_member_love_panel_cell_source_content" VALUES (411005, 1002701, 10, 0, 69);
INSERT INTO "m_member_love_panel_cell_source_content" VALUES (412005, 1002702, 10, 0, 69);
INSERT INTO "m_member_love_panel_cell_source_content" VALUES (413005, 1002703, 10, 0, 69);
INSERT INTO "m_member_love_panel_cell_source_content" VALUES (414005, 1002704, 10, 0, 69);
INSERT INTO "m_member_love_panel_cell_source_content" VALUES (415005, 1002705, 10, 0, 69);
INSERT INTO "m_member_love_panel_cell_source_content" VALUES (421005, 1002701, 10, 0, 69);
INSERT INTO "m_member_love_panel_cell_source_content" VALUES (422005, 1002702, 10, 0, 69);
INSERT INTO "m_member_love_panel_cell_source_content" VALUES (423005, 1002703, 10, 0, 69);
INSERT INTO "m_member_love_panel_cell_source_content" VALUES (424005, 1002704, 10, 0, 69);
INSERT INTO "m_member_love_panel_cell_source_content" VALUES (425005, 1002705, 10, 0, 69);
INSERT INTO "m_member_love_panel_cell_source_content" VALUES (431005, 1002701, 10, 0, 69);
INSERT INTO "m_member_love_panel_cell_source_content" VALUES (432005, 1002702, 10, 0, 69);
INSERT INTO "m_member_love_panel_cell_source_content" VALUES (433005, 1002703, 10, 0, 69);
INSERT INTO "m_member_love_panel_cell_source_content" VALUES (434005, 1002704, 10, 0, 69);
INSERT INTO "m_member_love_panel_cell_source_content" VALUES (435005, 1002705, 10, 0, 69);
INSERT INTO "m_member_love_panel_cell_source_content" VALUES (441005, 1002701, 10, 0, 69);
INSERT INTO "m_member_love_panel_cell_source_content" VALUES (442005, 1002702, 10, 0, 69);
INSERT INTO "m_member_love_panel_cell_source_content" VALUES (443005, 1002703, 10, 0, 69);
INSERT INTO "m_member_love_panel_cell_source_content" VALUES (444005, 1002704, 10, 0, 69);
INSERT INTO "m_member_love_panel_cell_source_content" VALUES (445005, 1002705, 10, 0, 69);
INSERT INTO "m_member_love_panel_cell_source_content" VALUES (451005, 1002701, 10, 0, 69);
INSERT INTO "m_member_love_panel_cell_source_content" VALUES (452005, 1002702, 10, 0, 69);
INSERT INTO "m_member_love_panel_cell_source_content" VALUES (453005, 1002703, 10, 0, 69);
INSERT INTO "m_member_love_panel_cell_source_content" VALUES (454005, 1002704, 10, 0, 69);
INSERT INTO "m_member_love_panel_cell_source_content" VALUES (455005, 1002705, 10, 0, 69);
INSERT INTO "m_member_love_panel_cell_source_content" VALUES (461005, 1002701, 10, 0, 69);
INSERT INTO "m_member_love_panel_cell_source_content" VALUES (462005, 1002702, 10, 0, 69);
INSERT INTO "m_member_love_panel_cell_source_content" VALUES (463005, 1002703, 10, 0, 69);
INSERT INTO "m_member_love_panel_cell_source_content" VALUES (464005, 1002704, 10, 0, 69);
INSERT INTO "m_member_love_panel_cell_source_content" VALUES (465005, 1002705, 10, 0, 69);
INSERT INTO "m_member_love_panel_cell_source_content" VALUES (471005, 1002701, 10, 0, 69);
INSERT INTO "m_member_love_panel_cell_source_content" VALUES (472005, 1002702, 10, 0, 69);
INSERT INTO "m_member_love_panel_cell_source_content" VALUES (473005, 1002703, 10, 0, 69);
INSERT INTO "m_member_love_panel_cell_source_content" VALUES (474005, 1002704, 10, 0, 69);
INSERT INTO "m_member_love_panel_cell_source_content" VALUES (475005, 1002705, 10, 0, 69);
INSERT INTO "m_member_love_panel_cell_source_content" VALUES (481005, 1002701, 10, 0, 69);
INSERT INTO "m_member_love_panel_cell_source_content" VALUES (482005, 1002702, 10, 0, 69);
INSERT INTO "m_member_love_panel_cell_source_content" VALUES (483005, 1002703, 10, 0, 69);
INSERT INTO "m_member_love_panel_cell_source_content" VALUES (484005, 1002704, 10, 0, 69);
INSERT INTO "m_member_love_panel_cell_source_content" VALUES (485005, 1002705, 10, 0, 69);
INSERT INTO "m_member_love_panel_cell_source_content" VALUES (491005, 1002701, 10, 0, 69);
INSERT INTO "m_member_love_panel_cell_source_content" VALUES (492005, 1002702, 10, 0, 69);
INSERT INTO "m_member_love_panel_cell_source_content" VALUES (493005, 1002703, 10, 0, 69);
INSERT INTO "m_member_love_panel_cell_source_content" VALUES (494005, 1002704, 10, 0, 69);
INSERT INTO "m_member_love_panel_cell_source_content" VALUES (495005, 1002705, 10, 0, 69);
-- add missing reward love panel
-- GPT need: loop create copy, find "001" and replace all [002 - 009, 101 - 109, 201 - 212]
INSERT INTO "m_member_love_panel" VALUES (33006,420,1);
INSERT INTO "m_member_love_panel" VALUES (34006,440,1);
INSERT INTO "m_member_love_panel" VALUES (35006,460,1);
INSERT INTO "m_member_love_panel" VALUES (36006,480,1);
INSERT INTO "m_member_love_panel" VALUES (37006,500,1);
INSERT INTO "m_member_love_panel" VALUES (38006,520,1);
INSERT INTO "m_member_love_panel" VALUES (39006,540,1);
INSERT INTO "m_member_love_panel" VALUES (40006,560,1);
INSERT INTO "m_member_love_panel" VALUES (41006,580,1);
INSERT INTO "m_member_love_panel" VALUES (42006,600,1);
INSERT INTO "m_member_love_panel" VALUES (43006,620,1);
INSERT INTO "m_member_love_panel" VALUES (44006,640,1);
INSERT INTO "m_member_love_panel" VALUES (45006,660,1);
INSERT INTO "m_member_love_panel" VALUES (46006,680,1);
INSERT INTO "m_member_love_panel" VALUES (47006,700,1);
INSERT INTO "m_member_love_panel" VALUES (48006,720,1);
INSERT INTO "m_member_love_panel" VALUES (49006,740,1);
INSERT INTO "m_member_love_panel" VALUES (50006,760,1);
INSERT INTO "m_member_love_panel_bonus" VALUES (33006,3,100);
INSERT INTO "m_member_love_panel_bonus" VALUES (34006,7,100);
INSERT INTO "m_member_love_panel_bonus" VALUES (35006,6,200);
INSERT INTO "m_member_love_panel_bonus" VALUES (36006,4,100);
INSERT INTO "m_member_love_panel_bonus" VALUES (37006,5,2000);
INSERT INTO "m_member_love_panel_bonus" VALUES (38006,12,500);
INSERT INTO "m_member_love_panel_bonus" VALUES (39006,7,100);
INSERT INTO "m_member_love_panel_bonus" VALUES (40006,13,6);
INSERT INTO "m_member_love_panel_bonus" VALUES (40006,14,4);
INSERT INTO "m_member_love_panel_bonus" VALUES (40006,15,2);
INSERT INTO "m_member_love_panel_bonus" VALUES (41006,1,100);
INSERT INTO "m_member_love_panel_bonus" VALUES (42006,2,100);
INSERT INTO "m_member_love_panel_bonus" VALUES (43006,3,100);
INSERT INTO "m_member_love_panel_bonus" VALUES (44006,7,100);
INSERT INTO "m_member_love_panel_bonus" VALUES (45006,6,200);
INSERT INTO "m_member_love_panel_bonus" VALUES (46006,4,100);
INSERT INTO "m_member_love_panel_bonus" VALUES (47006,5,2000);
INSERT INTO "m_member_love_panel_bonus" VALUES (48006,12,500);
INSERT INTO "m_member_love_panel_bonus" VALUES (49006,7,100);
INSERT INTO "m_member_love_panel_bonus" VALUES (50006,13,6);
INSERT INTO "m_member_love_panel_bonus" VALUES (50006,14,4);
INSERT INTO "m_member_love_panel_bonus" VALUES (50006,15,2);
--
INSERT INTO "m_member_love_panel_cell" VALUES (321006, 0, 33006, 1, 10);
INSERT INTO "m_member_love_panel_cell" VALUES (322006, 1, 33006, 3, 10);
INSERT INTO "m_member_love_panel_cell" VALUES (323006, 2, 33006, 2, 10);
INSERT INTO "m_member_love_panel_cell" VALUES (324006, 3, 33006, 7, 20);
INSERT INTO "m_member_love_panel_cell" VALUES (325006, 4, 33006, 12, 250);
INSERT INTO "m_member_love_panel_cell" VALUES (331006, 0, 34006, 1, 10);
INSERT INTO "m_member_love_panel_cell" VALUES (332006, 1, 34006, 3, 10);
INSERT INTO "m_member_love_panel_cell" VALUES (333006, 2, 34006, 2, 10);
INSERT INTO "m_member_love_panel_cell" VALUES (334006, 3, 34006, 10, 50);
INSERT INTO "m_member_love_panel_cell" VALUES (335006, 4, 34006, 14, 4);
INSERT INTO "m_member_love_panel_cell" VALUES (341006, 0, 35006, 1, 10);
INSERT INTO "m_member_love_panel_cell" VALUES (342006, 1, 35006, 3, 10);
INSERT INTO "m_member_love_panel_cell" VALUES (343006, 2, 35006, 2, 10);
INSERT INTO "m_member_love_panel_cell" VALUES (344006, 3, 35006, 5, 500);
INSERT INTO "m_member_love_panel_cell" VALUES (345006, 4, 35006, 7, 20);
INSERT INTO "m_member_love_panel_cell" VALUES (351006, 0, 36006, 1, 10);
INSERT INTO "m_member_love_panel_cell" VALUES (352006, 1, 36006, 3, 10);
INSERT INTO "m_member_love_panel_cell" VALUES (353006, 2, 36006, 2, 10);
INSERT INTO "m_member_love_panel_cell" VALUES (354006, 3, 36006, 6, 50);
INSERT INTO "m_member_love_panel_cell" VALUES (355006, 4, 36006, 11, 50);
INSERT INTO "m_member_love_panel_cell" VALUES (361006, 0, 37006, 1, 10);
INSERT INTO "m_member_love_panel_cell" VALUES (362006, 1, 37006, 3, 10);
INSERT INTO "m_member_love_panel_cell" VALUES (363006, 2, 37006, 2, 10);
INSERT INTO "m_member_love_panel_cell" VALUES (364006, 3, 37006, 4, 50);
INSERT INTO "m_member_love_panel_cell" VALUES (365006, 4, 37006, 15, 2);
INSERT INTO "m_member_love_panel_cell" VALUES (371006, 0, 38006, 1, 10);
INSERT INTO "m_member_love_panel_cell" VALUES (372006, 1, 38006, 3, 10);
INSERT INTO "m_member_love_panel_cell" VALUES (373006, 2, 33006, 2, 10);
INSERT INTO "m_member_love_panel_cell" VALUES (374006, 3, 38006, 6, 50);
INSERT INTO "m_member_love_panel_cell" VALUES (375006, 4, 38006, 9, 50);
INSERT INTO "m_member_love_panel_cell" VALUES (381006, 0, 39006, 1, 10);
INSERT INTO "m_member_love_panel_cell" VALUES (382006, 1, 39006, 3, 10);
INSERT INTO "m_member_love_panel_cell" VALUES (383006, 2, 39006, 2, 10);
INSERT INTO "m_member_love_panel_cell" VALUES (384006, 3, 39006, 8, 50);
INSERT INTO "m_member_love_panel_cell" VALUES (385006, 4, 39006, 4, 50);
INSERT INTO "m_member_love_panel_cell" VALUES (391006, 0, 40006, 1, 10);
INSERT INTO "m_member_love_panel_cell" VALUES (392006, 1, 40006, 3, 10);
INSERT INTO "m_member_love_panel_cell" VALUES (393006, 2, 40006, 2, 10);
INSERT INTO "m_member_love_panel_cell" VALUES (394006, 3, 40006, 7, 20);
INSERT INTO "m_member_love_panel_cell" VALUES (395006, 4, 40006, 5, 500);
--
INSERT INTO "m_member_love_panel_cell" VALUES (401006, 0, 41006, 1, 10);
INSERT INTO "m_member_love_panel_cell" VALUES (402006, 1, 41006, 3, 10);
INSERT INTO "m_member_love_panel_cell" VALUES (403006, 2, 41006, 2, 10);
INSERT INTO "m_member_love_panel_cell" VALUES (404006, 3, 41006, 4, 50);
INSERT INTO "m_member_love_panel_cell" VALUES (405006, 4, 41006, 6, 50);
INSERT INTO "m_member_love_panel_cell" VALUES (411006, 0, 42006, 1, 10);
INSERT INTO "m_member_love_panel_cell" VALUES (412006, 1, 42006, 3, 10);
INSERT INTO "m_member_love_panel_cell" VALUES (413006, 2, 42006, 2, 10);
INSERT INTO "m_member_love_panel_cell" VALUES (414006, 3, 42006, 5, 500);
INSERT INTO "m_member_love_panel_cell" VALUES (415006, 4, 42006, 13, 6);
INSERT INTO "m_member_love_panel_cell" VALUES (421006, 0, 43006, 1, 10);
INSERT INTO "m_member_love_panel_cell" VALUES (422006, 1, 43006, 3, 10);
INSERT INTO "m_member_love_panel_cell" VALUES (423006, 2, 43006, 2, 10);
INSERT INTO "m_member_love_panel_cell" VALUES (424006, 3, 43006, 7, 20);
INSERT INTO "m_member_love_panel_cell" VALUES (425006, 4, 43006, 12, 250);
INSERT INTO "m_member_love_panel_cell" VALUES (431006, 0, 44006, 1, 10);
INSERT INTO "m_member_love_panel_cell" VALUES (432006, 1, 44006, 3, 10);
INSERT INTO "m_member_love_panel_cell" VALUES (433006, 2, 44006, 2, 10);
INSERT INTO "m_member_love_panel_cell" VALUES (434006, 3, 44006, 10, 50);
INSERT INTO "m_member_love_panel_cell" VALUES (435006, 4, 44006, 14, 4);
INSERT INTO "m_member_love_panel_cell" VALUES (441006, 0, 45006, 1, 10);
INSERT INTO "m_member_love_panel_cell" VALUES (442006, 1, 45006, 3, 10);
INSERT INTO "m_member_love_panel_cell" VALUES (443006, 2, 45006, 2, 10);
INSERT INTO "m_member_love_panel_cell" VALUES (444006, 3, 45006, 5, 500);
INSERT INTO "m_member_love_panel_cell" VALUES (445006, 4, 45006, 7, 20);
INSERT INTO "m_member_love_panel_cell" VALUES (451006, 0, 46006, 1, 10);
INSERT INTO "m_member_love_panel_cell" VALUES (452006, 1, 46006, 3, 10);
INSERT INTO "m_member_love_panel_cell" VALUES (453006, 2, 46006, 2, 10);
INSERT INTO "m_member_love_panel_cell" VALUES (454006, 3, 46006, 6, 50);
INSERT INTO "m_member_love_panel_cell" VALUES (455006, 4, 46006, 11, 50);
INSERT INTO "m_member_love_panel_cell" VALUES (461006, 0, 47006, 1, 10);
INSERT INTO "m_member_love_panel_cell" VALUES (462006, 1, 47006, 3, 10);
INSERT INTO "m_member_love_panel_cell" VALUES (463006, 2, 47006, 2, 10);
INSERT INTO "m_member_love_panel_cell" VALUES (464006, 3, 47006, 4, 50);
INSERT INTO "m_member_love_panel_cell" VALUES (465006, 4, 47006, 15, 2);
INSERT INTO "m_member_love_panel_cell" VALUES (471006, 0, 48006, 1, 10);
INSERT INTO "m_member_love_panel_cell" VALUES (472006, 1, 48006, 3, 10);
INSERT INTO "m_member_love_panel_cell" VALUES (473006, 2, 43006, 2, 10);
INSERT INTO "m_member_love_panel_cell" VALUES (474006, 3, 48006, 6, 50);
INSERT INTO "m_member_love_panel_cell" VALUES (475006, 4, 48006, 9, 50);
INSERT INTO "m_member_love_panel_cell" VALUES (481006, 0, 49006, 1, 10);
INSERT INTO "m_member_love_panel_cell" VALUES (482006, 1, 49006, 3, 10);
INSERT INTO "m_member_love_panel_cell" VALUES (483006, 2, 49006, 2, 10);
INSERT INTO "m_member_love_panel_cell" VALUES (484006, 3, 49006, 8, 50);
INSERT INTO "m_member_love_panel_cell" VALUES (485006, 4, 49006, 4, 50);
INSERT INTO "m_member_love_panel_cell" VALUES (491006, 0, 50006, 1, 10);
INSERT INTO "m_member_love_panel_cell" VALUES (492006, 1, 50006, 3, 10);
INSERT INTO "m_member_love_panel_cell" VALUES (493006, 2, 50006, 2, 10);
INSERT INTO "m_member_love_panel_cell" VALUES (494006, 3, 50006, 7, 20);
INSERT INTO "m_member_love_panel_cell" VALUES (495006, 4, 50006, 5, 500);
-- placeholder source content or we don't need this, for what tho?
INSERT INTO "m_member_love_panel_cell_source_content" VALUES (321006, 1002701, 10, 0, 69);
INSERT INTO "m_member_love_panel_cell_source_content" VALUES (322006, 1002702, 10, 0, 69);
INSERT INTO "m_member_love_panel_cell_source_content" VALUES (323006, 1002703, 10, 0, 69);
INSERT INTO "m_member_love_panel_cell_source_content" VALUES (324006, 1002704, 10, 0, 69);
INSERT INTO "m_member_love_panel_cell_source_content" VALUES (325006, 1002705, 10, 0, 69);
INSERT INTO "m_member_love_panel_cell_source_content" VALUES (331006, 1002701, 10, 0, 69);
INSERT INTO "m_member_love_panel_cell_source_content" VALUES (332006, 1002702, 10, 0, 69);
INSERT INTO "m_member_love_panel_cell_source_content" VALUES (333006, 1002703, 10, 0, 69);
INSERT INTO "m_member_love_panel_cell_source_content" VALUES (334006, 1002704, 10, 0, 69);
INSERT INTO "m_member_love_panel_cell_source_content" VALUES (335006, 1002705, 10, 0, 69);
INSERT INTO "m_member_love_panel_cell_source_content" VALUES (341006, 1002701, 10, 0, 69);
INSERT INTO "m_member_love_panel_cell_source_content" VALUES (342006, 1002702, 10, 0, 69);
INSERT INTO "m_member_love_panel_cell_source_content" VALUES (343006, 1002703, 10, 0, 69);
INSERT INTO "m_member_love_panel_cell_source_content" VALUES (344006, 1002704, 10, 0, 69);
INSERT INTO "m_member_love_panel_cell_source_content" VALUES (345006, 1002705, 10, 0, 69);
INSERT INTO "m_member_love_panel_cell_source_content" VALUES (351006, 1002701, 10, 0, 69);
INSERT INTO "m_member_love_panel_cell_source_content" VALUES (352006, 1002702, 10, 0, 69);
INSERT INTO "m_member_love_panel_cell_source_content" VALUES (353006, 1002703, 10, 0, 69);
INSERT INTO "m_member_love_panel_cell_source_content" VALUES (354006, 1002704, 10, 0, 69);
INSERT INTO "m_member_love_panel_cell_source_content" VALUES (355006, 1002705, 10, 0, 69);
INSERT INTO "m_member_love_panel_cell_source_content" VALUES (361006, 1002701, 10, 0, 69);
INSERT INTO "m_member_love_panel_cell_source_content" VALUES (362006, 1002702, 10, 0, 69);
INSERT INTO "m_member_love_panel_cell_source_content" VALUES (363006, 1002703, 10, 0, 69);
INSERT INTO "m_member_love_panel_cell_source_content" VALUES (364006, 1002704, 10, 0, 69);
INSERT INTO "m_member_love_panel_cell_source_content" VALUES (365006, 1002705, 10, 0, 69);
INSERT INTO "m_member_love_panel_cell_source_content" VALUES (371006, 1002701, 10, 0, 69);
INSERT INTO "m_member_love_panel_cell_source_content" VALUES (372006, 1002702, 10, 0, 69);
INSERT INTO "m_member_love_panel_cell_source_content" VALUES (373006, 1002703, 10, 0, 69);
INSERT INTO "m_member_love_panel_cell_source_content" VALUES (374006, 1002704, 10, 0, 69);
INSERT INTO "m_member_love_panel_cell_source_content" VALUES (375006, 1002705, 10, 0, 69);
INSERT INTO "m_member_love_panel_cell_source_content" VALUES (381006, 1002701, 10, 0, 69);
INSERT INTO "m_member_love_panel_cell_source_content" VALUES (382006, 1002702, 10, 0, 69);
INSERT INTO "m_member_love_panel_cell_source_content" VALUES (383006, 1002703, 10, 0, 69);
INSERT INTO "m_member_love_panel_cell_source_content" VALUES (384006, 1002704, 10, 0, 69);
INSERT INTO "m_member_love_panel_cell_source_content" VALUES (385006, 1002705, 10, 0, 69);
INSERT INTO "m_member_love_panel_cell_source_content" VALUES (391006, 1002701, 10, 0, 69);
INSERT INTO "m_member_love_panel_cell_source_content" VALUES (392006, 1002702, 10, 0, 69);
INSERT INTO "m_member_love_panel_cell_source_content" VALUES (393006, 1002703, 10, 0, 69);
INSERT INTO "m_member_love_panel_cell_source_content" VALUES (394006, 1002704, 10, 0, 69);
INSERT INTO "m_member_love_panel_cell_source_content" VALUES (395006, 1002705, 10, 0, 69);
INSERT INTO "m_member_love_panel_cell_source_content" VALUES (401006, 1002701, 10, 0, 69);
INSERT INTO "m_member_love_panel_cell_source_content" VALUES (402006, 1002702, 10, 0, 69);
INSERT INTO "m_member_love_panel_cell_source_content" VALUES (403006, 1002703, 10, 0, 69);
INSERT INTO "m_member_love_panel_cell_source_content" VALUES (404006, 1002704, 10, 0, 69);
INSERT INTO "m_member_love_panel_cell_source_content" VALUES (405006, 1002705, 10, 0, 69);
INSERT INTO "m_member_love_panel_cell_source_content" VALUES (411006, 1002701, 10, 0, 69);
INSERT INTO "m_member_love_panel_cell_source_content" VALUES (412006, 1002702, 10, 0, 69);
INSERT INTO "m_member_love_panel_cell_source_content" VALUES (413006, 1002703, 10, 0, 69);
INSERT INTO "m_member_love_panel_cell_source_content" VALUES (414006, 1002704, 10, 0, 69);
INSERT INTO "m_member_love_panel_cell_source_content" VALUES (415006, 1002705, 10, 0, 69);
INSERT INTO "m_member_love_panel_cell_source_content" VALUES (421006, 1002701, 10, 0, 69);
INSERT INTO "m_member_love_panel_cell_source_content" VALUES (422006, 1002702, 10, 0, 69);
INSERT INTO "m_member_love_panel_cell_source_content" VALUES (423006, 1002703, 10, 0, 69);
INSERT INTO "m_member_love_panel_cell_source_content" VALUES (424006, 1002704, 10, 0, 69);
INSERT INTO "m_member_love_panel_cell_source_content" VALUES (425006, 1002705, 10, 0, 69);
INSERT INTO "m_member_love_panel_cell_source_content" VALUES (431006, 1002701, 10, 0, 69);
INSERT INTO "m_member_love_panel_cell_source_content" VALUES (432006, 1002702, 10, 0, 69);
INSERT INTO "m_member_love_panel_cell_source_content" VALUES (433006, 1002703, 10, 0, 69);
INSERT INTO "m_member_love_panel_cell_source_content" VALUES (434006, 1002704, 10, 0, 69);
INSERT INTO "m_member_love_panel_cell_source_content" VALUES (435006, 1002705, 10, 0, 69);
INSERT INTO "m_member_love_panel_cell_source_content" VALUES (441006, 1002701, 10, 0, 69);
INSERT INTO "m_member_love_panel_cell_source_content" VALUES (442006, 1002702, 10, 0, 69);
INSERT INTO "m_member_love_panel_cell_source_content" VALUES (443006, 1002703, 10, 0, 69);
INSERT INTO "m_member_love_panel_cell_source_content" VALUES (444006, 1002704, 10, 0, 69);
INSERT INTO "m_member_love_panel_cell_source_content" VALUES (445006, 1002705, 10, 0, 69);
INSERT INTO "m_member_love_panel_cell_source_content" VALUES (451006, 1002701, 10, 0, 69);
INSERT INTO "m_member_love_panel_cell_source_content" VALUES (452006, 1002702, 10, 0, 69);
INSERT INTO "m_member_love_panel_cell_source_content" VALUES (453006, 1002703, 10, 0, 69);
INSERT INTO "m_member_love_panel_cell_source_content" VALUES (454006, 1002704, 10, 0, 69);
INSERT INTO "m_member_love_panel_cell_source_content" VALUES (455006, 1002705, 10, 0, 69);
INSERT INTO "m_member_love_panel_cell_source_content" VALUES (461006, 1002701, 10, 0, 69);
INSERT INTO "m_member_love_panel_cell_source_content" VALUES (462006, 1002702, 10, 0, 69);
INSERT INTO "m_member_love_panel_cell_source_content" VALUES (463006, 1002703, 10, 0, 69);
INSERT INTO "m_member_love_panel_cell_source_content" VALUES (464006, 1002704, 10, 0, 69);
INSERT INTO "m_member_love_panel_cell_source_content" VALUES (465006, 1002705, 10, 0, 69);
INSERT INTO "m_member_love_panel_cell_source_content" VALUES (471006, 1002701, 10, 0, 69);
INSERT INTO "m_member_love_panel_cell_source_content" VALUES (472006, 1002702, 10, 0, 69);
INSERT INTO "m_member_love_panel_cell_source_content" VALUES (473006, 1002703, 10, 0, 69);
INSERT INTO "m_member_love_panel_cell_source_content" VALUES (474006, 1002704, 10, 0, 69);
INSERT INTO "m_member_love_panel_cell_source_content" VALUES (475006, 1002705, 10, 0, 69);
INSERT INTO "m_member_love_panel_cell_source_content" VALUES (481006, 1002701, 10, 0, 69);
INSERT INTO "m_member_love_panel_cell_source_content" VALUES (482006, 1002702, 10, 0, 69);
INSERT INTO "m_member_love_panel_cell_source_content" VALUES (483006, 1002703, 10, 0, 69);
INSERT INTO "m_member_love_panel_cell_source_content" VALUES (484006, 1002704, 10, 0, 69);
INSERT INTO "m_member_love_panel_cell_source_content" VALUES (485006, 1002705, 10, 0, 69);
INSERT INTO "m_member_love_panel_cell_source_content" VALUES (491006, 1002701, 10, 0, 69);
INSERT INTO "m_member_love_panel_cell_source_content" VALUES (492006, 1002702, 10, 0, 69);
INSERT INTO "m_member_love_panel_cell_source_content" VALUES (493006, 1002703, 10, 0, 69);
INSERT INTO "m_member_love_panel_cell_source_content" VALUES (494006, 1002704, 10, 0, 69);
INSERT INTO "m_member_love_panel_cell_source_content" VALUES (495006, 1002705, 10, 0, 69);
-- add missing reward love panel
-- GPT need: loop create copy, find "001" and replace all [002 - 009, 101 - 109, 201 - 212]
INSERT INTO "m_member_love_panel" VALUES (33007,420,1);
INSERT INTO "m_member_love_panel" VALUES (34007,440,1);
INSERT INTO "m_member_love_panel" VALUES (35007,460,1);
INSERT INTO "m_member_love_panel" VALUES (36007,480,1);
INSERT INTO "m_member_love_panel" VALUES (37007,500,1);
INSERT INTO "m_member_love_panel" VALUES (38007,520,1);
INSERT INTO "m_member_love_panel" VALUES (39007,540,1);
INSERT INTO "m_member_love_panel" VALUES (40007,560,1);
INSERT INTO "m_member_love_panel" VALUES (41007,580,1);
INSERT INTO "m_member_love_panel" VALUES (42007,600,1);
INSERT INTO "m_member_love_panel" VALUES (43007,620,1);
INSERT INTO "m_member_love_panel" VALUES (44007,640,1);
INSERT INTO "m_member_love_panel" VALUES (45007,660,1);
INSERT INTO "m_member_love_panel" VALUES (46007,680,1);
INSERT INTO "m_member_love_panel" VALUES (47007,700,1);
INSERT INTO "m_member_love_panel" VALUES (48007,720,1);
INSERT INTO "m_member_love_panel" VALUES (49007,740,1);
INSERT INTO "m_member_love_panel" VALUES (50007,760,1);
INSERT INTO "m_member_love_panel_bonus" VALUES (33007,3,100);
INSERT INTO "m_member_love_panel_bonus" VALUES (34007,7,100);
INSERT INTO "m_member_love_panel_bonus" VALUES (35007,6,200);
INSERT INTO "m_member_love_panel_bonus" VALUES (36007,4,100);
INSERT INTO "m_member_love_panel_bonus" VALUES (37007,5,2000);
INSERT INTO "m_member_love_panel_bonus" VALUES (38007,12,500);
INSERT INTO "m_member_love_panel_bonus" VALUES (39007,7,100);
INSERT INTO "m_member_love_panel_bonus" VALUES (40007,13,6);
INSERT INTO "m_member_love_panel_bonus" VALUES (40007,14,4);
INSERT INTO "m_member_love_panel_bonus" VALUES (40007,15,2);
INSERT INTO "m_member_love_panel_bonus" VALUES (41007,1,100);
INSERT INTO "m_member_love_panel_bonus" VALUES (42007,2,100);
INSERT INTO "m_member_love_panel_bonus" VALUES (43007,3,100);
INSERT INTO "m_member_love_panel_bonus" VALUES (44007,7,100);
INSERT INTO "m_member_love_panel_bonus" VALUES (45007,6,200);
INSERT INTO "m_member_love_panel_bonus" VALUES (46007,4,100);
INSERT INTO "m_member_love_panel_bonus" VALUES (47007,5,2000);
INSERT INTO "m_member_love_panel_bonus" VALUES (48007,12,500);
INSERT INTO "m_member_love_panel_bonus" VALUES (49007,7,100);
INSERT INTO "m_member_love_panel_bonus" VALUES (50007,13,6);
INSERT INTO "m_member_love_panel_bonus" VALUES (50007,14,4);
INSERT INTO "m_member_love_panel_bonus" VALUES (50007,15,2);
--
INSERT INTO "m_member_love_panel_cell" VALUES (321007, 0, 33007, 1, 10);
INSERT INTO "m_member_love_panel_cell" VALUES (322007, 1, 33007, 3, 10);
INSERT INTO "m_member_love_panel_cell" VALUES (323007, 2, 33007, 2, 10);
INSERT INTO "m_member_love_panel_cell" VALUES (324007, 3, 33007, 7, 20);
INSERT INTO "m_member_love_panel_cell" VALUES (325007, 4, 33007, 12, 250);
INSERT INTO "m_member_love_panel_cell" VALUES (331007, 0, 34007, 1, 10);
INSERT INTO "m_member_love_panel_cell" VALUES (332007, 1, 34007, 3, 10);
INSERT INTO "m_member_love_panel_cell" VALUES (333007, 2, 34007, 2, 10);
INSERT INTO "m_member_love_panel_cell" VALUES (334007, 3, 34007, 10, 50);
INSERT INTO "m_member_love_panel_cell" VALUES (335007, 4, 34007, 14, 4);
INSERT INTO "m_member_love_panel_cell" VALUES (341007, 0, 35007, 1, 10);
INSERT INTO "m_member_love_panel_cell" VALUES (342007, 1, 35007, 3, 10);
INSERT INTO "m_member_love_panel_cell" VALUES (343007, 2, 35007, 2, 10);
INSERT INTO "m_member_love_panel_cell" VALUES (344007, 3, 35007, 5, 500);
INSERT INTO "m_member_love_panel_cell" VALUES (345007, 4, 35007, 7, 20);
INSERT INTO "m_member_love_panel_cell" VALUES (351007, 0, 36007, 1, 10);
INSERT INTO "m_member_love_panel_cell" VALUES (352007, 1, 36007, 3, 10);
INSERT INTO "m_member_love_panel_cell" VALUES (353007, 2, 36007, 2, 10);
INSERT INTO "m_member_love_panel_cell" VALUES (354007, 3, 36007, 6, 50);
INSERT INTO "m_member_love_panel_cell" VALUES (355007, 4, 36007, 11, 50);
INSERT INTO "m_member_love_panel_cell" VALUES (361007, 0, 37007, 1, 10);
INSERT INTO "m_member_love_panel_cell" VALUES (362007, 1, 37007, 3, 10);
INSERT INTO "m_member_love_panel_cell" VALUES (363007, 2, 37007, 2, 10);
INSERT INTO "m_member_love_panel_cell" VALUES (364007, 3, 37007, 4, 50);
INSERT INTO "m_member_love_panel_cell" VALUES (365007, 4, 37007, 15, 2);
INSERT INTO "m_member_love_panel_cell" VALUES (371007, 0, 38007, 1, 10);
INSERT INTO "m_member_love_panel_cell" VALUES (372007, 1, 38007, 3, 10);
INSERT INTO "m_member_love_panel_cell" VALUES (373007, 2, 33007, 2, 10);
INSERT INTO "m_member_love_panel_cell" VALUES (374007, 3, 38007, 6, 50);
INSERT INTO "m_member_love_panel_cell" VALUES (375007, 4, 38007, 9, 50);
INSERT INTO "m_member_love_panel_cell" VALUES (381007, 0, 39007, 1, 10);
INSERT INTO "m_member_love_panel_cell" VALUES (382007, 1, 39007, 3, 10);
INSERT INTO "m_member_love_panel_cell" VALUES (383007, 2, 39007, 2, 10);
INSERT INTO "m_member_love_panel_cell" VALUES (384007, 3, 39007, 8, 50);
INSERT INTO "m_member_love_panel_cell" VALUES (385007, 4, 39007, 4, 50);
INSERT INTO "m_member_love_panel_cell" VALUES (391007, 0, 40007, 1, 10);
INSERT INTO "m_member_love_panel_cell" VALUES (392007, 1, 40007, 3, 10);
INSERT INTO "m_member_love_panel_cell" VALUES (393007, 2, 40007, 2, 10);
INSERT INTO "m_member_love_panel_cell" VALUES (394007, 3, 40007, 7, 20);
INSERT INTO "m_member_love_panel_cell" VALUES (395007, 4, 40007, 5, 500);
--
INSERT INTO "m_member_love_panel_cell" VALUES (401007, 0, 41007, 1, 10);
INSERT INTO "m_member_love_panel_cell" VALUES (402007, 1, 41007, 3, 10);
INSERT INTO "m_member_love_panel_cell" VALUES (403007, 2, 41007, 2, 10);
INSERT INTO "m_member_love_panel_cell" VALUES (404007, 3, 41007, 4, 50);
INSERT INTO "m_member_love_panel_cell" VALUES (405007, 4, 41007, 6, 50);
INSERT INTO "m_member_love_panel_cell" VALUES (411007, 0, 42007, 1, 10);
INSERT INTO "m_member_love_panel_cell" VALUES (412007, 1, 42007, 3, 10);
INSERT INTO "m_member_love_panel_cell" VALUES (413007, 2, 42007, 2, 10);
INSERT INTO "m_member_love_panel_cell" VALUES (414007, 3, 42007, 5, 500);
INSERT INTO "m_member_love_panel_cell" VALUES (415007, 4, 42007, 13, 6);
INSERT INTO "m_member_love_panel_cell" VALUES (421007, 0, 43007, 1, 10);
INSERT INTO "m_member_love_panel_cell" VALUES (422007, 1, 43007, 3, 10);
INSERT INTO "m_member_love_panel_cell" VALUES (423007, 2, 43007, 2, 10);
INSERT INTO "m_member_love_panel_cell" VALUES (424007, 3, 43007, 7, 20);
INSERT INTO "m_member_love_panel_cell" VALUES (425007, 4, 43007, 12, 250);
INSERT INTO "m_member_love_panel_cell" VALUES (431007, 0, 44007, 1, 10);
INSERT INTO "m_member_love_panel_cell" VALUES (432007, 1, 44007, 3, 10);
INSERT INTO "m_member_love_panel_cell" VALUES (433007, 2, 44007, 2, 10);
INSERT INTO "m_member_love_panel_cell" VALUES (434007, 3, 44007, 10, 50);
INSERT INTO "m_member_love_panel_cell" VALUES (435007, 4, 44007, 14, 4);
INSERT INTO "m_member_love_panel_cell" VALUES (441007, 0, 45007, 1, 10);
INSERT INTO "m_member_love_panel_cell" VALUES (442007, 1, 45007, 3, 10);
INSERT INTO "m_member_love_panel_cell" VALUES (443007, 2, 45007, 2, 10);
INSERT INTO "m_member_love_panel_cell" VALUES (444007, 3, 45007, 5, 500);
INSERT INTO "m_member_love_panel_cell" VALUES (445007, 4, 45007, 7, 20);
INSERT INTO "m_member_love_panel_cell" VALUES (451007, 0, 46007, 1, 10);
INSERT INTO "m_member_love_panel_cell" VALUES (452007, 1, 46007, 3, 10);
INSERT INTO "m_member_love_panel_cell" VALUES (453007, 2, 46007, 2, 10);
INSERT INTO "m_member_love_panel_cell" VALUES (454007, 3, 46007, 6, 50);
INSERT INTO "m_member_love_panel_cell" VALUES (455007, 4, 46007, 11, 50);
INSERT INTO "m_member_love_panel_cell" VALUES (461007, 0, 47007, 1, 10);
INSERT INTO "m_member_love_panel_cell" VALUES (462007, 1, 47007, 3, 10);
INSERT INTO "m_member_love_panel_cell" VALUES (463007, 2, 47007, 2, 10);
INSERT INTO "m_member_love_panel_cell" VALUES (464007, 3, 47007, 4, 50);
INSERT INTO "m_member_love_panel_cell" VALUES (465007, 4, 47007, 15, 2);
INSERT INTO "m_member_love_panel_cell" VALUES (471007, 0, 48007, 1, 10);
INSERT INTO "m_member_love_panel_cell" VALUES (472007, 1, 48007, 3, 10);
INSERT INTO "m_member_love_panel_cell" VALUES (473007, 2, 43007, 2, 10);
INSERT INTO "m_member_love_panel_cell" VALUES (474007, 3, 48007, 6, 50);
INSERT INTO "m_member_love_panel_cell" VALUES (475007, 4, 48007, 9, 50);
INSERT INTO "m_member_love_panel_cell" VALUES (481007, 0, 49007, 1, 10);
INSERT INTO "m_member_love_panel_cell" VALUES (482007, 1, 49007, 3, 10);
INSERT INTO "m_member_love_panel_cell" VALUES (483007, 2, 49007, 2, 10);
INSERT INTO "m_member_love_panel_cell" VALUES (484007, 3, 49007, 8, 50);
INSERT INTO "m_member_love_panel_cell" VALUES (485007, 4, 49007, 4, 50);
INSERT INTO "m_member_love_panel_cell" VALUES (491007, 0, 50007, 1, 10);
INSERT INTO "m_member_love_panel_cell" VALUES (492007, 1, 50007, 3, 10);
INSERT INTO "m_member_love_panel_cell" VALUES (493007, 2, 50007, 2, 10);
INSERT INTO "m_member_love_panel_cell" VALUES (494007, 3, 50007, 7, 20);
INSERT INTO "m_member_love_panel_cell" VALUES (495007, 4, 50007, 5, 500);
-- placeholder source content or we don't need this, for what tho?
INSERT INTO "m_member_love_panel_cell_source_content" VALUES (321007, 1002701, 10, 0, 69);
INSERT INTO "m_member_love_panel_cell_source_content" VALUES (322007, 1002702, 10, 0, 69);
INSERT INTO "m_member_love_panel_cell_source_content" VALUES (323007, 1002703, 10, 0, 69);
INSERT INTO "m_member_love_panel_cell_source_content" VALUES (324007, 1002704, 10, 0, 69);
INSERT INTO "m_member_love_panel_cell_source_content" VALUES (325007, 1002705, 10, 0, 69);
INSERT INTO "m_member_love_panel_cell_source_content" VALUES (331007, 1002701, 10, 0, 69);
INSERT INTO "m_member_love_panel_cell_source_content" VALUES (332007, 1002702, 10, 0, 69);
INSERT INTO "m_member_love_panel_cell_source_content" VALUES (333007, 1002703, 10, 0, 69);
INSERT INTO "m_member_love_panel_cell_source_content" VALUES (334007, 1002704, 10, 0, 69);
INSERT INTO "m_member_love_panel_cell_source_content" VALUES (335007, 1002705, 10, 0, 69);
INSERT INTO "m_member_love_panel_cell_source_content" VALUES (341007, 1002701, 10, 0, 69);
INSERT INTO "m_member_love_panel_cell_source_content" VALUES (342007, 1002702, 10, 0, 69);
INSERT INTO "m_member_love_panel_cell_source_content" VALUES (343007, 1002703, 10, 0, 69);
INSERT INTO "m_member_love_panel_cell_source_content" VALUES (344007, 1002704, 10, 0, 69);
INSERT INTO "m_member_love_panel_cell_source_content" VALUES (345007, 1002705, 10, 0, 69);
INSERT INTO "m_member_love_panel_cell_source_content" VALUES (351007, 1002701, 10, 0, 69);
INSERT INTO "m_member_love_panel_cell_source_content" VALUES (352007, 1002702, 10, 0, 69);
INSERT INTO "m_member_love_panel_cell_source_content" VALUES (353007, 1002703, 10, 0, 69);
INSERT INTO "m_member_love_panel_cell_source_content" VALUES (354007, 1002704, 10, 0, 69);
INSERT INTO "m_member_love_panel_cell_source_content" VALUES (355007, 1002705, 10, 0, 69);
INSERT INTO "m_member_love_panel_cell_source_content" VALUES (361007, 1002701, 10, 0, 69);
INSERT INTO "m_member_love_panel_cell_source_content" VALUES (362007, 1002702, 10, 0, 69);
INSERT INTO "m_member_love_panel_cell_source_content" VALUES (363007, 1002703, 10, 0, 69);
INSERT INTO "m_member_love_panel_cell_source_content" VALUES (364007, 1002704, 10, 0, 69);
INSERT INTO "m_member_love_panel_cell_source_content" VALUES (365007, 1002705, 10, 0, 69);
INSERT INTO "m_member_love_panel_cell_source_content" VALUES (371007, 1002701, 10, 0, 69);
INSERT INTO "m_member_love_panel_cell_source_content" VALUES (372007, 1002702, 10, 0, 69);
INSERT INTO "m_member_love_panel_cell_source_content" VALUES (373007, 1002703, 10, 0, 69);
INSERT INTO "m_member_love_panel_cell_source_content" VALUES (374007, 1002704, 10, 0, 69);
INSERT INTO "m_member_love_panel_cell_source_content" VALUES (375007, 1002705, 10, 0, 69);
INSERT INTO "m_member_love_panel_cell_source_content" VALUES (381007, 1002701, 10, 0, 69);
INSERT INTO "m_member_love_panel_cell_source_content" VALUES (382007, 1002702, 10, 0, 69);
INSERT INTO "m_member_love_panel_cell_source_content" VALUES (383007, 1002703, 10, 0, 69);
INSERT INTO "m_member_love_panel_cell_source_content" VALUES (384007, 1002704, 10, 0, 69);
INSERT INTO "m_member_love_panel_cell_source_content" VALUES (385007, 1002705, 10, 0, 69);
INSERT INTO "m_member_love_panel_cell_source_content" VALUES (391007, 1002701, 10, 0, 69);
INSERT INTO "m_member_love_panel_cell_source_content" VALUES (392007, 1002702, 10, 0, 69);
INSERT INTO "m_member_love_panel_cell_source_content" VALUES (393007, 1002703, 10, 0, 69);
INSERT INTO "m_member_love_panel_cell_source_content" VALUES (394007, 1002704, 10, 0, 69);
INSERT INTO "m_member_love_panel_cell_source_content" VALUES (395007, 1002705, 10, 0, 69);
INSERT INTO "m_member_love_panel_cell_source_content" VALUES (401007, 1002701, 10, 0, 69);
INSERT INTO "m_member_love_panel_cell_source_content" VALUES (402007, 1002702, 10, 0, 69);
INSERT INTO "m_member_love_panel_cell_source_content" VALUES (403007, 1002703, 10, 0, 69);
INSERT INTO "m_member_love_panel_cell_source_content" VALUES (404007, 1002704, 10, 0, 69);
INSERT INTO "m_member_love_panel_cell_source_content" VALUES (405007, 1002705, 10, 0, 69);
INSERT INTO "m_member_love_panel_cell_source_content" VALUES (411007, 1002701, 10, 0, 69);
INSERT INTO "m_member_love_panel_cell_source_content" VALUES (412007, 1002702, 10, 0, 69);
INSERT INTO "m_member_love_panel_cell_source_content" VALUES (413007, 1002703, 10, 0, 69);
INSERT INTO "m_member_love_panel_cell_source_content" VALUES (414007, 1002704, 10, 0, 69);
INSERT INTO "m_member_love_panel_cell_source_content" VALUES (415007, 1002705, 10, 0, 69);
INSERT INTO "m_member_love_panel_cell_source_content" VALUES (421007, 1002701, 10, 0, 69);
INSERT INTO "m_member_love_panel_cell_source_content" VALUES (422007, 1002702, 10, 0, 69);
INSERT INTO "m_member_love_panel_cell_source_content" VALUES (423007, 1002703, 10, 0, 69);
INSERT INTO "m_member_love_panel_cell_source_content" VALUES (424007, 1002704, 10, 0, 69);
INSERT INTO "m_member_love_panel_cell_source_content" VALUES (425007, 1002705, 10, 0, 69);
INSERT INTO "m_member_love_panel_cell_source_content" VALUES (431007, 1002701, 10, 0, 69);
INSERT INTO "m_member_love_panel_cell_source_content" VALUES (432007, 1002702, 10, 0, 69);
INSERT INTO "m_member_love_panel_cell_source_content" VALUES (433007, 1002703, 10, 0, 69);
INSERT INTO "m_member_love_panel_cell_source_content" VALUES (434007, 1002704, 10, 0, 69);
INSERT INTO "m_member_love_panel_cell_source_content" VALUES (435007, 1002705, 10, 0, 69);
INSERT INTO "m_member_love_panel_cell_source_content" VALUES (441007, 1002701, 10, 0, 69);
INSERT INTO "m_member_love_panel_cell_source_content" VALUES (442007, 1002702, 10, 0, 69);
INSERT INTO "m_member_love_panel_cell_source_content" VALUES (443007, 1002703, 10, 0, 69);
INSERT INTO "m_member_love_panel_cell_source_content" VALUES (444007, 1002704, 10, 0, 69);
INSERT INTO "m_member_love_panel_cell_source_content" VALUES (445007, 1002705, 10, 0, 69);
INSERT INTO "m_member_love_panel_cell_source_content" VALUES (451007, 1002701, 10, 0, 69);
INSERT INTO "m_member_love_panel_cell_source_content" VALUES (452007, 1002702, 10, 0, 69);
INSERT INTO "m_member_love_panel_cell_source_content" VALUES (453007, 1002703, 10, 0, 69);
INSERT INTO "m_member_love_panel_cell_source_content" VALUES (454007, 1002704, 10, 0, 69);
INSERT INTO "m_member_love_panel_cell_source_content" VALUES (455007, 1002705, 10, 0, 69);
INSERT INTO "m_member_love_panel_cell_source_content" VALUES (461007, 1002701, 10, 0, 69);
INSERT INTO "m_member_love_panel_cell_source_content" VALUES (462007, 1002702, 10, 0, 69);
INSERT INTO "m_member_love_panel_cell_source_content" VALUES (463007, 1002703, 10, 0, 69);
INSERT INTO "m_member_love_panel_cell_source_content" VALUES (464007, 1002704, 10, 0, 69);
INSERT INTO "m_member_love_panel_cell_source_content" VALUES (465007, 1002705, 10, 0, 69);
INSERT INTO "m_member_love_panel_cell_source_content" VALUES (471007, 1002701, 10, 0, 69);
INSERT INTO "m_member_love_panel_cell_source_content" VALUES (472007, 1002702, 10, 0, 69);
INSERT INTO "m_member_love_panel_cell_source_content" VALUES (473007, 1002703, 10, 0, 69);
INSERT INTO "m_member_love_panel_cell_source_content" VALUES (474007, 1002704, 10, 0, 69);
INSERT INTO "m_member_love_panel_cell_source_content" VALUES (475007, 1002705, 10, 0, 69);
INSERT INTO "m_member_love_panel_cell_source_content" VALUES (481007, 1002701, 10, 0, 69);
INSERT INTO "m_member_love_panel_cell_source_content" VALUES (482007, 1002702, 10, 0, 69);
INSERT INTO "m_member_love_panel_cell_source_content" VALUES (483007, 1002703, 10, 0, 69);
INSERT INTO "m_member_love_panel_cell_source_content" VALUES (484007, 1002704, 10, 0, 69);
INSERT INTO "m_member_love_panel_cell_source_content" VALUES (485007, 1002705, 10, 0, 69);
INSERT INTO "m_member_love_panel_cell_source_content" VALUES (491007, 1002701, 10, 0, 69);
INSERT INTO "m_member_love_panel_cell_source_content" VALUES (492007, 1002702, 10, 0, 69);
INSERT INTO "m_member_love_panel_cell_source_content" VALUES (493007, 1002703, 10, 0, 69);
INSERT INTO "m_member_love_panel_cell_source_content" VALUES (494007, 1002704, 10, 0, 69);
INSERT INTO "m_member_love_panel_cell_source_content" VALUES (495007, 1002705, 10, 0, 69);
-- add missing reward love panel
-- GPT need: loop create copy, find "001" and replace all [002 - 009, 101 - 109, 201 - 212]
INSERT INTO "m_member_love_panel" VALUES (33008,420,1);
INSERT INTO "m_member_love_panel" VALUES (34008,440,1);
INSERT INTO "m_member_love_panel" VALUES (35008,460,1);
INSERT INTO "m_member_love_panel" VALUES (36008,480,1);
INSERT INTO "m_member_love_panel" VALUES (37008,500,1);
INSERT INTO "m_member_love_panel" VALUES (38008,520,1);
INSERT INTO "m_member_love_panel" VALUES (39008,540,1);
INSERT INTO "m_member_love_panel" VALUES (40008,560,1);
INSERT INTO "m_member_love_panel" VALUES (41008,580,1);
INSERT INTO "m_member_love_panel" VALUES (42008,600,1);
INSERT INTO "m_member_love_panel" VALUES (43008,620,1);
INSERT INTO "m_member_love_panel" VALUES (44008,640,1);
INSERT INTO "m_member_love_panel" VALUES (45008,660,1);
INSERT INTO "m_member_love_panel" VALUES (46008,680,1);
INSERT INTO "m_member_love_panel" VALUES (47008,700,1);
INSERT INTO "m_member_love_panel" VALUES (48008,720,1);
INSERT INTO "m_member_love_panel" VALUES (49008,740,1);
INSERT INTO "m_member_love_panel" VALUES (50008,760,1);
INSERT INTO "m_member_love_panel_bonus" VALUES (33008,3,100);
INSERT INTO "m_member_love_panel_bonus" VALUES (34008,7,100);
INSERT INTO "m_member_love_panel_bonus" VALUES (35008,6,200);
INSERT INTO "m_member_love_panel_bonus" VALUES (36008,4,100);
INSERT INTO "m_member_love_panel_bonus" VALUES (37008,5,2000);
INSERT INTO "m_member_love_panel_bonus" VALUES (38008,12,500);
INSERT INTO "m_member_love_panel_bonus" VALUES (39008,7,100);
INSERT INTO "m_member_love_panel_bonus" VALUES (40008,13,6);
INSERT INTO "m_member_love_panel_bonus" VALUES (40008,14,4);
INSERT INTO "m_member_love_panel_bonus" VALUES (40008,15,2);
INSERT INTO "m_member_love_panel_bonus" VALUES (41008,1,100);
INSERT INTO "m_member_love_panel_bonus" VALUES (42008,2,100);
INSERT INTO "m_member_love_panel_bonus" VALUES (43008,3,100);
INSERT INTO "m_member_love_panel_bonus" VALUES (44008,7,100);
INSERT INTO "m_member_love_panel_bonus" VALUES (45008,6,200);
INSERT INTO "m_member_love_panel_bonus" VALUES (46008,4,100);
INSERT INTO "m_member_love_panel_bonus" VALUES (47008,5,2000);
INSERT INTO "m_member_love_panel_bonus" VALUES (48008,12,500);
INSERT INTO "m_member_love_panel_bonus" VALUES (49008,7,100);
INSERT INTO "m_member_love_panel_bonus" VALUES (50008,13,6);
INSERT INTO "m_member_love_panel_bonus" VALUES (50008,14,4);
INSERT INTO "m_member_love_panel_bonus" VALUES (50008,15,2);
--
INSERT INTO "m_member_love_panel_cell" VALUES (321008, 0, 33008, 1, 10);
INSERT INTO "m_member_love_panel_cell" VALUES (322008, 1, 33008, 3, 10);
INSERT INTO "m_member_love_panel_cell" VALUES (323008, 2, 33008, 2, 10);
INSERT INTO "m_member_love_panel_cell" VALUES (324008, 3, 33008, 7, 20);
INSERT INTO "m_member_love_panel_cell" VALUES (325008, 4, 33008, 12, 250);
INSERT INTO "m_member_love_panel_cell" VALUES (331008, 0, 34008, 1, 10);
INSERT INTO "m_member_love_panel_cell" VALUES (332008, 1, 34008, 3, 10);
INSERT INTO "m_member_love_panel_cell" VALUES (333008, 2, 34008, 2, 10);
INSERT INTO "m_member_love_panel_cell" VALUES (334008, 3, 34008, 10, 50);
INSERT INTO "m_member_love_panel_cell" VALUES (335008, 4, 34008, 14, 4);
INSERT INTO "m_member_love_panel_cell" VALUES (341008, 0, 35008, 1, 10);
INSERT INTO "m_member_love_panel_cell" VALUES (342008, 1, 35008, 3, 10);
INSERT INTO "m_member_love_panel_cell" VALUES (343008, 2, 35008, 2, 10);
INSERT INTO "m_member_love_panel_cell" VALUES (344008, 3, 35008, 5, 500);
INSERT INTO "m_member_love_panel_cell" VALUES (345008, 4, 35008, 7, 20);
INSERT INTO "m_member_love_panel_cell" VALUES (351008, 0, 36008, 1, 10);
INSERT INTO "m_member_love_panel_cell" VALUES (352008, 1, 36008, 3, 10);
INSERT INTO "m_member_love_panel_cell" VALUES (353008, 2, 36008, 2, 10);
INSERT INTO "m_member_love_panel_cell" VALUES (354008, 3, 36008, 6, 50);
INSERT INTO "m_member_love_panel_cell" VALUES (355008, 4, 36008, 11, 50);
INSERT INTO "m_member_love_panel_cell" VALUES (361008, 0, 37008, 1, 10);
INSERT INTO "m_member_love_panel_cell" VALUES (362008, 1, 37008, 3, 10);
INSERT INTO "m_member_love_panel_cell" VALUES (363008, 2, 37008, 2, 10);
INSERT INTO "m_member_love_panel_cell" VALUES (364008, 3, 37008, 4, 50);
INSERT INTO "m_member_love_panel_cell" VALUES (365008, 4, 37008, 15, 2);
INSERT INTO "m_member_love_panel_cell" VALUES (371008, 0, 38008, 1, 10);
INSERT INTO "m_member_love_panel_cell" VALUES (372008, 1, 38008, 3, 10);
INSERT INTO "m_member_love_panel_cell" VALUES (373008, 2, 33008, 2, 10);
INSERT INTO "m_member_love_panel_cell" VALUES (374008, 3, 38008, 6, 50);
INSERT INTO "m_member_love_panel_cell" VALUES (375008, 4, 38008, 9, 50);
INSERT INTO "m_member_love_panel_cell" VALUES (381008, 0, 39008, 1, 10);
INSERT INTO "m_member_love_panel_cell" VALUES (382008, 1, 39008, 3, 10);
INSERT INTO "m_member_love_panel_cell" VALUES (383008, 2, 39008, 2, 10);
INSERT INTO "m_member_love_panel_cell" VALUES (384008, 3, 39008, 8, 50);
INSERT INTO "m_member_love_panel_cell" VALUES (385008, 4, 39008, 4, 50);
INSERT INTO "m_member_love_panel_cell" VALUES (391008, 0, 40008, 1, 10);
INSERT INTO "m_member_love_panel_cell" VALUES (392008, 1, 40008, 3, 10);
INSERT INTO "m_member_love_panel_cell" VALUES (393008, 2, 40008, 2, 10);
INSERT INTO "m_member_love_panel_cell" VALUES (394008, 3, 40008, 7, 20);
INSERT INTO "m_member_love_panel_cell" VALUES (395008, 4, 40008, 5, 500);
--
INSERT INTO "m_member_love_panel_cell" VALUES (401008, 0, 41008, 1, 10);
INSERT INTO "m_member_love_panel_cell" VALUES (402008, 1, 41008, 3, 10);
INSERT INTO "m_member_love_panel_cell" VALUES (403008, 2, 41008, 2, 10);
INSERT INTO "m_member_love_panel_cell" VALUES (404008, 3, 41008, 4, 50);
INSERT INTO "m_member_love_panel_cell" VALUES (405008, 4, 41008, 6, 50);
INSERT INTO "m_member_love_panel_cell" VALUES (411008, 0, 42008, 1, 10);
INSERT INTO "m_member_love_panel_cell" VALUES (412008, 1, 42008, 3, 10);
INSERT INTO "m_member_love_panel_cell" VALUES (413008, 2, 42008, 2, 10);
INSERT INTO "m_member_love_panel_cell" VALUES (414008, 3, 42008, 5, 500);
INSERT INTO "m_member_love_panel_cell" VALUES (415008, 4, 42008, 13, 6);
INSERT INTO "m_member_love_panel_cell" VALUES (421008, 0, 43008, 1, 10);
INSERT INTO "m_member_love_panel_cell" VALUES (422008, 1, 43008, 3, 10);
INSERT INTO "m_member_love_panel_cell" VALUES (423008, 2, 43008, 2, 10);
INSERT INTO "m_member_love_panel_cell" VALUES (424008, 3, 43008, 7, 20);
INSERT INTO "m_member_love_panel_cell" VALUES (425008, 4, 43008, 12, 250);
INSERT INTO "m_member_love_panel_cell" VALUES (431008, 0, 44008, 1, 10);
INSERT INTO "m_member_love_panel_cell" VALUES (432008, 1, 44008, 3, 10);
INSERT INTO "m_member_love_panel_cell" VALUES (433008, 2, 44008, 2, 10);
INSERT INTO "m_member_love_panel_cell" VALUES (434008, 3, 44008, 10, 50);
INSERT INTO "m_member_love_panel_cell" VALUES (435008, 4, 44008, 14, 4);
INSERT INTO "m_member_love_panel_cell" VALUES (441008, 0, 45008, 1, 10);
INSERT INTO "m_member_love_panel_cell" VALUES (442008, 1, 45008, 3, 10);
INSERT INTO "m_member_love_panel_cell" VALUES (443008, 2, 45008, 2, 10);
INSERT INTO "m_member_love_panel_cell" VALUES (444008, 3, 45008, 5, 500);
INSERT INTO "m_member_love_panel_cell" VALUES (445008, 4, 45008, 7, 20);
INSERT INTO "m_member_love_panel_cell" VALUES (451008, 0, 46008, 1, 10);
INSERT INTO "m_member_love_panel_cell" VALUES (452008, 1, 46008, 3, 10);
INSERT INTO "m_member_love_panel_cell" VALUES (453008, 2, 46008, 2, 10);
INSERT INTO "m_member_love_panel_cell" VALUES (454008, 3, 46008, 6, 50);
INSERT INTO "m_member_love_panel_cell" VALUES (455008, 4, 46008, 11, 50);
INSERT INTO "m_member_love_panel_cell" VALUES (461008, 0, 47008, 1, 10);
INSERT INTO "m_member_love_panel_cell" VALUES (462008, 1, 47008, 3, 10);
INSERT INTO "m_member_love_panel_cell" VALUES (463008, 2, 47008, 2, 10);
INSERT INTO "m_member_love_panel_cell" VALUES (464008, 3, 47008, 4, 50);
INSERT INTO "m_member_love_panel_cell" VALUES (465008, 4, 47008, 15, 2);
INSERT INTO "m_member_love_panel_cell" VALUES (471008, 0, 48008, 1, 10);
INSERT INTO "m_member_love_panel_cell" VALUES (472008, 1, 48008, 3, 10);
INSERT INTO "m_member_love_panel_cell" VALUES (473008, 2, 43008, 2, 10);
INSERT INTO "m_member_love_panel_cell" VALUES (474008, 3, 48008, 6, 50);
INSERT INTO "m_member_love_panel_cell" VALUES (475008, 4, 48008, 9, 50);
INSERT INTO "m_member_love_panel_cell" VALUES (481008, 0, 49008, 1, 10);
INSERT INTO "m_member_love_panel_cell" VALUES (482008, 1, 49008, 3, 10);
INSERT INTO "m_member_love_panel_cell" VALUES (483008, 2, 49008, 2, 10);
INSERT INTO "m_member_love_panel_cell" VALUES (484008, 3, 49008, 8, 50);
INSERT INTO "m_member_love_panel_cell" VALUES (485008, 4, 49008, 4, 50);
INSERT INTO "m_member_love_panel_cell" VALUES (491008, 0, 50008, 1, 10);
INSERT INTO "m_member_love_panel_cell" VALUES (492008, 1, 50008, 3, 10);
INSERT INTO "m_member_love_panel_cell" VALUES (493008, 2, 50008, 2, 10);
INSERT INTO "m_member_love_panel_cell" VALUES (494008, 3, 50008, 7, 20);
INSERT INTO "m_member_love_panel_cell" VALUES (495008, 4, 50008, 5, 500);
-- placeholder source content or we don't need this, for what tho?
INSERT INTO "m_member_love_panel_cell_source_content" VALUES (321008, 1002701, 10, 0, 69);
INSERT INTO "m_member_love_panel_cell_source_content" VALUES (322008, 1002702, 10, 0, 69);
INSERT INTO "m_member_love_panel_cell_source_content" VALUES (323008, 1002703, 10, 0, 69);
INSERT INTO "m_member_love_panel_cell_source_content" VALUES (324008, 1002704, 10, 0, 69);
INSERT INTO "m_member_love_panel_cell_source_content" VALUES (325008, 1002705, 10, 0, 69);
INSERT INTO "m_member_love_panel_cell_source_content" VALUES (331008, 1002701, 10, 0, 69);
INSERT INTO "m_member_love_panel_cell_source_content" VALUES (332008, 1002702, 10, 0, 69);
INSERT INTO "m_member_love_panel_cell_source_content" VALUES (333008, 1002703, 10, 0, 69);
INSERT INTO "m_member_love_panel_cell_source_content" VALUES (334008, 1002704, 10, 0, 69);
INSERT INTO "m_member_love_panel_cell_source_content" VALUES (335008, 1002705, 10, 0, 69);
INSERT INTO "m_member_love_panel_cell_source_content" VALUES (341008, 1002701, 10, 0, 69);
INSERT INTO "m_member_love_panel_cell_source_content" VALUES (342008, 1002702, 10, 0, 69);
INSERT INTO "m_member_love_panel_cell_source_content" VALUES (343008, 1002703, 10, 0, 69);
INSERT INTO "m_member_love_panel_cell_source_content" VALUES (344008, 1002704, 10, 0, 69);
INSERT INTO "m_member_love_panel_cell_source_content" VALUES (345008, 1002705, 10, 0, 69);
INSERT INTO "m_member_love_panel_cell_source_content" VALUES (351008, 1002701, 10, 0, 69);
INSERT INTO "m_member_love_panel_cell_source_content" VALUES (352008, 1002702, 10, 0, 69);
INSERT INTO "m_member_love_panel_cell_source_content" VALUES (353008, 1002703, 10, 0, 69);
INSERT INTO "m_member_love_panel_cell_source_content" VALUES (354008, 1002704, 10, 0, 69);
INSERT INTO "m_member_love_panel_cell_source_content" VALUES (355008, 1002705, 10, 0, 69);
INSERT INTO "m_member_love_panel_cell_source_content" VALUES (361008, 1002701, 10, 0, 69);
INSERT INTO "m_member_love_panel_cell_source_content" VALUES (362008, 1002702, 10, 0, 69);
INSERT INTO "m_member_love_panel_cell_source_content" VALUES (363008, 1002703, 10, 0, 69);
INSERT INTO "m_member_love_panel_cell_source_content" VALUES (364008, 1002704, 10, 0, 69);
INSERT INTO "m_member_love_panel_cell_source_content" VALUES (365008, 1002705, 10, 0, 69);
INSERT INTO "m_member_love_panel_cell_source_content" VALUES (371008, 1002701, 10, 0, 69);
INSERT INTO "m_member_love_panel_cell_source_content" VALUES (372008, 1002702, 10, 0, 69);
INSERT INTO "m_member_love_panel_cell_source_content" VALUES (373008, 1002703, 10, 0, 69);
INSERT INTO "m_member_love_panel_cell_source_content" VALUES (374008, 1002704, 10, 0, 69);
INSERT INTO "m_member_love_panel_cell_source_content" VALUES (375008, 1002705, 10, 0, 69);
INSERT INTO "m_member_love_panel_cell_source_content" VALUES (381008, 1002701, 10, 0, 69);
INSERT INTO "m_member_love_panel_cell_source_content" VALUES (382008, 1002702, 10, 0, 69);
INSERT INTO "m_member_love_panel_cell_source_content" VALUES (383008, 1002703, 10, 0, 69);
INSERT INTO "m_member_love_panel_cell_source_content" VALUES (384008, 1002704, 10, 0, 69);
INSERT INTO "m_member_love_panel_cell_source_content" VALUES (385008, 1002705, 10, 0, 69);
INSERT INTO "m_member_love_panel_cell_source_content" VALUES (391008, 1002701, 10, 0, 69);
INSERT INTO "m_member_love_panel_cell_source_content" VALUES (392008, 1002702, 10, 0, 69);
INSERT INTO "m_member_love_panel_cell_source_content" VALUES (393008, 1002703, 10, 0, 69);
INSERT INTO "m_member_love_panel_cell_source_content" VALUES (394008, 1002704, 10, 0, 69);
INSERT INTO "m_member_love_panel_cell_source_content" VALUES (395008, 1002705, 10, 0, 69);
INSERT INTO "m_member_love_panel_cell_source_content" VALUES (401008, 1002701, 10, 0, 69);
INSERT INTO "m_member_love_panel_cell_source_content" VALUES (402008, 1002702, 10, 0, 69);
INSERT INTO "m_member_love_panel_cell_source_content" VALUES (403008, 1002703, 10, 0, 69);
INSERT INTO "m_member_love_panel_cell_source_content" VALUES (404008, 1002704, 10, 0, 69);
INSERT INTO "m_member_love_panel_cell_source_content" VALUES (405008, 1002705, 10, 0, 69);
INSERT INTO "m_member_love_panel_cell_source_content" VALUES (411008, 1002701, 10, 0, 69);
INSERT INTO "m_member_love_panel_cell_source_content" VALUES (412008, 1002702, 10, 0, 69);
INSERT INTO "m_member_love_panel_cell_source_content" VALUES (413008, 1002703, 10, 0, 69);
INSERT INTO "m_member_love_panel_cell_source_content" VALUES (414008, 1002704, 10, 0, 69);
INSERT INTO "m_member_love_panel_cell_source_content" VALUES (415008, 1002705, 10, 0, 69);
INSERT INTO "m_member_love_panel_cell_source_content" VALUES (421008, 1002701, 10, 0, 69);
INSERT INTO "m_member_love_panel_cell_source_content" VALUES (422008, 1002702, 10, 0, 69);
INSERT INTO "m_member_love_panel_cell_source_content" VALUES (423008, 1002703, 10, 0, 69);
INSERT INTO "m_member_love_panel_cell_source_content" VALUES (424008, 1002704, 10, 0, 69);
INSERT INTO "m_member_love_panel_cell_source_content" VALUES (425008, 1002705, 10, 0, 69);
INSERT INTO "m_member_love_panel_cell_source_content" VALUES (431008, 1002701, 10, 0, 69);
INSERT INTO "m_member_love_panel_cell_source_content" VALUES (432008, 1002702, 10, 0, 69);
INSERT INTO "m_member_love_panel_cell_source_content" VALUES (433008, 1002703, 10, 0, 69);
INSERT INTO "m_member_love_panel_cell_source_content" VALUES (434008, 1002704, 10, 0, 69);
INSERT INTO "m_member_love_panel_cell_source_content" VALUES (435008, 1002705, 10, 0, 69);
INSERT INTO "m_member_love_panel_cell_source_content" VALUES (441008, 1002701, 10, 0, 69);
INSERT INTO "m_member_love_panel_cell_source_content" VALUES (442008, 1002702, 10, 0, 69);
INSERT INTO "m_member_love_panel_cell_source_content" VALUES (443008, 1002703, 10, 0, 69);
INSERT INTO "m_member_love_panel_cell_source_content" VALUES (444008, 1002704, 10, 0, 69);
INSERT INTO "m_member_love_panel_cell_source_content" VALUES (445008, 1002705, 10, 0, 69);
INSERT INTO "m_member_love_panel_cell_source_content" VALUES (451008, 1002701, 10, 0, 69);
INSERT INTO "m_member_love_panel_cell_source_content" VALUES (452008, 1002702, 10, 0, 69);
INSERT INTO "m_member_love_panel_cell_source_content" VALUES (453008, 1002703, 10, 0, 69);
INSERT INTO "m_member_love_panel_cell_source_content" VALUES (454008, 1002704, 10, 0, 69);
INSERT INTO "m_member_love_panel_cell_source_content" VALUES (455008, 1002705, 10, 0, 69);
INSERT INTO "m_member_love_panel_cell_source_content" VALUES (461008, 1002701, 10, 0, 69);
INSERT INTO "m_member_love_panel_cell_source_content" VALUES (462008, 1002702, 10, 0, 69);
INSERT INTO "m_member_love_panel_cell_source_content" VALUES (463008, 1002703, 10, 0, 69);
INSERT INTO "m_member_love_panel_cell_source_content" VALUES (464008, 1002704, 10, 0, 69);
INSERT INTO "m_member_love_panel_cell_source_content" VALUES (465008, 1002705, 10, 0, 69);
INSERT INTO "m_member_love_panel_cell_source_content" VALUES (471008, 1002701, 10, 0, 69);
INSERT INTO "m_member_love_panel_cell_source_content" VALUES (472008, 1002702, 10, 0, 69);
INSERT INTO "m_member_love_panel_cell_source_content" VALUES (473008, 1002703, 10, 0, 69);
INSERT INTO "m_member_love_panel_cell_source_content" VALUES (474008, 1002704, 10, 0, 69);
INSERT INTO "m_member_love_panel_cell_source_content" VALUES (475008, 1002705, 10, 0, 69);
INSERT INTO "m_member_love_panel_cell_source_content" VALUES (481008, 1002701, 10, 0, 69);
INSERT INTO "m_member_love_panel_cell_source_content" VALUES (482008, 1002702, 10, 0, 69);
INSERT INTO "m_member_love_panel_cell_source_content" VALUES (483008, 1002703, 10, 0, 69);
INSERT INTO "m_member_love_panel_cell_source_content" VALUES (484008, 1002704, 10, 0, 69);
INSERT INTO "m_member_love_panel_cell_source_content" VALUES (485008, 1002705, 10, 0, 69);
INSERT INTO "m_member_love_panel_cell_source_content" VALUES (491008, 1002701, 10, 0, 69);
INSERT INTO "m_member_love_panel_cell_source_content" VALUES (492008, 1002702, 10, 0, 69);
INSERT INTO "m_member_love_panel_cell_source_content" VALUES (493008, 1002703, 10, 0, 69);
INSERT INTO "m_member_love_panel_cell_source_content" VALUES (494008, 1002704, 10, 0, 69);
INSERT INTO "m_member_love_panel_cell_source_content" VALUES (495008, 1002705, 10, 0, 69);
-- add missing reward love panel
-- GPT need: loop create copy, find "001" and replace all [002 - 009, 101 - 109, 201 - 212]
INSERT INTO "m_member_love_panel" VALUES (33009,420,1);
INSERT INTO "m_member_love_panel" VALUES (34009,440,1);
INSERT INTO "m_member_love_panel" VALUES (35009,460,1);
INSERT INTO "m_member_love_panel" VALUES (36009,480,1);
INSERT INTO "m_member_love_panel" VALUES (37009,500,1);
INSERT INTO "m_member_love_panel" VALUES (38009,520,1);
INSERT INTO "m_member_love_panel" VALUES (39009,540,1);
INSERT INTO "m_member_love_panel" VALUES (40009,560,1);
INSERT INTO "m_member_love_panel" VALUES (41009,580,1);
INSERT INTO "m_member_love_panel" VALUES (42009,600,1);
INSERT INTO "m_member_love_panel" VALUES (43009,620,1);
INSERT INTO "m_member_love_panel" VALUES (44009,640,1);
INSERT INTO "m_member_love_panel" VALUES (45009,660,1);
INSERT INTO "m_member_love_panel" VALUES (46009,680,1);
INSERT INTO "m_member_love_panel" VALUES (47009,700,1);
INSERT INTO "m_member_love_panel" VALUES (48009,720,1);
INSERT INTO "m_member_love_panel" VALUES (49009,740,1);
INSERT INTO "m_member_love_panel" VALUES (50009,760,1);
INSERT INTO "m_member_love_panel_bonus" VALUES (33009,3,100);
INSERT INTO "m_member_love_panel_bonus" VALUES (34009,7,100);
INSERT INTO "m_member_love_panel_bonus" VALUES (35009,6,200);
INSERT INTO "m_member_love_panel_bonus" VALUES (36009,4,100);
INSERT INTO "m_member_love_panel_bonus" VALUES (37009,5,2000);
INSERT INTO "m_member_love_panel_bonus" VALUES (38009,12,500);
INSERT INTO "m_member_love_panel_bonus" VALUES (39009,7,100);
INSERT INTO "m_member_love_panel_bonus" VALUES (40009,13,6);
INSERT INTO "m_member_love_panel_bonus" VALUES (40009,14,4);
INSERT INTO "m_member_love_panel_bonus" VALUES (40009,15,2);
INSERT INTO "m_member_love_panel_bonus" VALUES (41009,1,100);
INSERT INTO "m_member_love_panel_bonus" VALUES (42009,2,100);
INSERT INTO "m_member_love_panel_bonus" VALUES (43009,3,100);
INSERT INTO "m_member_love_panel_bonus" VALUES (44009,7,100);
INSERT INTO "m_member_love_panel_bonus" VALUES (45009,6,200);
INSERT INTO "m_member_love_panel_bonus" VALUES (46009,4,100);
INSERT INTO "m_member_love_panel_bonus" VALUES (47009,5,2000);
INSERT INTO "m_member_love_panel_bonus" VALUES (48009,12,500);
INSERT INTO "m_member_love_panel_bonus" VALUES (49009,7,100);
INSERT INTO "m_member_love_panel_bonus" VALUES (50009,13,6);
INSERT INTO "m_member_love_panel_bonus" VALUES (50009,14,4);
INSERT INTO "m_member_love_panel_bonus" VALUES (50009,15,2);
--
INSERT INTO "m_member_love_panel_cell" VALUES (321009, 0, 33009, 1, 10);
INSERT INTO "m_member_love_panel_cell" VALUES (322009, 1, 33009, 3, 10);
INSERT INTO "m_member_love_panel_cell" VALUES (323009, 2, 33009, 2, 10);
INSERT INTO "m_member_love_panel_cell" VALUES (324009, 3, 33009, 7, 20);
INSERT INTO "m_member_love_panel_cell" VALUES (325009, 4, 33009, 12, 250);
INSERT INTO "m_member_love_panel_cell" VALUES (331009, 0, 34009, 1, 10);
INSERT INTO "m_member_love_panel_cell" VALUES (332009, 1, 34009, 3, 10);
INSERT INTO "m_member_love_panel_cell" VALUES (333009, 2, 34009, 2, 10);
INSERT INTO "m_member_love_panel_cell" VALUES (334009, 3, 34009, 10, 50);
INSERT INTO "m_member_love_panel_cell" VALUES (335009, 4, 34009, 14, 4);
INSERT INTO "m_member_love_panel_cell" VALUES (341009, 0, 35009, 1, 10);
INSERT INTO "m_member_love_panel_cell" VALUES (342009, 1, 35009, 3, 10);
INSERT INTO "m_member_love_panel_cell" VALUES (343009, 2, 35009, 2, 10);
INSERT INTO "m_member_love_panel_cell" VALUES (344009, 3, 35009, 5, 500);
INSERT INTO "m_member_love_panel_cell" VALUES (345009, 4, 35009, 7, 20);
INSERT INTO "m_member_love_panel_cell" VALUES (351009, 0, 36009, 1, 10);
INSERT INTO "m_member_love_panel_cell" VALUES (352009, 1, 36009, 3, 10);
INSERT INTO "m_member_love_panel_cell" VALUES (353009, 2, 36009, 2, 10);
INSERT INTO "m_member_love_panel_cell" VALUES (354009, 3, 36009, 6, 50);
INSERT INTO "m_member_love_panel_cell" VALUES (355009, 4, 36009, 11, 50);
INSERT INTO "m_member_love_panel_cell" VALUES (361009, 0, 37009, 1, 10);
INSERT INTO "m_member_love_panel_cell" VALUES (362009, 1, 37009, 3, 10);
INSERT INTO "m_member_love_panel_cell" VALUES (363009, 2, 37009, 2, 10);
INSERT INTO "m_member_love_panel_cell" VALUES (364009, 3, 37009, 4, 50);
INSERT INTO "m_member_love_panel_cell" VALUES (365009, 4, 37009, 15, 2);
INSERT INTO "m_member_love_panel_cell" VALUES (371009, 0, 38009, 1, 10);
INSERT INTO "m_member_love_panel_cell" VALUES (372009, 1, 38009, 3, 10);
INSERT INTO "m_member_love_panel_cell" VALUES (373009, 2, 33009, 2, 10);
INSERT INTO "m_member_love_panel_cell" VALUES (374009, 3, 38009, 6, 50);
INSERT INTO "m_member_love_panel_cell" VALUES (375009, 4, 38009, 9, 50);
INSERT INTO "m_member_love_panel_cell" VALUES (381009, 0, 39009, 1, 10);
INSERT INTO "m_member_love_panel_cell" VALUES (382009, 1, 39009, 3, 10);
INSERT INTO "m_member_love_panel_cell" VALUES (383009, 2, 39009, 2, 10);
INSERT INTO "m_member_love_panel_cell" VALUES (384009, 3, 39009, 8, 50);
INSERT INTO "m_member_love_panel_cell" VALUES (385009, 4, 39009, 4, 50);
INSERT INTO "m_member_love_panel_cell" VALUES (391009, 0, 40009, 1, 10);
INSERT INTO "m_member_love_panel_cell" VALUES (392009, 1, 40009, 3, 10);
INSERT INTO "m_member_love_panel_cell" VALUES (393009, 2, 40009, 2, 10);
INSERT INTO "m_member_love_panel_cell" VALUES (394009, 3, 40009, 7, 20);
INSERT INTO "m_member_love_panel_cell" VALUES (395009, 4, 40009, 5, 500);
--
INSERT INTO "m_member_love_panel_cell" VALUES (401009, 0, 41009, 1, 10);
INSERT INTO "m_member_love_panel_cell" VALUES (402009, 1, 41009, 3, 10);
INSERT INTO "m_member_love_panel_cell" VALUES (403009, 2, 41009, 2, 10);
INSERT INTO "m_member_love_panel_cell" VALUES (404009, 3, 41009, 4, 50);
INSERT INTO "m_member_love_panel_cell" VALUES (405009, 4, 41009, 6, 50);
INSERT INTO "m_member_love_panel_cell" VALUES (411009, 0, 42009, 1, 10);
INSERT INTO "m_member_love_panel_cell" VALUES (412009, 1, 42009, 3, 10);
INSERT INTO "m_member_love_panel_cell" VALUES (413009, 2, 42009, 2, 10);
INSERT INTO "m_member_love_panel_cell" VALUES (414009, 3, 42009, 5, 500);
INSERT INTO "m_member_love_panel_cell" VALUES (415009, 4, 42009, 13, 6);
INSERT INTO "m_member_love_panel_cell" VALUES (421009, 0, 43009, 1, 10);
INSERT INTO "m_member_love_panel_cell" VALUES (422009, 1, 43009, 3, 10);
INSERT INTO "m_member_love_panel_cell" VALUES (423009, 2, 43009, 2, 10);
INSERT INTO "m_member_love_panel_cell" VALUES (424009, 3, 43009, 7, 20);
INSERT INTO "m_member_love_panel_cell" VALUES (425009, 4, 43009, 12, 250);
INSERT INTO "m_member_love_panel_cell" VALUES (431009, 0, 44009, 1, 10);
INSERT INTO "m_member_love_panel_cell" VALUES (432009, 1, 44009, 3, 10);
INSERT INTO "m_member_love_panel_cell" VALUES (433009, 2, 44009, 2, 10);
INSERT INTO "m_member_love_panel_cell" VALUES (434009, 3, 44009, 10, 50);
INSERT INTO "m_member_love_panel_cell" VALUES (435009, 4, 44009, 14, 4);
INSERT INTO "m_member_love_panel_cell" VALUES (441009, 0, 45009, 1, 10);
INSERT INTO "m_member_love_panel_cell" VALUES (442009, 1, 45009, 3, 10);
INSERT INTO "m_member_love_panel_cell" VALUES (443009, 2, 45009, 2, 10);
INSERT INTO "m_member_love_panel_cell" VALUES (444009, 3, 45009, 5, 500);
INSERT INTO "m_member_love_panel_cell" VALUES (445009, 4, 45009, 7, 20);
INSERT INTO "m_member_love_panel_cell" VALUES (451009, 0, 46009, 1, 10);
INSERT INTO "m_member_love_panel_cell" VALUES (452009, 1, 46009, 3, 10);
INSERT INTO "m_member_love_panel_cell" VALUES (453009, 2, 46009, 2, 10);
INSERT INTO "m_member_love_panel_cell" VALUES (454009, 3, 46009, 6, 50);
INSERT INTO "m_member_love_panel_cell" VALUES (455009, 4, 46009, 11, 50);
INSERT INTO "m_member_love_panel_cell" VALUES (461009, 0, 47009, 1, 10);
INSERT INTO "m_member_love_panel_cell" VALUES (462009, 1, 47009, 3, 10);
INSERT INTO "m_member_love_panel_cell" VALUES (463009, 2, 47009, 2, 10);
INSERT INTO "m_member_love_panel_cell" VALUES (464009, 3, 47009, 4, 50);
INSERT INTO "m_member_love_panel_cell" VALUES (465009, 4, 47009, 15, 2);
INSERT INTO "m_member_love_panel_cell" VALUES (471009, 0, 48009, 1, 10);
INSERT INTO "m_member_love_panel_cell" VALUES (472009, 1, 48009, 3, 10);
INSERT INTO "m_member_love_panel_cell" VALUES (473009, 2, 43009, 2, 10);
INSERT INTO "m_member_love_panel_cell" VALUES (474009, 3, 48009, 6, 50);
INSERT INTO "m_member_love_panel_cell" VALUES (475009, 4, 48009, 9, 50);
INSERT INTO "m_member_love_panel_cell" VALUES (481009, 0, 49009, 1, 10);
INSERT INTO "m_member_love_panel_cell" VALUES (482009, 1, 49009, 3, 10);
INSERT INTO "m_member_love_panel_cell" VALUES (483009, 2, 49009, 2, 10);
INSERT INTO "m_member_love_panel_cell" VALUES (484009, 3, 49009, 8, 50);
INSERT INTO "m_member_love_panel_cell" VALUES (485009, 4, 49009, 4, 50);
INSERT INTO "m_member_love_panel_cell" VALUES (491009, 0, 50009, 1, 10);
INSERT INTO "m_member_love_panel_cell" VALUES (492009, 1, 50009, 3, 10);
INSERT INTO "m_member_love_panel_cell" VALUES (493009, 2, 50009, 2, 10);
INSERT INTO "m_member_love_panel_cell" VALUES (494009, 3, 50009, 7, 20);
INSERT INTO "m_member_love_panel_cell" VALUES (495009, 4, 50009, 5, 500);
-- placeholder source content or we don't need this, for what tho?
INSERT INTO "m_member_love_panel_cell_source_content" VALUES (321009, 1002701, 10, 0, 69);
INSERT INTO "m_member_love_panel_cell_source_content" VALUES (322009, 1002702, 10, 0, 69);
INSERT INTO "m_member_love_panel_cell_source_content" VALUES (323009, 1002703, 10, 0, 69);
INSERT INTO "m_member_love_panel_cell_source_content" VALUES (324009, 1002704, 10, 0, 69);
INSERT INTO "m_member_love_panel_cell_source_content" VALUES (325009, 1002705, 10, 0, 69);
INSERT INTO "m_member_love_panel_cell_source_content" VALUES (331009, 1002701, 10, 0, 69);
INSERT INTO "m_member_love_panel_cell_source_content" VALUES (332009, 1002702, 10, 0, 69);
INSERT INTO "m_member_love_panel_cell_source_content" VALUES (333009, 1002703, 10, 0, 69);
INSERT INTO "m_member_love_panel_cell_source_content" VALUES (334009, 1002704, 10, 0, 69);
INSERT INTO "m_member_love_panel_cell_source_content" VALUES (335009, 1002705, 10, 0, 69);
INSERT INTO "m_member_love_panel_cell_source_content" VALUES (341009, 1002701, 10, 0, 69);
INSERT INTO "m_member_love_panel_cell_source_content" VALUES (342009, 1002702, 10, 0, 69);
INSERT INTO "m_member_love_panel_cell_source_content" VALUES (343009, 1002703, 10, 0, 69);
INSERT INTO "m_member_love_panel_cell_source_content" VALUES (344009, 1002704, 10, 0, 69);
INSERT INTO "m_member_love_panel_cell_source_content" VALUES (345009, 1002705, 10, 0, 69);
INSERT INTO "m_member_love_panel_cell_source_content" VALUES (351009, 1002701, 10, 0, 69);
INSERT INTO "m_member_love_panel_cell_source_content" VALUES (352009, 1002702, 10, 0, 69);
INSERT INTO "m_member_love_panel_cell_source_content" VALUES (353009, 1002703, 10, 0, 69);
INSERT INTO "m_member_love_panel_cell_source_content" VALUES (354009, 1002704, 10, 0, 69);
INSERT INTO "m_member_love_panel_cell_source_content" VALUES (355009, 1002705, 10, 0, 69);
INSERT INTO "m_member_love_panel_cell_source_content" VALUES (361009, 1002701, 10, 0, 69);
INSERT INTO "m_member_love_panel_cell_source_content" VALUES (362009, 1002702, 10, 0, 69);
INSERT INTO "m_member_love_panel_cell_source_content" VALUES (363009, 1002703, 10, 0, 69);
INSERT INTO "m_member_love_panel_cell_source_content" VALUES (364009, 1002704, 10, 0, 69);
INSERT INTO "m_member_love_panel_cell_source_content" VALUES (365009, 1002705, 10, 0, 69);
INSERT INTO "m_member_love_panel_cell_source_content" VALUES (371009, 1002701, 10, 0, 69);
INSERT INTO "m_member_love_panel_cell_source_content" VALUES (372009, 1002702, 10, 0, 69);
INSERT INTO "m_member_love_panel_cell_source_content" VALUES (373009, 1002703, 10, 0, 69);
INSERT INTO "m_member_love_panel_cell_source_content" VALUES (374009, 1002704, 10, 0, 69);
INSERT INTO "m_member_love_panel_cell_source_content" VALUES (375009, 1002705, 10, 0, 69);
INSERT INTO "m_member_love_panel_cell_source_content" VALUES (381009, 1002701, 10, 0, 69);
INSERT INTO "m_member_love_panel_cell_source_content" VALUES (382009, 1002702, 10, 0, 69);
INSERT INTO "m_member_love_panel_cell_source_content" VALUES (383009, 1002703, 10, 0, 69);
INSERT INTO "m_member_love_panel_cell_source_content" VALUES (384009, 1002704, 10, 0, 69);
INSERT INTO "m_member_love_panel_cell_source_content" VALUES (385009, 1002705, 10, 0, 69);
INSERT INTO "m_member_love_panel_cell_source_content" VALUES (391009, 1002701, 10, 0, 69);
INSERT INTO "m_member_love_panel_cell_source_content" VALUES (392009, 1002702, 10, 0, 69);
INSERT INTO "m_member_love_panel_cell_source_content" VALUES (393009, 1002703, 10, 0, 69);
INSERT INTO "m_member_love_panel_cell_source_content" VALUES (394009, 1002704, 10, 0, 69);
INSERT INTO "m_member_love_panel_cell_source_content" VALUES (395009, 1002705, 10, 0, 69);
INSERT INTO "m_member_love_panel_cell_source_content" VALUES (401009, 1002701, 10, 0, 69);
INSERT INTO "m_member_love_panel_cell_source_content" VALUES (402009, 1002702, 10, 0, 69);
INSERT INTO "m_member_love_panel_cell_source_content" VALUES (403009, 1002703, 10, 0, 69);
INSERT INTO "m_member_love_panel_cell_source_content" VALUES (404009, 1002704, 10, 0, 69);
INSERT INTO "m_member_love_panel_cell_source_content" VALUES (405009, 1002705, 10, 0, 69);
INSERT INTO "m_member_love_panel_cell_source_content" VALUES (411009, 1002701, 10, 0, 69);
INSERT INTO "m_member_love_panel_cell_source_content" VALUES (412009, 1002702, 10, 0, 69);
INSERT INTO "m_member_love_panel_cell_source_content" VALUES (413009, 1002703, 10, 0, 69);
INSERT INTO "m_member_love_panel_cell_source_content" VALUES (414009, 1002704, 10, 0, 69);
INSERT INTO "m_member_love_panel_cell_source_content" VALUES (415009, 1002705, 10, 0, 69);
INSERT INTO "m_member_love_panel_cell_source_content" VALUES (421009, 1002701, 10, 0, 69);
INSERT INTO "m_member_love_panel_cell_source_content" VALUES (422009, 1002702, 10, 0, 69);
INSERT INTO "m_member_love_panel_cell_source_content" VALUES (423009, 1002703, 10, 0, 69);
INSERT INTO "m_member_love_panel_cell_source_content" VALUES (424009, 1002704, 10, 0, 69);
INSERT INTO "m_member_love_panel_cell_source_content" VALUES (425009, 1002705, 10, 0, 69);
INSERT INTO "m_member_love_panel_cell_source_content" VALUES (431009, 1002701, 10, 0, 69);
INSERT INTO "m_member_love_panel_cell_source_content" VALUES (432009, 1002702, 10, 0, 69);
INSERT INTO "m_member_love_panel_cell_source_content" VALUES (433009, 1002703, 10, 0, 69);
INSERT INTO "m_member_love_panel_cell_source_content" VALUES (434009, 1002704, 10, 0, 69);
INSERT INTO "m_member_love_panel_cell_source_content" VALUES (435009, 1002705, 10, 0, 69);
INSERT INTO "m_member_love_panel_cell_source_content" VALUES (441009, 1002701, 10, 0, 69);
INSERT INTO "m_member_love_panel_cell_source_content" VALUES (442009, 1002702, 10, 0, 69);
INSERT INTO "m_member_love_panel_cell_source_content" VALUES (443009, 1002703, 10, 0, 69);
INSERT INTO "m_member_love_panel_cell_source_content" VALUES (444009, 1002704, 10, 0, 69);
INSERT INTO "m_member_love_panel_cell_source_content" VALUES (445009, 1002705, 10, 0, 69);
INSERT INTO "m_member_love_panel_cell_source_content" VALUES (451009, 1002701, 10, 0, 69);
INSERT INTO "m_member_love_panel_cell_source_content" VALUES (452009, 1002702, 10, 0, 69);
INSERT INTO "m_member_love_panel_cell_source_content" VALUES (453009, 1002703, 10, 0, 69);
INSERT INTO "m_member_love_panel_cell_source_content" VALUES (454009, 1002704, 10, 0, 69);
INSERT INTO "m_member_love_panel_cell_source_content" VALUES (455009, 1002705, 10, 0, 69);
INSERT INTO "m_member_love_panel_cell_source_content" VALUES (461009, 1002701, 10, 0, 69);
INSERT INTO "m_member_love_panel_cell_source_content" VALUES (462009, 1002702, 10, 0, 69);
INSERT INTO "m_member_love_panel_cell_source_content" VALUES (463009, 1002703, 10, 0, 69);
INSERT INTO "m_member_love_panel_cell_source_content" VALUES (464009, 1002704, 10, 0, 69);
INSERT INTO "m_member_love_panel_cell_source_content" VALUES (465009, 1002705, 10, 0, 69);
INSERT INTO "m_member_love_panel_cell_source_content" VALUES (471009, 1002701, 10, 0, 69);
INSERT INTO "m_member_love_panel_cell_source_content" VALUES (472009, 1002702, 10, 0, 69);
INSERT INTO "m_member_love_panel_cell_source_content" VALUES (473009, 1002703, 10, 0, 69);
INSERT INTO "m_member_love_panel_cell_source_content" VALUES (474009, 1002704, 10, 0, 69);
INSERT INTO "m_member_love_panel_cell_source_content" VALUES (475009, 1002705, 10, 0, 69);
INSERT INTO "m_member_love_panel_cell_source_content" VALUES (481009, 1002701, 10, 0, 69);
INSERT INTO "m_member_love_panel_cell_source_content" VALUES (482009, 1002702, 10, 0, 69);
INSERT INTO "m_member_love_panel_cell_source_content" VALUES (483009, 1002703, 10, 0, 69);
INSERT INTO "m_member_love_panel_cell_source_content" VALUES (484009, 1002704, 10, 0, 69);
INSERT INTO "m_member_love_panel_cell_source_content" VALUES (485009, 1002705, 10, 0, 69);
INSERT INTO "m_member_love_panel_cell_source_content" VALUES (491009, 1002701, 10, 0, 69);
INSERT INTO "m_member_love_panel_cell_source_content" VALUES (492009, 1002702, 10, 0, 69);
INSERT INTO "m_member_love_panel_cell_source_content" VALUES (493009, 1002703, 10, 0, 69);
INSERT INTO "m_member_love_panel_cell_source_content" VALUES (494009, 1002704, 10, 0, 69);
INSERT INTO "m_member_love_panel_cell_source_content" VALUES (495009, 1002705, 10, 0, 69);
-- add missing reward love panel
-- GPT need: loop create copy, find "001" and replace all [002 - 009, 101 - 109, 201 - 212]
INSERT INTO "m_member_love_panel" VALUES (33101,420,1);
INSERT INTO "m_member_love_panel" VALUES (34101,440,1);
INSERT INTO "m_member_love_panel" VALUES (35101,460,1);
INSERT INTO "m_member_love_panel" VALUES (36101,480,1);
INSERT INTO "m_member_love_panel" VALUES (37101,500,1);
INSERT INTO "m_member_love_panel" VALUES (38101,520,1);
INSERT INTO "m_member_love_panel" VALUES (39101,540,1);
INSERT INTO "m_member_love_panel" VALUES (40101,560,1);
INSERT INTO "m_member_love_panel" VALUES (41101,580,1);
INSERT INTO "m_member_love_panel" VALUES (42101,600,1);
INSERT INTO "m_member_love_panel" VALUES (43101,620,1);
INSERT INTO "m_member_love_panel" VALUES (44101,640,1);
INSERT INTO "m_member_love_panel" VALUES (45101,660,1);
INSERT INTO "m_member_love_panel" VALUES (46101,680,1);
INSERT INTO "m_member_love_panel" VALUES (47101,700,1);
INSERT INTO "m_member_love_panel" VALUES (48101,720,1);
INSERT INTO "m_member_love_panel" VALUES (49101,740,1);
INSERT INTO "m_member_love_panel" VALUES (50101,760,1);
INSERT INTO "m_member_love_panel_bonus" VALUES (33101,3,100);
INSERT INTO "m_member_love_panel_bonus" VALUES (34101,7,100);
INSERT INTO "m_member_love_panel_bonus" VALUES (35101,6,200);
INSERT INTO "m_member_love_panel_bonus" VALUES (36101,4,100);
INSERT INTO "m_member_love_panel_bonus" VALUES (37101,5,2000);
INSERT INTO "m_member_love_panel_bonus" VALUES (38101,12,500);
INSERT INTO "m_member_love_panel_bonus" VALUES (39101,7,100);
INSERT INTO "m_member_love_panel_bonus" VALUES (40101,13,6);
INSERT INTO "m_member_love_panel_bonus" VALUES (40101,14,4);
INSERT INTO "m_member_love_panel_bonus" VALUES (40101,15,2);
INSERT INTO "m_member_love_panel_bonus" VALUES (41101,1,100);
INSERT INTO "m_member_love_panel_bonus" VALUES (42101,2,100);
INSERT INTO "m_member_love_panel_bonus" VALUES (43101,3,100);
INSERT INTO "m_member_love_panel_bonus" VALUES (44101,7,100);
INSERT INTO "m_member_love_panel_bonus" VALUES (45101,6,200);
INSERT INTO "m_member_love_panel_bonus" VALUES (46101,4,100);
INSERT INTO "m_member_love_panel_bonus" VALUES (47101,5,2000);
INSERT INTO "m_member_love_panel_bonus" VALUES (48101,12,500);
INSERT INTO "m_member_love_panel_bonus" VALUES (49101,7,100);
INSERT INTO "m_member_love_panel_bonus" VALUES (50101,13,6);
INSERT INTO "m_member_love_panel_bonus" VALUES (50101,14,4);
INSERT INTO "m_member_love_panel_bonus" VALUES (50101,15,2);
--
INSERT INTO "m_member_love_panel_cell" VALUES (321101, 0, 33101, 1, 10);
INSERT INTO "m_member_love_panel_cell" VALUES (322101, 1, 33101, 3, 10);
INSERT INTO "m_member_love_panel_cell" VALUES (323101, 2, 33101, 2, 10);
INSERT INTO "m_member_love_panel_cell" VALUES (324101, 3, 33101, 7, 20);
INSERT INTO "m_member_love_panel_cell" VALUES (325101, 4, 33101, 12, 250);
INSERT INTO "m_member_love_panel_cell" VALUES (331101, 0, 34101, 1, 10);
INSERT INTO "m_member_love_panel_cell" VALUES (332101, 1, 34101, 3, 10);
INSERT INTO "m_member_love_panel_cell" VALUES (333101, 2, 34101, 2, 10);
INSERT INTO "m_member_love_panel_cell" VALUES (334101, 3, 34101, 10, 50);
INSERT INTO "m_member_love_panel_cell" VALUES (335101, 4, 34101, 14, 4);
INSERT INTO "m_member_love_panel_cell" VALUES (341101, 0, 35101, 1, 10);
INSERT INTO "m_member_love_panel_cell" VALUES (342101, 1, 35101, 3, 10);
INSERT INTO "m_member_love_panel_cell" VALUES (343101, 2, 35101, 2, 10);
INSERT INTO "m_member_love_panel_cell" VALUES (344101, 3, 35101, 5, 500);
INSERT INTO "m_member_love_panel_cell" VALUES (345101, 4, 35101, 7, 20);
INSERT INTO "m_member_love_panel_cell" VALUES (351101, 0, 36101, 1, 10);
INSERT INTO "m_member_love_panel_cell" VALUES (352101, 1, 36101, 3, 10);
INSERT INTO "m_member_love_panel_cell" VALUES (353101, 2, 36101, 2, 10);
INSERT INTO "m_member_love_panel_cell" VALUES (354101, 3, 36101, 6, 50);
INSERT INTO "m_member_love_panel_cell" VALUES (355101, 4, 36101, 11, 50);
INSERT INTO "m_member_love_panel_cell" VALUES (361101, 0, 37101, 1, 10);
INSERT INTO "m_member_love_panel_cell" VALUES (362101, 1, 37101, 3, 10);
INSERT INTO "m_member_love_panel_cell" VALUES (363101, 2, 37101, 2, 10);
INSERT INTO "m_member_love_panel_cell" VALUES (364101, 3, 37101, 4, 50);
INSERT INTO "m_member_love_panel_cell" VALUES (365101, 4, 37101, 15, 2);
INSERT INTO "m_member_love_panel_cell" VALUES (371101, 0, 38101, 1, 10);
INSERT INTO "m_member_love_panel_cell" VALUES (372101, 1, 38101, 3, 10);
INSERT INTO "m_member_love_panel_cell" VALUES (373101, 2, 33101, 2, 10);
INSERT INTO "m_member_love_panel_cell" VALUES (374101, 3, 38101, 6, 50);
INSERT INTO "m_member_love_panel_cell" VALUES (375101, 4, 38101, 9, 50);
INSERT INTO "m_member_love_panel_cell" VALUES (381101, 0, 39101, 1, 10);
INSERT INTO "m_member_love_panel_cell" VALUES (382101, 1, 39101, 3, 10);
INSERT INTO "m_member_love_panel_cell" VALUES (383101, 2, 39101, 2, 10);
INSERT INTO "m_member_love_panel_cell" VALUES (384101, 3, 39101, 8, 50);
INSERT INTO "m_member_love_panel_cell" VALUES (385101, 4, 39101, 4, 50);
INSERT INTO "m_member_love_panel_cell" VALUES (391101, 0, 40101, 1, 10);
INSERT INTO "m_member_love_panel_cell" VALUES (392101, 1, 40101, 3, 10);
INSERT INTO "m_member_love_panel_cell" VALUES (393101, 2, 40101, 2, 10);
INSERT INTO "m_member_love_panel_cell" VALUES (394101, 3, 40101, 7, 20);
INSERT INTO "m_member_love_panel_cell" VALUES (395101, 4, 40101, 5, 500);
--
INSERT INTO "m_member_love_panel_cell" VALUES (401101, 0, 41101, 1, 10);
INSERT INTO "m_member_love_panel_cell" VALUES (402101, 1, 41101, 3, 10);
INSERT INTO "m_member_love_panel_cell" VALUES (403101, 2, 41101, 2, 10);
INSERT INTO "m_member_love_panel_cell" VALUES (404101, 3, 41101, 4, 50);
INSERT INTO "m_member_love_panel_cell" VALUES (405101, 4, 41101, 6, 50);
INSERT INTO "m_member_love_panel_cell" VALUES (411101, 0, 42101, 1, 10);
INSERT INTO "m_member_love_panel_cell" VALUES (412101, 1, 42101, 3, 10);
INSERT INTO "m_member_love_panel_cell" VALUES (413101, 2, 42101, 2, 10);
INSERT INTO "m_member_love_panel_cell" VALUES (414101, 3, 42101, 5, 500);
INSERT INTO "m_member_love_panel_cell" VALUES (415101, 4, 42101, 13, 6);
INSERT INTO "m_member_love_panel_cell" VALUES (421101, 0, 43101, 1, 10);
INSERT INTO "m_member_love_panel_cell" VALUES (422101, 1, 43101, 3, 10);
INSERT INTO "m_member_love_panel_cell" VALUES (423101, 2, 43101, 2, 10);
INSERT INTO "m_member_love_panel_cell" VALUES (424101, 3, 43101, 7, 20);
INSERT INTO "m_member_love_panel_cell" VALUES (425101, 4, 43101, 12, 250);
INSERT INTO "m_member_love_panel_cell" VALUES (431101, 0, 44101, 1, 10);
INSERT INTO "m_member_love_panel_cell" VALUES (432101, 1, 44101, 3, 10);
INSERT INTO "m_member_love_panel_cell" VALUES (433101, 2, 44101, 2, 10);
INSERT INTO "m_member_love_panel_cell" VALUES (434101, 3, 44101, 10, 50);
INSERT INTO "m_member_love_panel_cell" VALUES (435101, 4, 44101, 14, 4);
INSERT INTO "m_member_love_panel_cell" VALUES (441101, 0, 45101, 1, 10);
INSERT INTO "m_member_love_panel_cell" VALUES (442101, 1, 45101, 3, 10);
INSERT INTO "m_member_love_panel_cell" VALUES (443101, 2, 45101, 2, 10);
INSERT INTO "m_member_love_panel_cell" VALUES (444101, 3, 45101, 5, 500);
INSERT INTO "m_member_love_panel_cell" VALUES (445101, 4, 45101, 7, 20);
INSERT INTO "m_member_love_panel_cell" VALUES (451101, 0, 46101, 1, 10);
INSERT INTO "m_member_love_panel_cell" VALUES (452101, 1, 46101, 3, 10);
INSERT INTO "m_member_love_panel_cell" VALUES (453101, 2, 46101, 2, 10);
INSERT INTO "m_member_love_panel_cell" VALUES (454101, 3, 46101, 6, 50);
INSERT INTO "m_member_love_panel_cell" VALUES (455101, 4, 46101, 11, 50);
INSERT INTO "m_member_love_panel_cell" VALUES (461101, 0, 47101, 1, 10);
INSERT INTO "m_member_love_panel_cell" VALUES (462101, 1, 47101, 3, 10);
INSERT INTO "m_member_love_panel_cell" VALUES (463101, 2, 47101, 2, 10);
INSERT INTO "m_member_love_panel_cell" VALUES (464101, 3, 47101, 4, 50);
INSERT INTO "m_member_love_panel_cell" VALUES (465101, 4, 47101, 15, 2);
INSERT INTO "m_member_love_panel_cell" VALUES (471101, 0, 48101, 1, 10);
INSERT INTO "m_member_love_panel_cell" VALUES (472101, 1, 48101, 3, 10);
INSERT INTO "m_member_love_panel_cell" VALUES (473101, 2, 43101, 2, 10);
INSERT INTO "m_member_love_panel_cell" VALUES (474101, 3, 48101, 6, 50);
INSERT INTO "m_member_love_panel_cell" VALUES (475101, 4, 48101, 9, 50);
INSERT INTO "m_member_love_panel_cell" VALUES (481101, 0, 49101, 1, 10);
INSERT INTO "m_member_love_panel_cell" VALUES (482101, 1, 49101, 3, 10);
INSERT INTO "m_member_love_panel_cell" VALUES (483101, 2, 49101, 2, 10);
INSERT INTO "m_member_love_panel_cell" VALUES (484101, 3, 49101, 8, 50);
INSERT INTO "m_member_love_panel_cell" VALUES (485101, 4, 49101, 4, 50);
INSERT INTO "m_member_love_panel_cell" VALUES (491101, 0, 50101, 1, 10);
INSERT INTO "m_member_love_panel_cell" VALUES (492101, 1, 50101, 3, 10);
INSERT INTO "m_member_love_panel_cell" VALUES (493101, 2, 50101, 2, 10);
INSERT INTO "m_member_love_panel_cell" VALUES (494101, 3, 50101, 7, 20);
INSERT INTO "m_member_love_panel_cell" VALUES (495101, 4, 50101, 5, 500);
-- placeholder source content or we don't need this, for what tho?
INSERT INTO "m_member_love_panel_cell_source_content" VALUES (321101, 1002701, 10, 0, 69);
INSERT INTO "m_member_love_panel_cell_source_content" VALUES (322101, 1002702, 10, 0, 69);
INSERT INTO "m_member_love_panel_cell_source_content" VALUES (323101, 1002703, 10, 0, 69);
INSERT INTO "m_member_love_panel_cell_source_content" VALUES (324101, 1002704, 10, 0, 69);
INSERT INTO "m_member_love_panel_cell_source_content" VALUES (325101, 1002705, 10, 0, 69);
INSERT INTO "m_member_love_panel_cell_source_content" VALUES (331101, 1002701, 10, 0, 69);
INSERT INTO "m_member_love_panel_cell_source_content" VALUES (332101, 1002702, 10, 0, 69);
INSERT INTO "m_member_love_panel_cell_source_content" VALUES (333101, 1002703, 10, 0, 69);
INSERT INTO "m_member_love_panel_cell_source_content" VALUES (334101, 1002704, 10, 0, 69);
INSERT INTO "m_member_love_panel_cell_source_content" VALUES (335101, 1002705, 10, 0, 69);
INSERT INTO "m_member_love_panel_cell_source_content" VALUES (341101, 1002701, 10, 0, 69);
INSERT INTO "m_member_love_panel_cell_source_content" VALUES (342101, 1002702, 10, 0, 69);
INSERT INTO "m_member_love_panel_cell_source_content" VALUES (343101, 1002703, 10, 0, 69);
INSERT INTO "m_member_love_panel_cell_source_content" VALUES (344101, 1002704, 10, 0, 69);
INSERT INTO "m_member_love_panel_cell_source_content" VALUES (345101, 1002705, 10, 0, 69);
INSERT INTO "m_member_love_panel_cell_source_content" VALUES (351101, 1002701, 10, 0, 69);
INSERT INTO "m_member_love_panel_cell_source_content" VALUES (352101, 1002702, 10, 0, 69);
INSERT INTO "m_member_love_panel_cell_source_content" VALUES (353101, 1002703, 10, 0, 69);
INSERT INTO "m_member_love_panel_cell_source_content" VALUES (354101, 1002704, 10, 0, 69);
INSERT INTO "m_member_love_panel_cell_source_content" VALUES (355101, 1002705, 10, 0, 69);
INSERT INTO "m_member_love_panel_cell_source_content" VALUES (361101, 1002701, 10, 0, 69);
INSERT INTO "m_member_love_panel_cell_source_content" VALUES (362101, 1002702, 10, 0, 69);
INSERT INTO "m_member_love_panel_cell_source_content" VALUES (363101, 1002703, 10, 0, 69);
INSERT INTO "m_member_love_panel_cell_source_content" VALUES (364101, 1002704, 10, 0, 69);
INSERT INTO "m_member_love_panel_cell_source_content" VALUES (365101, 1002705, 10, 0, 69);
INSERT INTO "m_member_love_panel_cell_source_content" VALUES (371101, 1002701, 10, 0, 69);
INSERT INTO "m_member_love_panel_cell_source_content" VALUES (372101, 1002702, 10, 0, 69);
INSERT INTO "m_member_love_panel_cell_source_content" VALUES (373101, 1002703, 10, 0, 69);
INSERT INTO "m_member_love_panel_cell_source_content" VALUES (374101, 1002704, 10, 0, 69);
INSERT INTO "m_member_love_panel_cell_source_content" VALUES (375101, 1002705, 10, 0, 69);
INSERT INTO "m_member_love_panel_cell_source_content" VALUES (381101, 1002701, 10, 0, 69);
INSERT INTO "m_member_love_panel_cell_source_content" VALUES (382101, 1002702, 10, 0, 69);
INSERT INTO "m_member_love_panel_cell_source_content" VALUES (383101, 1002703, 10, 0, 69);
INSERT INTO "m_member_love_panel_cell_source_content" VALUES (384101, 1002704, 10, 0, 69);
INSERT INTO "m_member_love_panel_cell_source_content" VALUES (385101, 1002705, 10, 0, 69);
INSERT INTO "m_member_love_panel_cell_source_content" VALUES (391101, 1002701, 10, 0, 69);
INSERT INTO "m_member_love_panel_cell_source_content" VALUES (392101, 1002702, 10, 0, 69);
INSERT INTO "m_member_love_panel_cell_source_content" VALUES (393101, 1002703, 10, 0, 69);
INSERT INTO "m_member_love_panel_cell_source_content" VALUES (394101, 1002704, 10, 0, 69);
INSERT INTO "m_member_love_panel_cell_source_content" VALUES (395101, 1002705, 10, 0, 69);
INSERT INTO "m_member_love_panel_cell_source_content" VALUES (401101, 1002701, 10, 0, 69);
INSERT INTO "m_member_love_panel_cell_source_content" VALUES (402101, 1002702, 10, 0, 69);
INSERT INTO "m_member_love_panel_cell_source_content" VALUES (403101, 1002703, 10, 0, 69);
INSERT INTO "m_member_love_panel_cell_source_content" VALUES (404101, 1002704, 10, 0, 69);
INSERT INTO "m_member_love_panel_cell_source_content" VALUES (405101, 1002705, 10, 0, 69);
INSERT INTO "m_member_love_panel_cell_source_content" VALUES (411101, 1002701, 10, 0, 69);
INSERT INTO "m_member_love_panel_cell_source_content" VALUES (412101, 1002702, 10, 0, 69);
INSERT INTO "m_member_love_panel_cell_source_content" VALUES (413101, 1002703, 10, 0, 69);
INSERT INTO "m_member_love_panel_cell_source_content" VALUES (414101, 1002704, 10, 0, 69);
INSERT INTO "m_member_love_panel_cell_source_content" VALUES (415101, 1002705, 10, 0, 69);
INSERT INTO "m_member_love_panel_cell_source_content" VALUES (421101, 1002701, 10, 0, 69);
INSERT INTO "m_member_love_panel_cell_source_content" VALUES (422101, 1002702, 10, 0, 69);
INSERT INTO "m_member_love_panel_cell_source_content" VALUES (423101, 1002703, 10, 0, 69);
INSERT INTO "m_member_love_panel_cell_source_content" VALUES (424101, 1002704, 10, 0, 69);
INSERT INTO "m_member_love_panel_cell_source_content" VALUES (425101, 1002705, 10, 0, 69);
INSERT INTO "m_member_love_panel_cell_source_content" VALUES (431101, 1002701, 10, 0, 69);
INSERT INTO "m_member_love_panel_cell_source_content" VALUES (432101, 1002702, 10, 0, 69);
INSERT INTO "m_member_love_panel_cell_source_content" VALUES (433101, 1002703, 10, 0, 69);
INSERT INTO "m_member_love_panel_cell_source_content" VALUES (434101, 1002704, 10, 0, 69);
INSERT INTO "m_member_love_panel_cell_source_content" VALUES (435101, 1002705, 10, 0, 69);
INSERT INTO "m_member_love_panel_cell_source_content" VALUES (441101, 1002701, 10, 0, 69);
INSERT INTO "m_member_love_panel_cell_source_content" VALUES (442101, 1002702, 10, 0, 69);
INSERT INTO "m_member_love_panel_cell_source_content" VALUES (443101, 1002703, 10, 0, 69);
INSERT INTO "m_member_love_panel_cell_source_content" VALUES (444101, 1002704, 10, 0, 69);
INSERT INTO "m_member_love_panel_cell_source_content" VALUES (445101, 1002705, 10, 0, 69);
INSERT INTO "m_member_love_panel_cell_source_content" VALUES (451101, 1002701, 10, 0, 69);
INSERT INTO "m_member_love_panel_cell_source_content" VALUES (452101, 1002702, 10, 0, 69);
INSERT INTO "m_member_love_panel_cell_source_content" VALUES (453101, 1002703, 10, 0, 69);
INSERT INTO "m_member_love_panel_cell_source_content" VALUES (454101, 1002704, 10, 0, 69);
INSERT INTO "m_member_love_panel_cell_source_content" VALUES (455101, 1002705, 10, 0, 69);
INSERT INTO "m_member_love_panel_cell_source_content" VALUES (461101, 1002701, 10, 0, 69);
INSERT INTO "m_member_love_panel_cell_source_content" VALUES (462101, 1002702, 10, 0, 69);
INSERT INTO "m_member_love_panel_cell_source_content" VALUES (463101, 1002703, 10, 0, 69);
INSERT INTO "m_member_love_panel_cell_source_content" VALUES (464101, 1002704, 10, 0, 69);
INSERT INTO "m_member_love_panel_cell_source_content" VALUES (465101, 1002705, 10, 0, 69);
INSERT INTO "m_member_love_panel_cell_source_content" VALUES (471101, 1002701, 10, 0, 69);
INSERT INTO "m_member_love_panel_cell_source_content" VALUES (472101, 1002702, 10, 0, 69);
INSERT INTO "m_member_love_panel_cell_source_content" VALUES (473101, 1002703, 10, 0, 69);
INSERT INTO "m_member_love_panel_cell_source_content" VALUES (474101, 1002704, 10, 0, 69);
INSERT INTO "m_member_love_panel_cell_source_content" VALUES (475101, 1002705, 10, 0, 69);
INSERT INTO "m_member_love_panel_cell_source_content" VALUES (481101, 1002701, 10, 0, 69);
INSERT INTO "m_member_love_panel_cell_source_content" VALUES (482101, 1002702, 10, 0, 69);
INSERT INTO "m_member_love_panel_cell_source_content" VALUES (483101, 1002703, 10, 0, 69);
INSERT INTO "m_member_love_panel_cell_source_content" VALUES (484101, 1002704, 10, 0, 69);
INSERT INTO "m_member_love_panel_cell_source_content" VALUES (485101, 1002705, 10, 0, 69);
INSERT INTO "m_member_love_panel_cell_source_content" VALUES (491101, 1002701, 10, 0, 69);
INSERT INTO "m_member_love_panel_cell_source_content" VALUES (492101, 1002702, 10, 0, 69);
INSERT INTO "m_member_love_panel_cell_source_content" VALUES (493101, 1002703, 10, 0, 69);
INSERT INTO "m_member_love_panel_cell_source_content" VALUES (494101, 1002704, 10, 0, 69);
INSERT INTO "m_member_love_panel_cell_source_content" VALUES (495101, 1002705, 10, 0, 69);
-- add missing reward love panel
-- GPT need: loop create copy, find "001" and replace all [002 - 009, 101 - 109, 201 - 212]
INSERT INTO "m_member_love_panel" VALUES (33102,420,1);
INSERT INTO "m_member_love_panel" VALUES (34102,440,1);
INSERT INTO "m_member_love_panel" VALUES (35102,460,1);
INSERT INTO "m_member_love_panel" VALUES (36102,480,1);
INSERT INTO "m_member_love_panel" VALUES (37102,500,1);
INSERT INTO "m_member_love_panel" VALUES (38102,520,1);
INSERT INTO "m_member_love_panel" VALUES (39102,540,1);
INSERT INTO "m_member_love_panel" VALUES (40102,560,1);
INSERT INTO "m_member_love_panel" VALUES (41102,580,1);
INSERT INTO "m_member_love_panel" VALUES (42102,600,1);
INSERT INTO "m_member_love_panel" VALUES (43102,620,1);
INSERT INTO "m_member_love_panel" VALUES (44102,640,1);
INSERT INTO "m_member_love_panel" VALUES (45102,660,1);
INSERT INTO "m_member_love_panel" VALUES (46102,680,1);
INSERT INTO "m_member_love_panel" VALUES (47102,700,1);
INSERT INTO "m_member_love_panel" VALUES (48102,720,1);
INSERT INTO "m_member_love_panel" VALUES (49102,740,1);
INSERT INTO "m_member_love_panel" VALUES (50102,760,1);
INSERT INTO "m_member_love_panel_bonus" VALUES (33102,3,100);
INSERT INTO "m_member_love_panel_bonus" VALUES (34102,7,100);
INSERT INTO "m_member_love_panel_bonus" VALUES (35102,6,200);
INSERT INTO "m_member_love_panel_bonus" VALUES (36102,4,100);
INSERT INTO "m_member_love_panel_bonus" VALUES (37102,5,2000);
INSERT INTO "m_member_love_panel_bonus" VALUES (38102,12,500);
INSERT INTO "m_member_love_panel_bonus" VALUES (39102,7,100);
INSERT INTO "m_member_love_panel_bonus" VALUES (40102,13,6);
INSERT INTO "m_member_love_panel_bonus" VALUES (40102,14,4);
INSERT INTO "m_member_love_panel_bonus" VALUES (40102,15,2);
INSERT INTO "m_member_love_panel_bonus" VALUES (41102,1,100);
INSERT INTO "m_member_love_panel_bonus" VALUES (42102,2,100);
INSERT INTO "m_member_love_panel_bonus" VALUES (43102,3,100);
INSERT INTO "m_member_love_panel_bonus" VALUES (44102,7,100);
INSERT INTO "m_member_love_panel_bonus" VALUES (45102,6,200);
INSERT INTO "m_member_love_panel_bonus" VALUES (46102,4,100);
INSERT INTO "m_member_love_panel_bonus" VALUES (47102,5,2000);
INSERT INTO "m_member_love_panel_bonus" VALUES (48102,12,500);
INSERT INTO "m_member_love_panel_bonus" VALUES (49102,7,100);
INSERT INTO "m_member_love_panel_bonus" VALUES (50102,13,6);
INSERT INTO "m_member_love_panel_bonus" VALUES (50102,14,4);
INSERT INTO "m_member_love_panel_bonus" VALUES (50102,15,2);
--
INSERT INTO "m_member_love_panel_cell" VALUES (321102, 0, 33102, 1, 10);
INSERT INTO "m_member_love_panel_cell" VALUES (322102, 1, 33102, 3, 10);
INSERT INTO "m_member_love_panel_cell" VALUES (323102, 2, 33102, 2, 10);
INSERT INTO "m_member_love_panel_cell" VALUES (324102, 3, 33102, 7, 20);
INSERT INTO "m_member_love_panel_cell" VALUES (325102, 4, 33102, 12, 250);
INSERT INTO "m_member_love_panel_cell" VALUES (331102, 0, 34102, 1, 10);
INSERT INTO "m_member_love_panel_cell" VALUES (332102, 1, 34102, 3, 10);
INSERT INTO "m_member_love_panel_cell" VALUES (333102, 2, 34102, 2, 10);
INSERT INTO "m_member_love_panel_cell" VALUES (334102, 3, 34102, 10, 50);
INSERT INTO "m_member_love_panel_cell" VALUES (335102, 4, 34102, 14, 4);
INSERT INTO "m_member_love_panel_cell" VALUES (341102, 0, 35102, 1, 10);
INSERT INTO "m_member_love_panel_cell" VALUES (342102, 1, 35102, 3, 10);
INSERT INTO "m_member_love_panel_cell" VALUES (343102, 2, 35102, 2, 10);
INSERT INTO "m_member_love_panel_cell" VALUES (344102, 3, 35102, 5, 500);
INSERT INTO "m_member_love_panel_cell" VALUES (345102, 4, 35102, 7, 20);
INSERT INTO "m_member_love_panel_cell" VALUES (351102, 0, 36102, 1, 10);
INSERT INTO "m_member_love_panel_cell" VALUES (352102, 1, 36102, 3, 10);
INSERT INTO "m_member_love_panel_cell" VALUES (353102, 2, 36102, 2, 10);
INSERT INTO "m_member_love_panel_cell" VALUES (354102, 3, 36102, 6, 50);
INSERT INTO "m_member_love_panel_cell" VALUES (355102, 4, 36102, 11, 50);
INSERT INTO "m_member_love_panel_cell" VALUES (361102, 0, 37102, 1, 10);
INSERT INTO "m_member_love_panel_cell" VALUES (362102, 1, 37102, 3, 10);
INSERT INTO "m_member_love_panel_cell" VALUES (363102, 2, 37102, 2, 10);
INSERT INTO "m_member_love_panel_cell" VALUES (364102, 3, 37102, 4, 50);
INSERT INTO "m_member_love_panel_cell" VALUES (365102, 4, 37102, 15, 2);
INSERT INTO "m_member_love_panel_cell" VALUES (371102, 0, 38102, 1, 10);
INSERT INTO "m_member_love_panel_cell" VALUES (372102, 1, 38102, 3, 10);
INSERT INTO "m_member_love_panel_cell" VALUES (373102, 2, 33102, 2, 10);
INSERT INTO "m_member_love_panel_cell" VALUES (374102, 3, 38102, 6, 50);
INSERT INTO "m_member_love_panel_cell" VALUES (375102, 4, 38102, 9, 50);
INSERT INTO "m_member_love_panel_cell" VALUES (381102, 0, 39102, 1, 10);
INSERT INTO "m_member_love_panel_cell" VALUES (382102, 1, 39102, 3, 10);
INSERT INTO "m_member_love_panel_cell" VALUES (383102, 2, 39102, 2, 10);
INSERT INTO "m_member_love_panel_cell" VALUES (384102, 3, 39102, 8, 50);
INSERT INTO "m_member_love_panel_cell" VALUES (385102, 4, 39102, 4, 50);
INSERT INTO "m_member_love_panel_cell" VALUES (391102, 0, 40102, 1, 10);
INSERT INTO "m_member_love_panel_cell" VALUES (392102, 1, 40102, 3, 10);
INSERT INTO "m_member_love_panel_cell" VALUES (393102, 2, 40102, 2, 10);
INSERT INTO "m_member_love_panel_cell" VALUES (394102, 3, 40102, 7, 20);
INSERT INTO "m_member_love_panel_cell" VALUES (395102, 4, 40102, 5, 500);
--
INSERT INTO "m_member_love_panel_cell" VALUES (401102, 0, 41102, 1, 10);
INSERT INTO "m_member_love_panel_cell" VALUES (402102, 1, 41102, 3, 10);
INSERT INTO "m_member_love_panel_cell" VALUES (403102, 2, 41102, 2, 10);
INSERT INTO "m_member_love_panel_cell" VALUES (404102, 3, 41102, 4, 50);
INSERT INTO "m_member_love_panel_cell" VALUES (405102, 4, 41102, 6, 50);
INSERT INTO "m_member_love_panel_cell" VALUES (411102, 0, 42102, 1, 10);
INSERT INTO "m_member_love_panel_cell" VALUES (412102, 1, 42102, 3, 10);
INSERT INTO "m_member_love_panel_cell" VALUES (413102, 2, 42102, 2, 10);
INSERT INTO "m_member_love_panel_cell" VALUES (414102, 3, 42102, 5, 500);
INSERT INTO "m_member_love_panel_cell" VALUES (415102, 4, 42102, 13, 6);
INSERT INTO "m_member_love_panel_cell" VALUES (421102, 0, 43102, 1, 10);
INSERT INTO "m_member_love_panel_cell" VALUES (422102, 1, 43102, 3, 10);
INSERT INTO "m_member_love_panel_cell" VALUES (423102, 2, 43102, 2, 10);
INSERT INTO "m_member_love_panel_cell" VALUES (424102, 3, 43102, 7, 20);
INSERT INTO "m_member_love_panel_cell" VALUES (425102, 4, 43102, 12, 250);
INSERT INTO "m_member_love_panel_cell" VALUES (431102, 0, 44102, 1, 10);
INSERT INTO "m_member_love_panel_cell" VALUES (432102, 1, 44102, 3, 10);
INSERT INTO "m_member_love_panel_cell" VALUES (433102, 2, 44102, 2, 10);
INSERT INTO "m_member_love_panel_cell" VALUES (434102, 3, 44102, 10, 50);
INSERT INTO "m_member_love_panel_cell" VALUES (435102, 4, 44102, 14, 4);
INSERT INTO "m_member_love_panel_cell" VALUES (441102, 0, 45102, 1, 10);
INSERT INTO "m_member_love_panel_cell" VALUES (442102, 1, 45102, 3, 10);
INSERT INTO "m_member_love_panel_cell" VALUES (443102, 2, 45102, 2, 10);
INSERT INTO "m_member_love_panel_cell" VALUES (444102, 3, 45102, 5, 500);
INSERT INTO "m_member_love_panel_cell" VALUES (445102, 4, 45102, 7, 20);
INSERT INTO "m_member_love_panel_cell" VALUES (451102, 0, 46102, 1, 10);
INSERT INTO "m_member_love_panel_cell" VALUES (452102, 1, 46102, 3, 10);
INSERT INTO "m_member_love_panel_cell" VALUES (453102, 2, 46102, 2, 10);
INSERT INTO "m_member_love_panel_cell" VALUES (454102, 3, 46102, 6, 50);
INSERT INTO "m_member_love_panel_cell" VALUES (455102, 4, 46102, 11, 50);
INSERT INTO "m_member_love_panel_cell" VALUES (461102, 0, 47102, 1, 10);
INSERT INTO "m_member_love_panel_cell" VALUES (462102, 1, 47102, 3, 10);
INSERT INTO "m_member_love_panel_cell" VALUES (463102, 2, 47102, 2, 10);
INSERT INTO "m_member_love_panel_cell" VALUES (464102, 3, 47102, 4, 50);
INSERT INTO "m_member_love_panel_cell" VALUES (465102, 4, 47102, 15, 2);
INSERT INTO "m_member_love_panel_cell" VALUES (471102, 0, 48102, 1, 10);
INSERT INTO "m_member_love_panel_cell" VALUES (472102, 1, 48102, 3, 10);
INSERT INTO "m_member_love_panel_cell" VALUES (473102, 2, 43102, 2, 10);
INSERT INTO "m_member_love_panel_cell" VALUES (474102, 3, 48102, 6, 50);
INSERT INTO "m_member_love_panel_cell" VALUES (475102, 4, 48102, 9, 50);
INSERT INTO "m_member_love_panel_cell" VALUES (481102, 0, 49102, 1, 10);
INSERT INTO "m_member_love_panel_cell" VALUES (482102, 1, 49102, 3, 10);
INSERT INTO "m_member_love_panel_cell" VALUES (483102, 2, 49102, 2, 10);
INSERT INTO "m_member_love_panel_cell" VALUES (484102, 3, 49102, 8, 50);
INSERT INTO "m_member_love_panel_cell" VALUES (485102, 4, 49102, 4, 50);
INSERT INTO "m_member_love_panel_cell" VALUES (491102, 0, 50102, 1, 10);
INSERT INTO "m_member_love_panel_cell" VALUES (492102, 1, 50102, 3, 10);
INSERT INTO "m_member_love_panel_cell" VALUES (493102, 2, 50102, 2, 10);
INSERT INTO "m_member_love_panel_cell" VALUES (494102, 3, 50102, 7, 20);
INSERT INTO "m_member_love_panel_cell" VALUES (495102, 4, 50102, 5, 500);
-- placeholder source content or we don't need this, for what tho?
INSERT INTO "m_member_love_panel_cell_source_content" VALUES (321102, 1002701, 10, 0, 69);
INSERT INTO "m_member_love_panel_cell_source_content" VALUES (322102, 1002702, 10, 0, 69);
INSERT INTO "m_member_love_panel_cell_source_content" VALUES (323102, 1002703, 10, 0, 69);
INSERT INTO "m_member_love_panel_cell_source_content" VALUES (324102, 1002704, 10, 0, 69);
INSERT INTO "m_member_love_panel_cell_source_content" VALUES (325102, 1002705, 10, 0, 69);
INSERT INTO "m_member_love_panel_cell_source_content" VALUES (331102, 1002701, 10, 0, 69);
INSERT INTO "m_member_love_panel_cell_source_content" VALUES (332102, 1002702, 10, 0, 69);
INSERT INTO "m_member_love_panel_cell_source_content" VALUES (333102, 1002703, 10, 0, 69);
INSERT INTO "m_member_love_panel_cell_source_content" VALUES (334102, 1002704, 10, 0, 69);
INSERT INTO "m_member_love_panel_cell_source_content" VALUES (335102, 1002705, 10, 0, 69);
INSERT INTO "m_member_love_panel_cell_source_content" VALUES (341102, 1002701, 10, 0, 69);
INSERT INTO "m_member_love_panel_cell_source_content" VALUES (342102, 1002702, 10, 0, 69);
INSERT INTO "m_member_love_panel_cell_source_content" VALUES (343102, 1002703, 10, 0, 69);
INSERT INTO "m_member_love_panel_cell_source_content" VALUES (344102, 1002704, 10, 0, 69);
INSERT INTO "m_member_love_panel_cell_source_content" VALUES (345102, 1002705, 10, 0, 69);
INSERT INTO "m_member_love_panel_cell_source_content" VALUES (351102, 1002701, 10, 0, 69);
INSERT INTO "m_member_love_panel_cell_source_content" VALUES (352102, 1002702, 10, 0, 69);
INSERT INTO "m_member_love_panel_cell_source_content" VALUES (353102, 1002703, 10, 0, 69);
INSERT INTO "m_member_love_panel_cell_source_content" VALUES (354102, 1002704, 10, 0, 69);
INSERT INTO "m_member_love_panel_cell_source_content" VALUES (355102, 1002705, 10, 0, 69);
INSERT INTO "m_member_love_panel_cell_source_content" VALUES (361102, 1002701, 10, 0, 69);
INSERT INTO "m_member_love_panel_cell_source_content" VALUES (362102, 1002702, 10, 0, 69);
INSERT INTO "m_member_love_panel_cell_source_content" VALUES (363102, 1002703, 10, 0, 69);
INSERT INTO "m_member_love_panel_cell_source_content" VALUES (364102, 1002704, 10, 0, 69);
INSERT INTO "m_member_love_panel_cell_source_content" VALUES (365102, 1002705, 10, 0, 69);
INSERT INTO "m_member_love_panel_cell_source_content" VALUES (371102, 1002701, 10, 0, 69);
INSERT INTO "m_member_love_panel_cell_source_content" VALUES (372102, 1002702, 10, 0, 69);
INSERT INTO "m_member_love_panel_cell_source_content" VALUES (373102, 1002703, 10, 0, 69);
INSERT INTO "m_member_love_panel_cell_source_content" VALUES (374102, 1002704, 10, 0, 69);
INSERT INTO "m_member_love_panel_cell_source_content" VALUES (375102, 1002705, 10, 0, 69);
INSERT INTO "m_member_love_panel_cell_source_content" VALUES (381102, 1002701, 10, 0, 69);
INSERT INTO "m_member_love_panel_cell_source_content" VALUES (382102, 1002702, 10, 0, 69);
INSERT INTO "m_member_love_panel_cell_source_content" VALUES (383102, 1002703, 10, 0, 69);
INSERT INTO "m_member_love_panel_cell_source_content" VALUES (384102, 1002704, 10, 0, 69);
INSERT INTO "m_member_love_panel_cell_source_content" VALUES (385102, 1002705, 10, 0, 69);
INSERT INTO "m_member_love_panel_cell_source_content" VALUES (391102, 1002701, 10, 0, 69);
INSERT INTO "m_member_love_panel_cell_source_content" VALUES (392102, 1002702, 10, 0, 69);
INSERT INTO "m_member_love_panel_cell_source_content" VALUES (393102, 1002703, 10, 0, 69);
INSERT INTO "m_member_love_panel_cell_source_content" VALUES (394102, 1002704, 10, 0, 69);
INSERT INTO "m_member_love_panel_cell_source_content" VALUES (395102, 1002705, 10, 0, 69);
INSERT INTO "m_member_love_panel_cell_source_content" VALUES (401102, 1002701, 10, 0, 69);
INSERT INTO "m_member_love_panel_cell_source_content" VALUES (402102, 1002702, 10, 0, 69);
INSERT INTO "m_member_love_panel_cell_source_content" VALUES (403102, 1002703, 10, 0, 69);
INSERT INTO "m_member_love_panel_cell_source_content" VALUES (404102, 1002704, 10, 0, 69);
INSERT INTO "m_member_love_panel_cell_source_content" VALUES (405102, 1002705, 10, 0, 69);
INSERT INTO "m_member_love_panel_cell_source_content" VALUES (411102, 1002701, 10, 0, 69);
INSERT INTO "m_member_love_panel_cell_source_content" VALUES (412102, 1002702, 10, 0, 69);
INSERT INTO "m_member_love_panel_cell_source_content" VALUES (413102, 1002703, 10, 0, 69);
INSERT INTO "m_member_love_panel_cell_source_content" VALUES (414102, 1002704, 10, 0, 69);
INSERT INTO "m_member_love_panel_cell_source_content" VALUES (415102, 1002705, 10, 0, 69);
INSERT INTO "m_member_love_panel_cell_source_content" VALUES (421102, 1002701, 10, 0, 69);
INSERT INTO "m_member_love_panel_cell_source_content" VALUES (422102, 1002702, 10, 0, 69);
INSERT INTO "m_member_love_panel_cell_source_content" VALUES (423102, 1002703, 10, 0, 69);
INSERT INTO "m_member_love_panel_cell_source_content" VALUES (424102, 1002704, 10, 0, 69);
INSERT INTO "m_member_love_panel_cell_source_content" VALUES (425102, 1002705, 10, 0, 69);
INSERT INTO "m_member_love_panel_cell_source_content" VALUES (431102, 1002701, 10, 0, 69);
INSERT INTO "m_member_love_panel_cell_source_content" VALUES (432102, 1002702, 10, 0, 69);
INSERT INTO "m_member_love_panel_cell_source_content" VALUES (433102, 1002703, 10, 0, 69);
INSERT INTO "m_member_love_panel_cell_source_content" VALUES (434102, 1002704, 10, 0, 69);
INSERT INTO "m_member_love_panel_cell_source_content" VALUES (435102, 1002705, 10, 0, 69);
INSERT INTO "m_member_love_panel_cell_source_content" VALUES (441102, 1002701, 10, 0, 69);
INSERT INTO "m_member_love_panel_cell_source_content" VALUES (442102, 1002702, 10, 0, 69);
INSERT INTO "m_member_love_panel_cell_source_content" VALUES (443102, 1002703, 10, 0, 69);
INSERT INTO "m_member_love_panel_cell_source_content" VALUES (444102, 1002704, 10, 0, 69);
INSERT INTO "m_member_love_panel_cell_source_content" VALUES (445102, 1002705, 10, 0, 69);
INSERT INTO "m_member_love_panel_cell_source_content" VALUES (451102, 1002701, 10, 0, 69);
INSERT INTO "m_member_love_panel_cell_source_content" VALUES (452102, 1002702, 10, 0, 69);
INSERT INTO "m_member_love_panel_cell_source_content" VALUES (453102, 1002703, 10, 0, 69);
INSERT INTO "m_member_love_panel_cell_source_content" VALUES (454102, 1002704, 10, 0, 69);
INSERT INTO "m_member_love_panel_cell_source_content" VALUES (455102, 1002705, 10, 0, 69);
INSERT INTO "m_member_love_panel_cell_source_content" VALUES (461102, 1002701, 10, 0, 69);
INSERT INTO "m_member_love_panel_cell_source_content" VALUES (462102, 1002702, 10, 0, 69);
INSERT INTO "m_member_love_panel_cell_source_content" VALUES (463102, 1002703, 10, 0, 69);
INSERT INTO "m_member_love_panel_cell_source_content" VALUES (464102, 1002704, 10, 0, 69);
INSERT INTO "m_member_love_panel_cell_source_content" VALUES (465102, 1002705, 10, 0, 69);
INSERT INTO "m_member_love_panel_cell_source_content" VALUES (471102, 1002701, 10, 0, 69);
INSERT INTO "m_member_love_panel_cell_source_content" VALUES (472102, 1002702, 10, 0, 69);
INSERT INTO "m_member_love_panel_cell_source_content" VALUES (473102, 1002703, 10, 0, 69);
INSERT INTO "m_member_love_panel_cell_source_content" VALUES (474102, 1002704, 10, 0, 69);
INSERT INTO "m_member_love_panel_cell_source_content" VALUES (475102, 1002705, 10, 0, 69);
INSERT INTO "m_member_love_panel_cell_source_content" VALUES (481102, 1002701, 10, 0, 69);
INSERT INTO "m_member_love_panel_cell_source_content" VALUES (482102, 1002702, 10, 0, 69);
INSERT INTO "m_member_love_panel_cell_source_content" VALUES (483102, 1002703, 10, 0, 69);
INSERT INTO "m_member_love_panel_cell_source_content" VALUES (484102, 1002704, 10, 0, 69);
INSERT INTO "m_member_love_panel_cell_source_content" VALUES (485102, 1002705, 10, 0, 69);
INSERT INTO "m_member_love_panel_cell_source_content" VALUES (491102, 1002701, 10, 0, 69);
INSERT INTO "m_member_love_panel_cell_source_content" VALUES (492102, 1002702, 10, 0, 69);
INSERT INTO "m_member_love_panel_cell_source_content" VALUES (493102, 1002703, 10, 0, 69);
INSERT INTO "m_member_love_panel_cell_source_content" VALUES (494102, 1002704, 10, 0, 69);
INSERT INTO "m_member_love_panel_cell_source_content" VALUES (495102, 1002705, 10, 0, 69);
-- add missing reward love panel
-- GPT need: loop create copy, find "001" and replace all [002 - 009, 101 - 109, 201 - 212]
INSERT INTO "m_member_love_panel" VALUES (33103,420,1);
INSERT INTO "m_member_love_panel" VALUES (34103,440,1);
INSERT INTO "m_member_love_panel" VALUES (35103,460,1);
INSERT INTO "m_member_love_panel" VALUES (36103,480,1);
INSERT INTO "m_member_love_panel" VALUES (37103,500,1);
INSERT INTO "m_member_love_panel" VALUES (38103,520,1);
INSERT INTO "m_member_love_panel" VALUES (39103,540,1);
INSERT INTO "m_member_love_panel" VALUES (40103,560,1);
INSERT INTO "m_member_love_panel" VALUES (41103,580,1);
INSERT INTO "m_member_love_panel" VALUES (42103,600,1);
INSERT INTO "m_member_love_panel" VALUES (43103,620,1);
INSERT INTO "m_member_love_panel" VALUES (44103,640,1);
INSERT INTO "m_member_love_panel" VALUES (45103,660,1);
INSERT INTO "m_member_love_panel" VALUES (46103,680,1);
INSERT INTO "m_member_love_panel" VALUES (47103,700,1);
INSERT INTO "m_member_love_panel" VALUES (48103,720,1);
INSERT INTO "m_member_love_panel" VALUES (49103,740,1);
INSERT INTO "m_member_love_panel" VALUES (50103,760,1);
INSERT INTO "m_member_love_panel_bonus" VALUES (33103,3,100);
INSERT INTO "m_member_love_panel_bonus" VALUES (34103,7,100);
INSERT INTO "m_member_love_panel_bonus" VALUES (35103,6,200);
INSERT INTO "m_member_love_panel_bonus" VALUES (36103,4,100);
INSERT INTO "m_member_love_panel_bonus" VALUES (37103,5,2000);
INSERT INTO "m_member_love_panel_bonus" VALUES (38103,12,500);
INSERT INTO "m_member_love_panel_bonus" VALUES (39103,7,100);
INSERT INTO "m_member_love_panel_bonus" VALUES (40103,13,6);
INSERT INTO "m_member_love_panel_bonus" VALUES (40103,14,4);
INSERT INTO "m_member_love_panel_bonus" VALUES (40103,15,2);
INSERT INTO "m_member_love_panel_bonus" VALUES (41103,1,100);
INSERT INTO "m_member_love_panel_bonus" VALUES (42103,2,100);
INSERT INTO "m_member_love_panel_bonus" VALUES (43103,3,100);
INSERT INTO "m_member_love_panel_bonus" VALUES (44103,7,100);
INSERT INTO "m_member_love_panel_bonus" VALUES (45103,6,200);
INSERT INTO "m_member_love_panel_bonus" VALUES (46103,4,100);
INSERT INTO "m_member_love_panel_bonus" VALUES (47103,5,2000);
INSERT INTO "m_member_love_panel_bonus" VALUES (48103,12,500);
INSERT INTO "m_member_love_panel_bonus" VALUES (49103,7,100);
INSERT INTO "m_member_love_panel_bonus" VALUES (50103,13,6);
INSERT INTO "m_member_love_panel_bonus" VALUES (50103,14,4);
INSERT INTO "m_member_love_panel_bonus" VALUES (50103,15,2);
--
INSERT INTO "m_member_love_panel_cell" VALUES (321103, 0, 33103, 1, 10);
INSERT INTO "m_member_love_panel_cell" VALUES (322103, 1, 33103, 3, 10);
INSERT INTO "m_member_love_panel_cell" VALUES (323103, 2, 33103, 2, 10);
INSERT INTO "m_member_love_panel_cell" VALUES (324103, 3, 33103, 7, 20);
INSERT INTO "m_member_love_panel_cell" VALUES (325103, 4, 33103, 12, 250);
INSERT INTO "m_member_love_panel_cell" VALUES (331103, 0, 34103, 1, 10);
INSERT INTO "m_member_love_panel_cell" VALUES (332103, 1, 34103, 3, 10);
INSERT INTO "m_member_love_panel_cell" VALUES (333103, 2, 34103, 2, 10);
INSERT INTO "m_member_love_panel_cell" VALUES (334103, 3, 34103, 10, 50);
INSERT INTO "m_member_love_panel_cell" VALUES (335103, 4, 34103, 14, 4);
INSERT INTO "m_member_love_panel_cell" VALUES (341103, 0, 35103, 1, 10);
INSERT INTO "m_member_love_panel_cell" VALUES (342103, 1, 35103, 3, 10);
INSERT INTO "m_member_love_panel_cell" VALUES (343103, 2, 35103, 2, 10);
INSERT INTO "m_member_love_panel_cell" VALUES (344103, 3, 35103, 5, 500);
INSERT INTO "m_member_love_panel_cell" VALUES (345103, 4, 35103, 7, 20);
INSERT INTO "m_member_love_panel_cell" VALUES (351103, 0, 36103, 1, 10);
INSERT INTO "m_member_love_panel_cell" VALUES (352103, 1, 36103, 3, 10);
INSERT INTO "m_member_love_panel_cell" VALUES (353103, 2, 36103, 2, 10);
INSERT INTO "m_member_love_panel_cell" VALUES (354103, 3, 36103, 6, 50);
INSERT INTO "m_member_love_panel_cell" VALUES (355103, 4, 36103, 11, 50);
INSERT INTO "m_member_love_panel_cell" VALUES (361103, 0, 37103, 1, 10);
INSERT INTO "m_member_love_panel_cell" VALUES (362103, 1, 37103, 3, 10);
INSERT INTO "m_member_love_panel_cell" VALUES (363103, 2, 37103, 2, 10);
INSERT INTO "m_member_love_panel_cell" VALUES (364103, 3, 37103, 4, 50);
INSERT INTO "m_member_love_panel_cell" VALUES (365103, 4, 37103, 15, 2);
INSERT INTO "m_member_love_panel_cell" VALUES (371103, 0, 38103, 1, 10);
INSERT INTO "m_member_love_panel_cell" VALUES (372103, 1, 38103, 3, 10);
INSERT INTO "m_member_love_panel_cell" VALUES (373103, 2, 33103, 2, 10);
INSERT INTO "m_member_love_panel_cell" VALUES (374103, 3, 38103, 6, 50);
INSERT INTO "m_member_love_panel_cell" VALUES (375103, 4, 38103, 9, 50);
INSERT INTO "m_member_love_panel_cell" VALUES (381103, 0, 39103, 1, 10);
INSERT INTO "m_member_love_panel_cell" VALUES (382103, 1, 39103, 3, 10);
INSERT INTO "m_member_love_panel_cell" VALUES (383103, 2, 39103, 2, 10);
INSERT INTO "m_member_love_panel_cell" VALUES (384103, 3, 39103, 8, 50);
INSERT INTO "m_member_love_panel_cell" VALUES (385103, 4, 39103, 4, 50);
INSERT INTO "m_member_love_panel_cell" VALUES (391103, 0, 40103, 1, 10);
INSERT INTO "m_member_love_panel_cell" VALUES (392103, 1, 40103, 3, 10);
INSERT INTO "m_member_love_panel_cell" VALUES (393103, 2, 40103, 2, 10);
INSERT INTO "m_member_love_panel_cell" VALUES (394103, 3, 40103, 7, 20);
INSERT INTO "m_member_love_panel_cell" VALUES (395103, 4, 40103, 5, 500);
--
INSERT INTO "m_member_love_panel_cell" VALUES (401103, 0, 41103, 1, 10);
INSERT INTO "m_member_love_panel_cell" VALUES (402103, 1, 41103, 3, 10);
INSERT INTO "m_member_love_panel_cell" VALUES (403103, 2, 41103, 2, 10);
INSERT INTO "m_member_love_panel_cell" VALUES (404103, 3, 41103, 4, 50);
INSERT INTO "m_member_love_panel_cell" VALUES (405103, 4, 41103, 6, 50);
INSERT INTO "m_member_love_panel_cell" VALUES (411103, 0, 42103, 1, 10);
INSERT INTO "m_member_love_panel_cell" VALUES (412103, 1, 42103, 3, 10);
INSERT INTO "m_member_love_panel_cell" VALUES (413103, 2, 42103, 2, 10);
INSERT INTO "m_member_love_panel_cell" VALUES (414103, 3, 42103, 5, 500);
INSERT INTO "m_member_love_panel_cell" VALUES (415103, 4, 42103, 13, 6);
INSERT INTO "m_member_love_panel_cell" VALUES (421103, 0, 43103, 1, 10);
INSERT INTO "m_member_love_panel_cell" VALUES (422103, 1, 43103, 3, 10);
INSERT INTO "m_member_love_panel_cell" VALUES (423103, 2, 43103, 2, 10);
INSERT INTO "m_member_love_panel_cell" VALUES (424103, 3, 43103, 7, 20);
INSERT INTO "m_member_love_panel_cell" VALUES (425103, 4, 43103, 12, 250);
INSERT INTO "m_member_love_panel_cell" VALUES (431103, 0, 44103, 1, 10);
INSERT INTO "m_member_love_panel_cell" VALUES (432103, 1, 44103, 3, 10);
INSERT INTO "m_member_love_panel_cell" VALUES (433103, 2, 44103, 2, 10);
INSERT INTO "m_member_love_panel_cell" VALUES (434103, 3, 44103, 10, 50);
INSERT INTO "m_member_love_panel_cell" VALUES (435103, 4, 44103, 14, 4);
INSERT INTO "m_member_love_panel_cell" VALUES (441103, 0, 45103, 1, 10);
INSERT INTO "m_member_love_panel_cell" VALUES (442103, 1, 45103, 3, 10);
INSERT INTO "m_member_love_panel_cell" VALUES (443103, 2, 45103, 2, 10);
INSERT INTO "m_member_love_panel_cell" VALUES (444103, 3, 45103, 5, 500);
INSERT INTO "m_member_love_panel_cell" VALUES (445103, 4, 45103, 7, 20);
INSERT INTO "m_member_love_panel_cell" VALUES (451103, 0, 46103, 1, 10);
INSERT INTO "m_member_love_panel_cell" VALUES (452103, 1, 46103, 3, 10);
INSERT INTO "m_member_love_panel_cell" VALUES (453103, 2, 46103, 2, 10);
INSERT INTO "m_member_love_panel_cell" VALUES (454103, 3, 46103, 6, 50);
INSERT INTO "m_member_love_panel_cell" VALUES (455103, 4, 46103, 11, 50);
INSERT INTO "m_member_love_panel_cell" VALUES (461103, 0, 47103, 1, 10);
INSERT INTO "m_member_love_panel_cell" VALUES (462103, 1, 47103, 3, 10);
INSERT INTO "m_member_love_panel_cell" VALUES (463103, 2, 47103, 2, 10);
INSERT INTO "m_member_love_panel_cell" VALUES (464103, 3, 47103, 4, 50);
INSERT INTO "m_member_love_panel_cell" VALUES (465103, 4, 47103, 15, 2);
INSERT INTO "m_member_love_panel_cell" VALUES (471103, 0, 48103, 1, 10);
INSERT INTO "m_member_love_panel_cell" VALUES (472103, 1, 48103, 3, 10);
INSERT INTO "m_member_love_panel_cell" VALUES (473103, 2, 43103, 2, 10);
INSERT INTO "m_member_love_panel_cell" VALUES (474103, 3, 48103, 6, 50);
INSERT INTO "m_member_love_panel_cell" VALUES (475103, 4, 48103, 9, 50);
INSERT INTO "m_member_love_panel_cell" VALUES (481103, 0, 49103, 1, 10);
INSERT INTO "m_member_love_panel_cell" VALUES (482103, 1, 49103, 3, 10);
INSERT INTO "m_member_love_panel_cell" VALUES (483103, 2, 49103, 2, 10);
INSERT INTO "m_member_love_panel_cell" VALUES (484103, 3, 49103, 8, 50);
INSERT INTO "m_member_love_panel_cell" VALUES (485103, 4, 49103, 4, 50);
INSERT INTO "m_member_love_panel_cell" VALUES (491103, 0, 50103, 1, 10);
INSERT INTO "m_member_love_panel_cell" VALUES (492103, 1, 50103, 3, 10);
INSERT INTO "m_member_love_panel_cell" VALUES (493103, 2, 50103, 2, 10);
INSERT INTO "m_member_love_panel_cell" VALUES (494103, 3, 50103, 7, 20);
INSERT INTO "m_member_love_panel_cell" VALUES (495103, 4, 50103, 5, 500);
-- placeholder source content or we don't need this, for what tho?
INSERT INTO "m_member_love_panel_cell_source_content" VALUES (321103, 1002701, 10, 0, 69);
INSERT INTO "m_member_love_panel_cell_source_content" VALUES (322103, 1002702, 10, 0, 69);
INSERT INTO "m_member_love_panel_cell_source_content" VALUES (323103, 1002703, 10, 0, 69);
INSERT INTO "m_member_love_panel_cell_source_content" VALUES (324103, 1002704, 10, 0, 69);
INSERT INTO "m_member_love_panel_cell_source_content" VALUES (325103, 1002705, 10, 0, 69);
INSERT INTO "m_member_love_panel_cell_source_content" VALUES (331103, 1002701, 10, 0, 69);
INSERT INTO "m_member_love_panel_cell_source_content" VALUES (332103, 1002702, 10, 0, 69);
INSERT INTO "m_member_love_panel_cell_source_content" VALUES (333103, 1002703, 10, 0, 69);
INSERT INTO "m_member_love_panel_cell_source_content" VALUES (334103, 1002704, 10, 0, 69);
INSERT INTO "m_member_love_panel_cell_source_content" VALUES (335103, 1002705, 10, 0, 69);
INSERT INTO "m_member_love_panel_cell_source_content" VALUES (341103, 1002701, 10, 0, 69);
INSERT INTO "m_member_love_panel_cell_source_content" VALUES (342103, 1002702, 10, 0, 69);
INSERT INTO "m_member_love_panel_cell_source_content" VALUES (343103, 1002703, 10, 0, 69);
INSERT INTO "m_member_love_panel_cell_source_content" VALUES (344103, 1002704, 10, 0, 69);
INSERT INTO "m_member_love_panel_cell_source_content" VALUES (345103, 1002705, 10, 0, 69);
INSERT INTO "m_member_love_panel_cell_source_content" VALUES (351103, 1002701, 10, 0, 69);
INSERT INTO "m_member_love_panel_cell_source_content" VALUES (352103, 1002702, 10, 0, 69);
INSERT INTO "m_member_love_panel_cell_source_content" VALUES (353103, 1002703, 10, 0, 69);
INSERT INTO "m_member_love_panel_cell_source_content" VALUES (354103, 1002704, 10, 0, 69);
INSERT INTO "m_member_love_panel_cell_source_content" VALUES (355103, 1002705, 10, 0, 69);
INSERT INTO "m_member_love_panel_cell_source_content" VALUES (361103, 1002701, 10, 0, 69);
INSERT INTO "m_member_love_panel_cell_source_content" VALUES (362103, 1002702, 10, 0, 69);
INSERT INTO "m_member_love_panel_cell_source_content" VALUES (363103, 1002703, 10, 0, 69);
INSERT INTO "m_member_love_panel_cell_source_content" VALUES (364103, 1002704, 10, 0, 69);
INSERT INTO "m_member_love_panel_cell_source_content" VALUES (365103, 1002705, 10, 0, 69);
INSERT INTO "m_member_love_panel_cell_source_content" VALUES (371103, 1002701, 10, 0, 69);
INSERT INTO "m_member_love_panel_cell_source_content" VALUES (372103, 1002702, 10, 0, 69);
INSERT INTO "m_member_love_panel_cell_source_content" VALUES (373103, 1002703, 10, 0, 69);
INSERT INTO "m_member_love_panel_cell_source_content" VALUES (374103, 1002704, 10, 0, 69);
INSERT INTO "m_member_love_panel_cell_source_content" VALUES (375103, 1002705, 10, 0, 69);
INSERT INTO "m_member_love_panel_cell_source_content" VALUES (381103, 1002701, 10, 0, 69);
INSERT INTO "m_member_love_panel_cell_source_content" VALUES (382103, 1002702, 10, 0, 69);
INSERT INTO "m_member_love_panel_cell_source_content" VALUES (383103, 1002703, 10, 0, 69);
INSERT INTO "m_member_love_panel_cell_source_content" VALUES (384103, 1002704, 10, 0, 69);
INSERT INTO "m_member_love_panel_cell_source_content" VALUES (385103, 1002705, 10, 0, 69);
INSERT INTO "m_member_love_panel_cell_source_content" VALUES (391103, 1002701, 10, 0, 69);
INSERT INTO "m_member_love_panel_cell_source_content" VALUES (392103, 1002702, 10, 0, 69);
INSERT INTO "m_member_love_panel_cell_source_content" VALUES (393103, 1002703, 10, 0, 69);
INSERT INTO "m_member_love_panel_cell_source_content" VALUES (394103, 1002704, 10, 0, 69);
INSERT INTO "m_member_love_panel_cell_source_content" VALUES (395103, 1002705, 10, 0, 69);
INSERT INTO "m_member_love_panel_cell_source_content" VALUES (401103, 1002701, 10, 0, 69);
INSERT INTO "m_member_love_panel_cell_source_content" VALUES (402103, 1002702, 10, 0, 69);
INSERT INTO "m_member_love_panel_cell_source_content" VALUES (403103, 1002703, 10, 0, 69);
INSERT INTO "m_member_love_panel_cell_source_content" VALUES (404103, 1002704, 10, 0, 69);
INSERT INTO "m_member_love_panel_cell_source_content" VALUES (405103, 1002705, 10, 0, 69);
INSERT INTO "m_member_love_panel_cell_source_content" VALUES (411103, 1002701, 10, 0, 69);
INSERT INTO "m_member_love_panel_cell_source_content" VALUES (412103, 1002702, 10, 0, 69);
INSERT INTO "m_member_love_panel_cell_source_content" VALUES (413103, 1002703, 10, 0, 69);
INSERT INTO "m_member_love_panel_cell_source_content" VALUES (414103, 1002704, 10, 0, 69);
INSERT INTO "m_member_love_panel_cell_source_content" VALUES (415103, 1002705, 10, 0, 69);
INSERT INTO "m_member_love_panel_cell_source_content" VALUES (421103, 1002701, 10, 0, 69);
INSERT INTO "m_member_love_panel_cell_source_content" VALUES (422103, 1002702, 10, 0, 69);
INSERT INTO "m_member_love_panel_cell_source_content" VALUES (423103, 1002703, 10, 0, 69);
INSERT INTO "m_member_love_panel_cell_source_content" VALUES (424103, 1002704, 10, 0, 69);
INSERT INTO "m_member_love_panel_cell_source_content" VALUES (425103, 1002705, 10, 0, 69);
INSERT INTO "m_member_love_panel_cell_source_content" VALUES (431103, 1002701, 10, 0, 69);
INSERT INTO "m_member_love_panel_cell_source_content" VALUES (432103, 1002702, 10, 0, 69);
INSERT INTO "m_member_love_panel_cell_source_content" VALUES (433103, 1002703, 10, 0, 69);
INSERT INTO "m_member_love_panel_cell_source_content" VALUES (434103, 1002704, 10, 0, 69);
INSERT INTO "m_member_love_panel_cell_source_content" VALUES (435103, 1002705, 10, 0, 69);
INSERT INTO "m_member_love_panel_cell_source_content" VALUES (441103, 1002701, 10, 0, 69);
INSERT INTO "m_member_love_panel_cell_source_content" VALUES (442103, 1002702, 10, 0, 69);
INSERT INTO "m_member_love_panel_cell_source_content" VALUES (443103, 1002703, 10, 0, 69);
INSERT INTO "m_member_love_panel_cell_source_content" VALUES (444103, 1002704, 10, 0, 69);
INSERT INTO "m_member_love_panel_cell_source_content" VALUES (445103, 1002705, 10, 0, 69);
INSERT INTO "m_member_love_panel_cell_source_content" VALUES (451103, 1002701, 10, 0, 69);
INSERT INTO "m_member_love_panel_cell_source_content" VALUES (452103, 1002702, 10, 0, 69);
INSERT INTO "m_member_love_panel_cell_source_content" VALUES (453103, 1002703, 10, 0, 69);
INSERT INTO "m_member_love_panel_cell_source_content" VALUES (454103, 1002704, 10, 0, 69);
INSERT INTO "m_member_love_panel_cell_source_content" VALUES (455103, 1002705, 10, 0, 69);
INSERT INTO "m_member_love_panel_cell_source_content" VALUES (461103, 1002701, 10, 0, 69);
INSERT INTO "m_member_love_panel_cell_source_content" VALUES (462103, 1002702, 10, 0, 69);
INSERT INTO "m_member_love_panel_cell_source_content" VALUES (463103, 1002703, 10, 0, 69);
INSERT INTO "m_member_love_panel_cell_source_content" VALUES (464103, 1002704, 10, 0, 69);
INSERT INTO "m_member_love_panel_cell_source_content" VALUES (465103, 1002705, 10, 0, 69);
INSERT INTO "m_member_love_panel_cell_source_content" VALUES (471103, 1002701, 10, 0, 69);
INSERT INTO "m_member_love_panel_cell_source_content" VALUES (472103, 1002702, 10, 0, 69);
INSERT INTO "m_member_love_panel_cell_source_content" VALUES (473103, 1002703, 10, 0, 69);
INSERT INTO "m_member_love_panel_cell_source_content" VALUES (474103, 1002704, 10, 0, 69);
INSERT INTO "m_member_love_panel_cell_source_content" VALUES (475103, 1002705, 10, 0, 69);
INSERT INTO "m_member_love_panel_cell_source_content" VALUES (481103, 1002701, 10, 0, 69);
INSERT INTO "m_member_love_panel_cell_source_content" VALUES (482103, 1002702, 10, 0, 69);
INSERT INTO "m_member_love_panel_cell_source_content" VALUES (483103, 1002703, 10, 0, 69);
INSERT INTO "m_member_love_panel_cell_source_content" VALUES (484103, 1002704, 10, 0, 69);
INSERT INTO "m_member_love_panel_cell_source_content" VALUES (485103, 1002705, 10, 0, 69);
INSERT INTO "m_member_love_panel_cell_source_content" VALUES (491103, 1002701, 10, 0, 69);
INSERT INTO "m_member_love_panel_cell_source_content" VALUES (492103, 1002702, 10, 0, 69);
INSERT INTO "m_member_love_panel_cell_source_content" VALUES (493103, 1002703, 10, 0, 69);
INSERT INTO "m_member_love_panel_cell_source_content" VALUES (494103, 1002704, 10, 0, 69);
INSERT INTO "m_member_love_panel_cell_source_content" VALUES (495103, 1002705, 10, 0, 69);
-- add missing reward love panel
-- GPT need: loop create copy, find "001" and replace all [002 - 009, 101 - 109, 201 - 212]
INSERT INTO "m_member_love_panel" VALUES (33104,420,1);
INSERT INTO "m_member_love_panel" VALUES (34104,440,1);
INSERT INTO "m_member_love_panel" VALUES (35104,460,1);
INSERT INTO "m_member_love_panel" VALUES (36104,480,1);
INSERT INTO "m_member_love_panel" VALUES (37104,500,1);
INSERT INTO "m_member_love_panel" VALUES (38104,520,1);
INSERT INTO "m_member_love_panel" VALUES (39104,540,1);
INSERT INTO "m_member_love_panel" VALUES (40104,560,1);
INSERT INTO "m_member_love_panel" VALUES (41104,580,1);
INSERT INTO "m_member_love_panel" VALUES (42104,600,1);
INSERT INTO "m_member_love_panel" VALUES (43104,620,1);
INSERT INTO "m_member_love_panel" VALUES (44104,640,1);
INSERT INTO "m_member_love_panel" VALUES (45104,660,1);
INSERT INTO "m_member_love_panel" VALUES (46104,680,1);
INSERT INTO "m_member_love_panel" VALUES (47104,700,1);
INSERT INTO "m_member_love_panel" VALUES (48104,720,1);
INSERT INTO "m_member_love_panel" VALUES (49104,740,1);
INSERT INTO "m_member_love_panel" VALUES (50104,760,1);
INSERT INTO "m_member_love_panel_bonus" VALUES (33104,3,100);
INSERT INTO "m_member_love_panel_bonus" VALUES (34104,7,100);
INSERT INTO "m_member_love_panel_bonus" VALUES (35104,6,200);
INSERT INTO "m_member_love_panel_bonus" VALUES (36104,4,100);
INSERT INTO "m_member_love_panel_bonus" VALUES (37104,5,2000);
INSERT INTO "m_member_love_panel_bonus" VALUES (38104,12,500);
INSERT INTO "m_member_love_panel_bonus" VALUES (39104,7,100);
INSERT INTO "m_member_love_panel_bonus" VALUES (40104,13,6);
INSERT INTO "m_member_love_panel_bonus" VALUES (40104,14,4);
INSERT INTO "m_member_love_panel_bonus" VALUES (40104,15,2);
INSERT INTO "m_member_love_panel_bonus" VALUES (41104,1,100);
INSERT INTO "m_member_love_panel_bonus" VALUES (42104,2,100);
INSERT INTO "m_member_love_panel_bonus" VALUES (43104,3,100);
INSERT INTO "m_member_love_panel_bonus" VALUES (44104,7,100);
INSERT INTO "m_member_love_panel_bonus" VALUES (45104,6,200);
INSERT INTO "m_member_love_panel_bonus" VALUES (46104,4,100);
INSERT INTO "m_member_love_panel_bonus" VALUES (47104,5,2000);
INSERT INTO "m_member_love_panel_bonus" VALUES (48104,12,500);
INSERT INTO "m_member_love_panel_bonus" VALUES (49104,7,100);
INSERT INTO "m_member_love_panel_bonus" VALUES (50104,13,6);
INSERT INTO "m_member_love_panel_bonus" VALUES (50104,14,4);
INSERT INTO "m_member_love_panel_bonus" VALUES (50104,15,2);
--
INSERT INTO "m_member_love_panel_cell" VALUES (321104, 0, 33104, 1, 10);
INSERT INTO "m_member_love_panel_cell" VALUES (322104, 1, 33104, 3, 10);
INSERT INTO "m_member_love_panel_cell" VALUES (323104, 2, 33104, 2, 10);
INSERT INTO "m_member_love_panel_cell" VALUES (324104, 3, 33104, 7, 20);
INSERT INTO "m_member_love_panel_cell" VALUES (325104, 4, 33104, 12, 250);
INSERT INTO "m_member_love_panel_cell" VALUES (331104, 0, 34104, 1, 10);
INSERT INTO "m_member_love_panel_cell" VALUES (332104, 1, 34104, 3, 10);
INSERT INTO "m_member_love_panel_cell" VALUES (333104, 2, 34104, 2, 10);
INSERT INTO "m_member_love_panel_cell" VALUES (334104, 3, 34104, 10, 50);
INSERT INTO "m_member_love_panel_cell" VALUES (335104, 4, 34104, 14, 4);
INSERT INTO "m_member_love_panel_cell" VALUES (341104, 0, 35104, 1, 10);
INSERT INTO "m_member_love_panel_cell" VALUES (342104, 1, 35104, 3, 10);
INSERT INTO "m_member_love_panel_cell" VALUES (343104, 2, 35104, 2, 10);
INSERT INTO "m_member_love_panel_cell" VALUES (344104, 3, 35104, 5, 500);
INSERT INTO "m_member_love_panel_cell" VALUES (345104, 4, 35104, 7, 20);
INSERT INTO "m_member_love_panel_cell" VALUES (351104, 0, 36104, 1, 10);
INSERT INTO "m_member_love_panel_cell" VALUES (352104, 1, 36104, 3, 10);
INSERT INTO "m_member_love_panel_cell" VALUES (353104, 2, 36104, 2, 10);
INSERT INTO "m_member_love_panel_cell" VALUES (354104, 3, 36104, 6, 50);
INSERT INTO "m_member_love_panel_cell" VALUES (355104, 4, 36104, 11, 50);
INSERT INTO "m_member_love_panel_cell" VALUES (361104, 0, 37104, 1, 10);
INSERT INTO "m_member_love_panel_cell" VALUES (362104, 1, 37104, 3, 10);
INSERT INTO "m_member_love_panel_cell" VALUES (363104, 2, 37104, 2, 10);
INSERT INTO "m_member_love_panel_cell" VALUES (364104, 3, 37104, 4, 50);
INSERT INTO "m_member_love_panel_cell" VALUES (365104, 4, 37104, 15, 2);
INSERT INTO "m_member_love_panel_cell" VALUES (371104, 0, 38104, 1, 10);
INSERT INTO "m_member_love_panel_cell" VALUES (372104, 1, 38104, 3, 10);
INSERT INTO "m_member_love_panel_cell" VALUES (373104, 2, 33104, 2, 10);
INSERT INTO "m_member_love_panel_cell" VALUES (374104, 3, 38104, 6, 50);
INSERT INTO "m_member_love_panel_cell" VALUES (375104, 4, 38104, 9, 50);
INSERT INTO "m_member_love_panel_cell" VALUES (381104, 0, 39104, 1, 10);
INSERT INTO "m_member_love_panel_cell" VALUES (382104, 1, 39104, 3, 10);
INSERT INTO "m_member_love_panel_cell" VALUES (383104, 2, 39104, 2, 10);
INSERT INTO "m_member_love_panel_cell" VALUES (384104, 3, 39104, 8, 50);
INSERT INTO "m_member_love_panel_cell" VALUES (385104, 4, 39104, 4, 50);
INSERT INTO "m_member_love_panel_cell" VALUES (391104, 0, 40104, 1, 10);
INSERT INTO "m_member_love_panel_cell" VALUES (392104, 1, 40104, 3, 10);
INSERT INTO "m_member_love_panel_cell" VALUES (393104, 2, 40104, 2, 10);
INSERT INTO "m_member_love_panel_cell" VALUES (394104, 3, 40104, 7, 20);
INSERT INTO "m_member_love_panel_cell" VALUES (395104, 4, 40104, 5, 500);
--
INSERT INTO "m_member_love_panel_cell" VALUES (401104, 0, 41104, 1, 10);
INSERT INTO "m_member_love_panel_cell" VALUES (402104, 1, 41104, 3, 10);
INSERT INTO "m_member_love_panel_cell" VALUES (403104, 2, 41104, 2, 10);
INSERT INTO "m_member_love_panel_cell" VALUES (404104, 3, 41104, 4, 50);
INSERT INTO "m_member_love_panel_cell" VALUES (405104, 4, 41104, 6, 50);
INSERT INTO "m_member_love_panel_cell" VALUES (411104, 0, 42104, 1, 10);
INSERT INTO "m_member_love_panel_cell" VALUES (412104, 1, 42104, 3, 10);
INSERT INTO "m_member_love_panel_cell" VALUES (413104, 2, 42104, 2, 10);
INSERT INTO "m_member_love_panel_cell" VALUES (414104, 3, 42104, 5, 500);
INSERT INTO "m_member_love_panel_cell" VALUES (415104, 4, 42104, 13, 6);
INSERT INTO "m_member_love_panel_cell" VALUES (421104, 0, 43104, 1, 10);
INSERT INTO "m_member_love_panel_cell" VALUES (422104, 1, 43104, 3, 10);
INSERT INTO "m_member_love_panel_cell" VALUES (423104, 2, 43104, 2, 10);
INSERT INTO "m_member_love_panel_cell" VALUES (424104, 3, 43104, 7, 20);
INSERT INTO "m_member_love_panel_cell" VALUES (425104, 4, 43104, 12, 250);
INSERT INTO "m_member_love_panel_cell" VALUES (431104, 0, 44104, 1, 10);
INSERT INTO "m_member_love_panel_cell" VALUES (432104, 1, 44104, 3, 10);
INSERT INTO "m_member_love_panel_cell" VALUES (433104, 2, 44104, 2, 10);
INSERT INTO "m_member_love_panel_cell" VALUES (434104, 3, 44104, 10, 50);
INSERT INTO "m_member_love_panel_cell" VALUES (435104, 4, 44104, 14, 4);
INSERT INTO "m_member_love_panel_cell" VALUES (441104, 0, 45104, 1, 10);
INSERT INTO "m_member_love_panel_cell" VALUES (442104, 1, 45104, 3, 10);
INSERT INTO "m_member_love_panel_cell" VALUES (443104, 2, 45104, 2, 10);
INSERT INTO "m_member_love_panel_cell" VALUES (444104, 3, 45104, 5, 500);
INSERT INTO "m_member_love_panel_cell" VALUES (445104, 4, 45104, 7, 20);
INSERT INTO "m_member_love_panel_cell" VALUES (451104, 0, 46104, 1, 10);
INSERT INTO "m_member_love_panel_cell" VALUES (452104, 1, 46104, 3, 10);
INSERT INTO "m_member_love_panel_cell" VALUES (453104, 2, 46104, 2, 10);
INSERT INTO "m_member_love_panel_cell" VALUES (454104, 3, 46104, 6, 50);
INSERT INTO "m_member_love_panel_cell" VALUES (455104, 4, 46104, 11, 50);
INSERT INTO "m_member_love_panel_cell" VALUES (461104, 0, 47104, 1, 10);
INSERT INTO "m_member_love_panel_cell" VALUES (462104, 1, 47104, 3, 10);
INSERT INTO "m_member_love_panel_cell" VALUES (463104, 2, 47104, 2, 10);
INSERT INTO "m_member_love_panel_cell" VALUES (464104, 3, 47104, 4, 50);
INSERT INTO "m_member_love_panel_cell" VALUES (465104, 4, 47104, 15, 2);
INSERT INTO "m_member_love_panel_cell" VALUES (471104, 0, 48104, 1, 10);
INSERT INTO "m_member_love_panel_cell" VALUES (472104, 1, 48104, 3, 10);
INSERT INTO "m_member_love_panel_cell" VALUES (473104, 2, 43104, 2, 10);
INSERT INTO "m_member_love_panel_cell" VALUES (474104, 3, 48104, 6, 50);
INSERT INTO "m_member_love_panel_cell" VALUES (475104, 4, 48104, 9, 50);
INSERT INTO "m_member_love_panel_cell" VALUES (481104, 0, 49104, 1, 10);
INSERT INTO "m_member_love_panel_cell" VALUES (482104, 1, 49104, 3, 10);
INSERT INTO "m_member_love_panel_cell" VALUES (483104, 2, 49104, 2, 10);
INSERT INTO "m_member_love_panel_cell" VALUES (484104, 3, 49104, 8, 50);
INSERT INTO "m_member_love_panel_cell" VALUES (485104, 4, 49104, 4, 50);
INSERT INTO "m_member_love_panel_cell" VALUES (491104, 0, 50104, 1, 10);
INSERT INTO "m_member_love_panel_cell" VALUES (492104, 1, 50104, 3, 10);
INSERT INTO "m_member_love_panel_cell" VALUES (493104, 2, 50104, 2, 10);
INSERT INTO "m_member_love_panel_cell" VALUES (494104, 3, 50104, 7, 20);
INSERT INTO "m_member_love_panel_cell" VALUES (495104, 4, 50104, 5, 500);
-- placeholder source content or we don't need this, for what tho?
INSERT INTO "m_member_love_panel_cell_source_content" VALUES (321104, 1002701, 10, 0, 69);
INSERT INTO "m_member_love_panel_cell_source_content" VALUES (322104, 1002702, 10, 0, 69);
INSERT INTO "m_member_love_panel_cell_source_content" VALUES (323104, 1002703, 10, 0, 69);
INSERT INTO "m_member_love_panel_cell_source_content" VALUES (324104, 1002704, 10, 0, 69);
INSERT INTO "m_member_love_panel_cell_source_content" VALUES (325104, 1002705, 10, 0, 69);
INSERT INTO "m_member_love_panel_cell_source_content" VALUES (331104, 1002701, 10, 0, 69);
INSERT INTO "m_member_love_panel_cell_source_content" VALUES (332104, 1002702, 10, 0, 69);
INSERT INTO "m_member_love_panel_cell_source_content" VALUES (333104, 1002703, 10, 0, 69);
INSERT INTO "m_member_love_panel_cell_source_content" VALUES (334104, 1002704, 10, 0, 69);
INSERT INTO "m_member_love_panel_cell_source_content" VALUES (335104, 1002705, 10, 0, 69);
INSERT INTO "m_member_love_panel_cell_source_content" VALUES (341104, 1002701, 10, 0, 69);
INSERT INTO "m_member_love_panel_cell_source_content" VALUES (342104, 1002702, 10, 0, 69);
INSERT INTO "m_member_love_panel_cell_source_content" VALUES (343104, 1002703, 10, 0, 69);
INSERT INTO "m_member_love_panel_cell_source_content" VALUES (344104, 1002704, 10, 0, 69);
INSERT INTO "m_member_love_panel_cell_source_content" VALUES (345104, 1002705, 10, 0, 69);
INSERT INTO "m_member_love_panel_cell_source_content" VALUES (351104, 1002701, 10, 0, 69);
INSERT INTO "m_member_love_panel_cell_source_content" VALUES (352104, 1002702, 10, 0, 69);
INSERT INTO "m_member_love_panel_cell_source_content" VALUES (353104, 1002703, 10, 0, 69);
INSERT INTO "m_member_love_panel_cell_source_content" VALUES (354104, 1002704, 10, 0, 69);
INSERT INTO "m_member_love_panel_cell_source_content" VALUES (355104, 1002705, 10, 0, 69);
INSERT INTO "m_member_love_panel_cell_source_content" VALUES (361104, 1002701, 10, 0, 69);
INSERT INTO "m_member_love_panel_cell_source_content" VALUES (362104, 1002702, 10, 0, 69);
INSERT INTO "m_member_love_panel_cell_source_content" VALUES (363104, 1002703, 10, 0, 69);
INSERT INTO "m_member_love_panel_cell_source_content" VALUES (364104, 1002704, 10, 0, 69);
INSERT INTO "m_member_love_panel_cell_source_content" VALUES (365104, 1002705, 10, 0, 69);
INSERT INTO "m_member_love_panel_cell_source_content" VALUES (371104, 1002701, 10, 0, 69);
INSERT INTO "m_member_love_panel_cell_source_content" VALUES (372104, 1002702, 10, 0, 69);
INSERT INTO "m_member_love_panel_cell_source_content" VALUES (373104, 1002703, 10, 0, 69);
INSERT INTO "m_member_love_panel_cell_source_content" VALUES (374104, 1002704, 10, 0, 69);
INSERT INTO "m_member_love_panel_cell_source_content" VALUES (375104, 1002705, 10, 0, 69);
INSERT INTO "m_member_love_panel_cell_source_content" VALUES (381104, 1002701, 10, 0, 69);
INSERT INTO "m_member_love_panel_cell_source_content" VALUES (382104, 1002702, 10, 0, 69);
INSERT INTO "m_member_love_panel_cell_source_content" VALUES (383104, 1002703, 10, 0, 69);
INSERT INTO "m_member_love_panel_cell_source_content" VALUES (384104, 1002704, 10, 0, 69);
INSERT INTO "m_member_love_panel_cell_source_content" VALUES (385104, 1002705, 10, 0, 69);
INSERT INTO "m_member_love_panel_cell_source_content" VALUES (391104, 1002701, 10, 0, 69);
INSERT INTO "m_member_love_panel_cell_source_content" VALUES (392104, 1002702, 10, 0, 69);
INSERT INTO "m_member_love_panel_cell_source_content" VALUES (393104, 1002703, 10, 0, 69);
INSERT INTO "m_member_love_panel_cell_source_content" VALUES (394104, 1002704, 10, 0, 69);
INSERT INTO "m_member_love_panel_cell_source_content" VALUES (395104, 1002705, 10, 0, 69);
INSERT INTO "m_member_love_panel_cell_source_content" VALUES (401104, 1002701, 10, 0, 69);
INSERT INTO "m_member_love_panel_cell_source_content" VALUES (402104, 1002702, 10, 0, 69);
INSERT INTO "m_member_love_panel_cell_source_content" VALUES (403104, 1002703, 10, 0, 69);
INSERT INTO "m_member_love_panel_cell_source_content" VALUES (404104, 1002704, 10, 0, 69);
INSERT INTO "m_member_love_panel_cell_source_content" VALUES (405104, 1002705, 10, 0, 69);
INSERT INTO "m_member_love_panel_cell_source_content" VALUES (411104, 1002701, 10, 0, 69);
INSERT INTO "m_member_love_panel_cell_source_content" VALUES (412104, 1002702, 10, 0, 69);
INSERT INTO "m_member_love_panel_cell_source_content" VALUES (413104, 1002703, 10, 0, 69);
INSERT INTO "m_member_love_panel_cell_source_content" VALUES (414104, 1002704, 10, 0, 69);
INSERT INTO "m_member_love_panel_cell_source_content" VALUES (415104, 1002705, 10, 0, 69);
INSERT INTO "m_member_love_panel_cell_source_content" VALUES (421104, 1002701, 10, 0, 69);
INSERT INTO "m_member_love_panel_cell_source_content" VALUES (422104, 1002702, 10, 0, 69);
INSERT INTO "m_member_love_panel_cell_source_content" VALUES (423104, 1002703, 10, 0, 69);
INSERT INTO "m_member_love_panel_cell_source_content" VALUES (424104, 1002704, 10, 0, 69);
INSERT INTO "m_member_love_panel_cell_source_content" VALUES (425104, 1002705, 10, 0, 69);
INSERT INTO "m_member_love_panel_cell_source_content" VALUES (431104, 1002701, 10, 0, 69);
INSERT INTO "m_member_love_panel_cell_source_content" VALUES (432104, 1002702, 10, 0, 69);
INSERT INTO "m_member_love_panel_cell_source_content" VALUES (433104, 1002703, 10, 0, 69);
INSERT INTO "m_member_love_panel_cell_source_content" VALUES (434104, 1002704, 10, 0, 69);
INSERT INTO "m_member_love_panel_cell_source_content" VALUES (435104, 1002705, 10, 0, 69);
INSERT INTO "m_member_love_panel_cell_source_content" VALUES (441104, 1002701, 10, 0, 69);
INSERT INTO "m_member_love_panel_cell_source_content" VALUES (442104, 1002702, 10, 0, 69);
INSERT INTO "m_member_love_panel_cell_source_content" VALUES (443104, 1002703, 10, 0, 69);
INSERT INTO "m_member_love_panel_cell_source_content" VALUES (444104, 1002704, 10, 0, 69);
INSERT INTO "m_member_love_panel_cell_source_content" VALUES (445104, 1002705, 10, 0, 69);
INSERT INTO "m_member_love_panel_cell_source_content" VALUES (451104, 1002701, 10, 0, 69);
INSERT INTO "m_member_love_panel_cell_source_content" VALUES (452104, 1002702, 10, 0, 69);
INSERT INTO "m_member_love_panel_cell_source_content" VALUES (453104, 1002703, 10, 0, 69);
INSERT INTO "m_member_love_panel_cell_source_content" VALUES (454104, 1002704, 10, 0, 69);
INSERT INTO "m_member_love_panel_cell_source_content" VALUES (455104, 1002705, 10, 0, 69);
INSERT INTO "m_member_love_panel_cell_source_content" VALUES (461104, 1002701, 10, 0, 69);
INSERT INTO "m_member_love_panel_cell_source_content" VALUES (462104, 1002702, 10, 0, 69);
INSERT INTO "m_member_love_panel_cell_source_content" VALUES (463104, 1002703, 10, 0, 69);
INSERT INTO "m_member_love_panel_cell_source_content" VALUES (464104, 1002704, 10, 0, 69);
INSERT INTO "m_member_love_panel_cell_source_content" VALUES (465104, 1002705, 10, 0, 69);
INSERT INTO "m_member_love_panel_cell_source_content" VALUES (471104, 1002701, 10, 0, 69);
INSERT INTO "m_member_love_panel_cell_source_content" VALUES (472104, 1002702, 10, 0, 69);
INSERT INTO "m_member_love_panel_cell_source_content" VALUES (473104, 1002703, 10, 0, 69);
INSERT INTO "m_member_love_panel_cell_source_content" VALUES (474104, 1002704, 10, 0, 69);
INSERT INTO "m_member_love_panel_cell_source_content" VALUES (475104, 1002705, 10, 0, 69);
INSERT INTO "m_member_love_panel_cell_source_content" VALUES (481104, 1002701, 10, 0, 69);
INSERT INTO "m_member_love_panel_cell_source_content" VALUES (482104, 1002702, 10, 0, 69);
INSERT INTO "m_member_love_panel_cell_source_content" VALUES (483104, 1002703, 10, 0, 69);
INSERT INTO "m_member_love_panel_cell_source_content" VALUES (484104, 1002704, 10, 0, 69);
INSERT INTO "m_member_love_panel_cell_source_content" VALUES (485104, 1002705, 10, 0, 69);
INSERT INTO "m_member_love_panel_cell_source_content" VALUES (491104, 1002701, 10, 0, 69);
INSERT INTO "m_member_love_panel_cell_source_content" VALUES (492104, 1002702, 10, 0, 69);
INSERT INTO "m_member_love_panel_cell_source_content" VALUES (493104, 1002703, 10, 0, 69);
INSERT INTO "m_member_love_panel_cell_source_content" VALUES (494104, 1002704, 10, 0, 69);
INSERT INTO "m_member_love_panel_cell_source_content" VALUES (495104, 1002705, 10, 0, 69);
-- add missing reward love panel
-- GPT need: loop create copy, find "001" and replace all [002 - 009, 101 - 109, 201 - 212]
INSERT INTO "m_member_love_panel" VALUES (33105,420,1);
INSERT INTO "m_member_love_panel" VALUES (34105,440,1);
INSERT INTO "m_member_love_panel" VALUES (35105,460,1);
INSERT INTO "m_member_love_panel" VALUES (36105,480,1);
INSERT INTO "m_member_love_panel" VALUES (37105,500,1);
INSERT INTO "m_member_love_panel" VALUES (38105,520,1);
INSERT INTO "m_member_love_panel" VALUES (39105,540,1);
INSERT INTO "m_member_love_panel" VALUES (40105,560,1);
INSERT INTO "m_member_love_panel" VALUES (41105,580,1);
INSERT INTO "m_member_love_panel" VALUES (42105,600,1);
INSERT INTO "m_member_love_panel" VALUES (43105,620,1);
INSERT INTO "m_member_love_panel" VALUES (44105,640,1);
INSERT INTO "m_member_love_panel" VALUES (45105,660,1);
INSERT INTO "m_member_love_panel" VALUES (46105,680,1);
INSERT INTO "m_member_love_panel" VALUES (47105,700,1);
INSERT INTO "m_member_love_panel" VALUES (48105,720,1);
INSERT INTO "m_member_love_panel" VALUES (49105,740,1);
INSERT INTO "m_member_love_panel" VALUES (50105,760,1);
INSERT INTO "m_member_love_panel_bonus" VALUES (33105,3,100);
INSERT INTO "m_member_love_panel_bonus" VALUES (34105,7,100);
INSERT INTO "m_member_love_panel_bonus" VALUES (35105,6,200);
INSERT INTO "m_member_love_panel_bonus" VALUES (36105,4,100);
INSERT INTO "m_member_love_panel_bonus" VALUES (37105,5,2000);
INSERT INTO "m_member_love_panel_bonus" VALUES (38105,12,500);
INSERT INTO "m_member_love_panel_bonus" VALUES (39105,7,100);
INSERT INTO "m_member_love_panel_bonus" VALUES (40105,13,6);
INSERT INTO "m_member_love_panel_bonus" VALUES (40105,14,4);
INSERT INTO "m_member_love_panel_bonus" VALUES (40105,15,2);
INSERT INTO "m_member_love_panel_bonus" VALUES (41105,1,100);
INSERT INTO "m_member_love_panel_bonus" VALUES (42105,2,100);
INSERT INTO "m_member_love_panel_bonus" VALUES (43105,3,100);
INSERT INTO "m_member_love_panel_bonus" VALUES (44105,7,100);
INSERT INTO "m_member_love_panel_bonus" VALUES (45105,6,200);
INSERT INTO "m_member_love_panel_bonus" VALUES (46105,4,100);
INSERT INTO "m_member_love_panel_bonus" VALUES (47105,5,2000);
INSERT INTO "m_member_love_panel_bonus" VALUES (48105,12,500);
INSERT INTO "m_member_love_panel_bonus" VALUES (49105,7,100);
INSERT INTO "m_member_love_panel_bonus" VALUES (50105,13,6);
INSERT INTO "m_member_love_panel_bonus" VALUES (50105,14,4);
INSERT INTO "m_member_love_panel_bonus" VALUES (50105,15,2);
--
INSERT INTO "m_member_love_panel_cell" VALUES (321105, 0, 33105, 1, 10);
INSERT INTO "m_member_love_panel_cell" VALUES (322105, 1, 33105, 3, 10);
INSERT INTO "m_member_love_panel_cell" VALUES (323105, 2, 33105, 2, 10);
INSERT INTO "m_member_love_panel_cell" VALUES (324105, 3, 33105, 7, 20);
INSERT INTO "m_member_love_panel_cell" VALUES (325105, 4, 33105, 12, 250);
INSERT INTO "m_member_love_panel_cell" VALUES (331105, 0, 34105, 1, 10);
INSERT INTO "m_member_love_panel_cell" VALUES (332105, 1, 34105, 3, 10);
INSERT INTO "m_member_love_panel_cell" VALUES (333105, 2, 34105, 2, 10);
INSERT INTO "m_member_love_panel_cell" VALUES (334105, 3, 34105, 10, 50);
INSERT INTO "m_member_love_panel_cell" VALUES (335105, 4, 34105, 14, 4);
INSERT INTO "m_member_love_panel_cell" VALUES (341105, 0, 35105, 1, 10);
INSERT INTO "m_member_love_panel_cell" VALUES (342105, 1, 35105, 3, 10);
INSERT INTO "m_member_love_panel_cell" VALUES (343105, 2, 35105, 2, 10);
INSERT INTO "m_member_love_panel_cell" VALUES (344105, 3, 35105, 5, 500);
INSERT INTO "m_member_love_panel_cell" VALUES (345105, 4, 35105, 7, 20);
INSERT INTO "m_member_love_panel_cell" VALUES (351105, 0, 36105, 1, 10);
INSERT INTO "m_member_love_panel_cell" VALUES (352105, 1, 36105, 3, 10);
INSERT INTO "m_member_love_panel_cell" VALUES (353105, 2, 36105, 2, 10);
INSERT INTO "m_member_love_panel_cell" VALUES (354105, 3, 36105, 6, 50);
INSERT INTO "m_member_love_panel_cell" VALUES (355105, 4, 36105, 11, 50);
INSERT INTO "m_member_love_panel_cell" VALUES (361105, 0, 37105, 1, 10);
INSERT INTO "m_member_love_panel_cell" VALUES (362105, 1, 37105, 3, 10);
INSERT INTO "m_member_love_panel_cell" VALUES (363105, 2, 37105, 2, 10);
INSERT INTO "m_member_love_panel_cell" VALUES (364105, 3, 37105, 4, 50);
INSERT INTO "m_member_love_panel_cell" VALUES (365105, 4, 37105, 15, 2);
INSERT INTO "m_member_love_panel_cell" VALUES (371105, 0, 38105, 1, 10);
INSERT INTO "m_member_love_panel_cell" VALUES (372105, 1, 38105, 3, 10);
INSERT INTO "m_member_love_panel_cell" VALUES (373105, 2, 33105, 2, 10);
INSERT INTO "m_member_love_panel_cell" VALUES (374105, 3, 38105, 6, 50);
INSERT INTO "m_member_love_panel_cell" VALUES (375105, 4, 38105, 9, 50);
INSERT INTO "m_member_love_panel_cell" VALUES (381105, 0, 39105, 1, 10);
INSERT INTO "m_member_love_panel_cell" VALUES (382105, 1, 39105, 3, 10);
INSERT INTO "m_member_love_panel_cell" VALUES (383105, 2, 39105, 2, 10);
INSERT INTO "m_member_love_panel_cell" VALUES (384105, 3, 39105, 8, 50);
INSERT INTO "m_member_love_panel_cell" VALUES (385105, 4, 39105, 4, 50);
INSERT INTO "m_member_love_panel_cell" VALUES (391105, 0, 40105, 1, 10);
INSERT INTO "m_member_love_panel_cell" VALUES (392105, 1, 40105, 3, 10);
INSERT INTO "m_member_love_panel_cell" VALUES (393105, 2, 40105, 2, 10);
INSERT INTO "m_member_love_panel_cell" VALUES (394105, 3, 40105, 7, 20);
INSERT INTO "m_member_love_panel_cell" VALUES (395105, 4, 40105, 5, 500);
--
INSERT INTO "m_member_love_panel_cell" VALUES (401105, 0, 41105, 1, 10);
INSERT INTO "m_member_love_panel_cell" VALUES (402105, 1, 41105, 3, 10);
INSERT INTO "m_member_love_panel_cell" VALUES (403105, 2, 41105, 2, 10);
INSERT INTO "m_member_love_panel_cell" VALUES (404105, 3, 41105, 4, 50);
INSERT INTO "m_member_love_panel_cell" VALUES (405105, 4, 41105, 6, 50);
INSERT INTO "m_member_love_panel_cell" VALUES (411105, 0, 42105, 1, 10);
INSERT INTO "m_member_love_panel_cell" VALUES (412105, 1, 42105, 3, 10);
INSERT INTO "m_member_love_panel_cell" VALUES (413105, 2, 42105, 2, 10);
INSERT INTO "m_member_love_panel_cell" VALUES (414105, 3, 42105, 5, 500);
INSERT INTO "m_member_love_panel_cell" VALUES (415105, 4, 42105, 13, 6);
INSERT INTO "m_member_love_panel_cell" VALUES (421105, 0, 43105, 1, 10);
INSERT INTO "m_member_love_panel_cell" VALUES (422105, 1, 43105, 3, 10);
INSERT INTO "m_member_love_panel_cell" VALUES (423105, 2, 43105, 2, 10);
INSERT INTO "m_member_love_panel_cell" VALUES (424105, 3, 43105, 7, 20);
INSERT INTO "m_member_love_panel_cell" VALUES (425105, 4, 43105, 12, 250);
INSERT INTO "m_member_love_panel_cell" VALUES (431105, 0, 44105, 1, 10);
INSERT INTO "m_member_love_panel_cell" VALUES (432105, 1, 44105, 3, 10);
INSERT INTO "m_member_love_panel_cell" VALUES (433105, 2, 44105, 2, 10);
INSERT INTO "m_member_love_panel_cell" VALUES (434105, 3, 44105, 10, 50);
INSERT INTO "m_member_love_panel_cell" VALUES (435105, 4, 44105, 14, 4);
INSERT INTO "m_member_love_panel_cell" VALUES (441105, 0, 45105, 1, 10);
INSERT INTO "m_member_love_panel_cell" VALUES (442105, 1, 45105, 3, 10);
INSERT INTO "m_member_love_panel_cell" VALUES (443105, 2, 45105, 2, 10);
INSERT INTO "m_member_love_panel_cell" VALUES (444105, 3, 45105, 5, 500);
INSERT INTO "m_member_love_panel_cell" VALUES (445105, 4, 45105, 7, 20);
INSERT INTO "m_member_love_panel_cell" VALUES (451105, 0, 46105, 1, 10);
INSERT INTO "m_member_love_panel_cell" VALUES (452105, 1, 46105, 3, 10);
INSERT INTO "m_member_love_panel_cell" VALUES (453105, 2, 46105, 2, 10);
INSERT INTO "m_member_love_panel_cell" VALUES (454105, 3, 46105, 6, 50);
INSERT INTO "m_member_love_panel_cell" VALUES (455105, 4, 46105, 11, 50);
INSERT INTO "m_member_love_panel_cell" VALUES (461105, 0, 47105, 1, 10);
INSERT INTO "m_member_love_panel_cell" VALUES (462105, 1, 47105, 3, 10);
INSERT INTO "m_member_love_panel_cell" VALUES (463105, 2, 47105, 2, 10);
INSERT INTO "m_member_love_panel_cell" VALUES (464105, 3, 47105, 4, 50);
INSERT INTO "m_member_love_panel_cell" VALUES (465105, 4, 47105, 15, 2);
INSERT INTO "m_member_love_panel_cell" VALUES (471105, 0, 48105, 1, 10);
INSERT INTO "m_member_love_panel_cell" VALUES (472105, 1, 48105, 3, 10);
INSERT INTO "m_member_love_panel_cell" VALUES (473105, 2, 43105, 2, 10);
INSERT INTO "m_member_love_panel_cell" VALUES (474105, 3, 48105, 6, 50);
INSERT INTO "m_member_love_panel_cell" VALUES (475105, 4, 48105, 9, 50);
INSERT INTO "m_member_love_panel_cell" VALUES (481105, 0, 49105, 1, 10);
INSERT INTO "m_member_love_panel_cell" VALUES (482105, 1, 49105, 3, 10);
INSERT INTO "m_member_love_panel_cell" VALUES (483105, 2, 49105, 2, 10);
INSERT INTO "m_member_love_panel_cell" VALUES (484105, 3, 49105, 8, 50);
INSERT INTO "m_member_love_panel_cell" VALUES (485105, 4, 49105, 4, 50);
INSERT INTO "m_member_love_panel_cell" VALUES (491105, 0, 50105, 1, 10);
INSERT INTO "m_member_love_panel_cell" VALUES (492105, 1, 50105, 3, 10);
INSERT INTO "m_member_love_panel_cell" VALUES (493105, 2, 50105, 2, 10);
INSERT INTO "m_member_love_panel_cell" VALUES (494105, 3, 50105, 7, 20);
INSERT INTO "m_member_love_panel_cell" VALUES (495105, 4, 50105, 5, 500);
-- placeholder source content or we don't need this, for what tho?
INSERT INTO "m_member_love_panel_cell_source_content" VALUES (321105, 1002701, 10, 0, 69);
INSERT INTO "m_member_love_panel_cell_source_content" VALUES (322105, 1002702, 10, 0, 69);
INSERT INTO "m_member_love_panel_cell_source_content" VALUES (323105, 1002703, 10, 0, 69);
INSERT INTO "m_member_love_panel_cell_source_content" VALUES (324105, 1002704, 10, 0, 69);
INSERT INTO "m_member_love_panel_cell_source_content" VALUES (325105, 1002705, 10, 0, 69);
INSERT INTO "m_member_love_panel_cell_source_content" VALUES (331105, 1002701, 10, 0, 69);
INSERT INTO "m_member_love_panel_cell_source_content" VALUES (332105, 1002702, 10, 0, 69);
INSERT INTO "m_member_love_panel_cell_source_content" VALUES (333105, 1002703, 10, 0, 69);
INSERT INTO "m_member_love_panel_cell_source_content" VALUES (334105, 1002704, 10, 0, 69);
INSERT INTO "m_member_love_panel_cell_source_content" VALUES (335105, 1002705, 10, 0, 69);
INSERT INTO "m_member_love_panel_cell_source_content" VALUES (341105, 1002701, 10, 0, 69);
INSERT INTO "m_member_love_panel_cell_source_content" VALUES (342105, 1002702, 10, 0, 69);
INSERT INTO "m_member_love_panel_cell_source_content" VALUES (343105, 1002703, 10, 0, 69);
INSERT INTO "m_member_love_panel_cell_source_content" VALUES (344105, 1002704, 10, 0, 69);
INSERT INTO "m_member_love_panel_cell_source_content" VALUES (345105, 1002705, 10, 0, 69);
INSERT INTO "m_member_love_panel_cell_source_content" VALUES (351105, 1002701, 10, 0, 69);
INSERT INTO "m_member_love_panel_cell_source_content" VALUES (352105, 1002702, 10, 0, 69);
INSERT INTO "m_member_love_panel_cell_source_content" VALUES (353105, 1002703, 10, 0, 69);
INSERT INTO "m_member_love_panel_cell_source_content" VALUES (354105, 1002704, 10, 0, 69);
INSERT INTO "m_member_love_panel_cell_source_content" VALUES (355105, 1002705, 10, 0, 69);
INSERT INTO "m_member_love_panel_cell_source_content" VALUES (361105, 1002701, 10, 0, 69);
INSERT INTO "m_member_love_panel_cell_source_content" VALUES (362105, 1002702, 10, 0, 69);
INSERT INTO "m_member_love_panel_cell_source_content" VALUES (363105, 1002703, 10, 0, 69);
INSERT INTO "m_member_love_panel_cell_source_content" VALUES (364105, 1002704, 10, 0, 69);
INSERT INTO "m_member_love_panel_cell_source_content" VALUES (365105, 1002705, 10, 0, 69);
INSERT INTO "m_member_love_panel_cell_source_content" VALUES (371105, 1002701, 10, 0, 69);
INSERT INTO "m_member_love_panel_cell_source_content" VALUES (372105, 1002702, 10, 0, 69);
INSERT INTO "m_member_love_panel_cell_source_content" VALUES (373105, 1002703, 10, 0, 69);
INSERT INTO "m_member_love_panel_cell_source_content" VALUES (374105, 1002704, 10, 0, 69);
INSERT INTO "m_member_love_panel_cell_source_content" VALUES (375105, 1002705, 10, 0, 69);
INSERT INTO "m_member_love_panel_cell_source_content" VALUES (381105, 1002701, 10, 0, 69);
INSERT INTO "m_member_love_panel_cell_source_content" VALUES (382105, 1002702, 10, 0, 69);
INSERT INTO "m_member_love_panel_cell_source_content" VALUES (383105, 1002703, 10, 0, 69);
INSERT INTO "m_member_love_panel_cell_source_content" VALUES (384105, 1002704, 10, 0, 69);
INSERT INTO "m_member_love_panel_cell_source_content" VALUES (385105, 1002705, 10, 0, 69);
INSERT INTO "m_member_love_panel_cell_source_content" VALUES (391105, 1002701, 10, 0, 69);
INSERT INTO "m_member_love_panel_cell_source_content" VALUES (392105, 1002702, 10, 0, 69);
INSERT INTO "m_member_love_panel_cell_source_content" VALUES (393105, 1002703, 10, 0, 69);
INSERT INTO "m_member_love_panel_cell_source_content" VALUES (394105, 1002704, 10, 0, 69);
INSERT INTO "m_member_love_panel_cell_source_content" VALUES (395105, 1002705, 10, 0, 69);
INSERT INTO "m_member_love_panel_cell_source_content" VALUES (401105, 1002701, 10, 0, 69);
INSERT INTO "m_member_love_panel_cell_source_content" VALUES (402105, 1002702, 10, 0, 69);
INSERT INTO "m_member_love_panel_cell_source_content" VALUES (403105, 1002703, 10, 0, 69);
INSERT INTO "m_member_love_panel_cell_source_content" VALUES (404105, 1002704, 10, 0, 69);
INSERT INTO "m_member_love_panel_cell_source_content" VALUES (405105, 1002705, 10, 0, 69);
INSERT INTO "m_member_love_panel_cell_source_content" VALUES (411105, 1002701, 10, 0, 69);
INSERT INTO "m_member_love_panel_cell_source_content" VALUES (412105, 1002702, 10, 0, 69);
INSERT INTO "m_member_love_panel_cell_source_content" VALUES (413105, 1002703, 10, 0, 69);
INSERT INTO "m_member_love_panel_cell_source_content" VALUES (414105, 1002704, 10, 0, 69);
INSERT INTO "m_member_love_panel_cell_source_content" VALUES (415105, 1002705, 10, 0, 69);
INSERT INTO "m_member_love_panel_cell_source_content" VALUES (421105, 1002701, 10, 0, 69);
INSERT INTO "m_member_love_panel_cell_source_content" VALUES (422105, 1002702, 10, 0, 69);
INSERT INTO "m_member_love_panel_cell_source_content" VALUES (423105, 1002703, 10, 0, 69);
INSERT INTO "m_member_love_panel_cell_source_content" VALUES (424105, 1002704, 10, 0, 69);
INSERT INTO "m_member_love_panel_cell_source_content" VALUES (425105, 1002705, 10, 0, 69);
INSERT INTO "m_member_love_panel_cell_source_content" VALUES (431105, 1002701, 10, 0, 69);
INSERT INTO "m_member_love_panel_cell_source_content" VALUES (432105, 1002702, 10, 0, 69);
INSERT INTO "m_member_love_panel_cell_source_content" VALUES (433105, 1002703, 10, 0, 69);
INSERT INTO "m_member_love_panel_cell_source_content" VALUES (434105, 1002704, 10, 0, 69);
INSERT INTO "m_member_love_panel_cell_source_content" VALUES (435105, 1002705, 10, 0, 69);
INSERT INTO "m_member_love_panel_cell_source_content" VALUES (441105, 1002701, 10, 0, 69);
INSERT INTO "m_member_love_panel_cell_source_content" VALUES (442105, 1002702, 10, 0, 69);
INSERT INTO "m_member_love_panel_cell_source_content" VALUES (443105, 1002703, 10, 0, 69);
INSERT INTO "m_member_love_panel_cell_source_content" VALUES (444105, 1002704, 10, 0, 69);
INSERT INTO "m_member_love_panel_cell_source_content" VALUES (445105, 1002705, 10, 0, 69);
INSERT INTO "m_member_love_panel_cell_source_content" VALUES (451105, 1002701, 10, 0, 69);
INSERT INTO "m_member_love_panel_cell_source_content" VALUES (452105, 1002702, 10, 0, 69);
INSERT INTO "m_member_love_panel_cell_source_content" VALUES (453105, 1002703, 10, 0, 69);
INSERT INTO "m_member_love_panel_cell_source_content" VALUES (454105, 1002704, 10, 0, 69);
INSERT INTO "m_member_love_panel_cell_source_content" VALUES (455105, 1002705, 10, 0, 69);
INSERT INTO "m_member_love_panel_cell_source_content" VALUES (461105, 1002701, 10, 0, 69);
INSERT INTO "m_member_love_panel_cell_source_content" VALUES (462105, 1002702, 10, 0, 69);
INSERT INTO "m_member_love_panel_cell_source_content" VALUES (463105, 1002703, 10, 0, 69);
INSERT INTO "m_member_love_panel_cell_source_content" VALUES (464105, 1002704, 10, 0, 69);
INSERT INTO "m_member_love_panel_cell_source_content" VALUES (465105, 1002705, 10, 0, 69);
INSERT INTO "m_member_love_panel_cell_source_content" VALUES (471105, 1002701, 10, 0, 69);
INSERT INTO "m_member_love_panel_cell_source_content" VALUES (472105, 1002702, 10, 0, 69);
INSERT INTO "m_member_love_panel_cell_source_content" VALUES (473105, 1002703, 10, 0, 69);
INSERT INTO "m_member_love_panel_cell_source_content" VALUES (474105, 1002704, 10, 0, 69);
INSERT INTO "m_member_love_panel_cell_source_content" VALUES (475105, 1002705, 10, 0, 69);
INSERT INTO "m_member_love_panel_cell_source_content" VALUES (481105, 1002701, 10, 0, 69);
INSERT INTO "m_member_love_panel_cell_source_content" VALUES (482105, 1002702, 10, 0, 69);
INSERT INTO "m_member_love_panel_cell_source_content" VALUES (483105, 1002703, 10, 0, 69);
INSERT INTO "m_member_love_panel_cell_source_content" VALUES (484105, 1002704, 10, 0, 69);
INSERT INTO "m_member_love_panel_cell_source_content" VALUES (485105, 1002705, 10, 0, 69);
INSERT INTO "m_member_love_panel_cell_source_content" VALUES (491105, 1002701, 10, 0, 69);
INSERT INTO "m_member_love_panel_cell_source_content" VALUES (492105, 1002702, 10, 0, 69);
INSERT INTO "m_member_love_panel_cell_source_content" VALUES (493105, 1002703, 10, 0, 69);
INSERT INTO "m_member_love_panel_cell_source_content" VALUES (494105, 1002704, 10, 0, 69);
INSERT INTO "m_member_love_panel_cell_source_content" VALUES (495105, 1002705, 10, 0, 69);
-- add missing reward love panel
-- GPT need: loop create copy, find "001" and replace all [002 - 009, 101 - 109, 201 - 212]
INSERT INTO "m_member_love_panel" VALUES (33106,420,1);
INSERT INTO "m_member_love_panel" VALUES (34106,440,1);
INSERT INTO "m_member_love_panel" VALUES (35106,460,1);
INSERT INTO "m_member_love_panel" VALUES (36106,480,1);
INSERT INTO "m_member_love_panel" VALUES (37106,500,1);
INSERT INTO "m_member_love_panel" VALUES (38106,520,1);
INSERT INTO "m_member_love_panel" VALUES (39106,540,1);
INSERT INTO "m_member_love_panel" VALUES (40106,560,1);
INSERT INTO "m_member_love_panel" VALUES (41106,580,1);
INSERT INTO "m_member_love_panel" VALUES (42106,600,1);
INSERT INTO "m_member_love_panel" VALUES (43106,620,1);
INSERT INTO "m_member_love_panel" VALUES (44106,640,1);
INSERT INTO "m_member_love_panel" VALUES (45106,660,1);
INSERT INTO "m_member_love_panel" VALUES (46106,680,1);
INSERT INTO "m_member_love_panel" VALUES (47106,700,1);
INSERT INTO "m_member_love_panel" VALUES (48106,720,1);
INSERT INTO "m_member_love_panel" VALUES (49106,740,1);
INSERT INTO "m_member_love_panel" VALUES (50106,760,1);
INSERT INTO "m_member_love_panel_bonus" VALUES (33106,3,100);
INSERT INTO "m_member_love_panel_bonus" VALUES (34106,7,100);
INSERT INTO "m_member_love_panel_bonus" VALUES (35106,6,200);
INSERT INTO "m_member_love_panel_bonus" VALUES (36106,4,100);
INSERT INTO "m_member_love_panel_bonus" VALUES (37106,5,2000);
INSERT INTO "m_member_love_panel_bonus" VALUES (38106,12,500);
INSERT INTO "m_member_love_panel_bonus" VALUES (39106,7,100);
INSERT INTO "m_member_love_panel_bonus" VALUES (40106,13,6);
INSERT INTO "m_member_love_panel_bonus" VALUES (40106,14,4);
INSERT INTO "m_member_love_panel_bonus" VALUES (40106,15,2);
INSERT INTO "m_member_love_panel_bonus" VALUES (41106,1,100);
INSERT INTO "m_member_love_panel_bonus" VALUES (42106,2,100);
INSERT INTO "m_member_love_panel_bonus" VALUES (43106,3,100);
INSERT INTO "m_member_love_panel_bonus" VALUES (44106,7,100);
INSERT INTO "m_member_love_panel_bonus" VALUES (45106,6,200);
INSERT INTO "m_member_love_panel_bonus" VALUES (46106,4,100);
INSERT INTO "m_member_love_panel_bonus" VALUES (47106,5,2000);
INSERT INTO "m_member_love_panel_bonus" VALUES (48106,12,500);
INSERT INTO "m_member_love_panel_bonus" VALUES (49106,7,100);
INSERT INTO "m_member_love_panel_bonus" VALUES (50106,13,6);
INSERT INTO "m_member_love_panel_bonus" VALUES (50106,14,4);
INSERT INTO "m_member_love_panel_bonus" VALUES (50106,15,2);
--
INSERT INTO "m_member_love_panel_cell" VALUES (321106, 0, 33106, 1, 10);
INSERT INTO "m_member_love_panel_cell" VALUES (322106, 1, 33106, 3, 10);
INSERT INTO "m_member_love_panel_cell" VALUES (323106, 2, 33106, 2, 10);
INSERT INTO "m_member_love_panel_cell" VALUES (324106, 3, 33106, 7, 20);
INSERT INTO "m_member_love_panel_cell" VALUES (325106, 4, 33106, 12, 250);
INSERT INTO "m_member_love_panel_cell" VALUES (331106, 0, 34106, 1, 10);
INSERT INTO "m_member_love_panel_cell" VALUES (332106, 1, 34106, 3, 10);
INSERT INTO "m_member_love_panel_cell" VALUES (333106, 2, 34106, 2, 10);
INSERT INTO "m_member_love_panel_cell" VALUES (334106, 3, 34106, 10, 50);
INSERT INTO "m_member_love_panel_cell" VALUES (335106, 4, 34106, 14, 4);
INSERT INTO "m_member_love_panel_cell" VALUES (341106, 0, 35106, 1, 10);
INSERT INTO "m_member_love_panel_cell" VALUES (342106, 1, 35106, 3, 10);
INSERT INTO "m_member_love_panel_cell" VALUES (343106, 2, 35106, 2, 10);
INSERT INTO "m_member_love_panel_cell" VALUES (344106, 3, 35106, 5, 500);
INSERT INTO "m_member_love_panel_cell" VALUES (345106, 4, 35106, 7, 20);
INSERT INTO "m_member_love_panel_cell" VALUES (351106, 0, 36106, 1, 10);
INSERT INTO "m_member_love_panel_cell" VALUES (352106, 1, 36106, 3, 10);
INSERT INTO "m_member_love_panel_cell" VALUES (353106, 2, 36106, 2, 10);
INSERT INTO "m_member_love_panel_cell" VALUES (354106, 3, 36106, 6, 50);
INSERT INTO "m_member_love_panel_cell" VALUES (355106, 4, 36106, 11, 50);
INSERT INTO "m_member_love_panel_cell" VALUES (361106, 0, 37106, 1, 10);
INSERT INTO "m_member_love_panel_cell" VALUES (362106, 1, 37106, 3, 10);
INSERT INTO "m_member_love_panel_cell" VALUES (363106, 2, 37106, 2, 10);
INSERT INTO "m_member_love_panel_cell" VALUES (364106, 3, 37106, 4, 50);
INSERT INTO "m_member_love_panel_cell" VALUES (365106, 4, 37106, 15, 2);
INSERT INTO "m_member_love_panel_cell" VALUES (371106, 0, 38106, 1, 10);
INSERT INTO "m_member_love_panel_cell" VALUES (372106, 1, 38106, 3, 10);
INSERT INTO "m_member_love_panel_cell" VALUES (373106, 2, 33106, 2, 10);
INSERT INTO "m_member_love_panel_cell" VALUES (374106, 3, 38106, 6, 50);
INSERT INTO "m_member_love_panel_cell" VALUES (375106, 4, 38106, 9, 50);
INSERT INTO "m_member_love_panel_cell" VALUES (381106, 0, 39106, 1, 10);
INSERT INTO "m_member_love_panel_cell" VALUES (382106, 1, 39106, 3, 10);
INSERT INTO "m_member_love_panel_cell" VALUES (383106, 2, 39106, 2, 10);
INSERT INTO "m_member_love_panel_cell" VALUES (384106, 3, 39106, 8, 50);
INSERT INTO "m_member_love_panel_cell" VALUES (385106, 4, 39106, 4, 50);
INSERT INTO "m_member_love_panel_cell" VALUES (391106, 0, 40106, 1, 10);
INSERT INTO "m_member_love_panel_cell" VALUES (392106, 1, 40106, 3, 10);
INSERT INTO "m_member_love_panel_cell" VALUES (393106, 2, 40106, 2, 10);
INSERT INTO "m_member_love_panel_cell" VALUES (394106, 3, 40106, 7, 20);
INSERT INTO "m_member_love_panel_cell" VALUES (395106, 4, 40106, 5, 500);
--
INSERT INTO "m_member_love_panel_cell" VALUES (401106, 0, 41106, 1, 10);
INSERT INTO "m_member_love_panel_cell" VALUES (402106, 1, 41106, 3, 10);
INSERT INTO "m_member_love_panel_cell" VALUES (403106, 2, 41106, 2, 10);
INSERT INTO "m_member_love_panel_cell" VALUES (404106, 3, 41106, 4, 50);
INSERT INTO "m_member_love_panel_cell" VALUES (405106, 4, 41106, 6, 50);
INSERT INTO "m_member_love_panel_cell" VALUES (411106, 0, 42106, 1, 10);
INSERT INTO "m_member_love_panel_cell" VALUES (412106, 1, 42106, 3, 10);
INSERT INTO "m_member_love_panel_cell" VALUES (413106, 2, 42106, 2, 10);
INSERT INTO "m_member_love_panel_cell" VALUES (414106, 3, 42106, 5, 500);
INSERT INTO "m_member_love_panel_cell" VALUES (415106, 4, 42106, 13, 6);
INSERT INTO "m_member_love_panel_cell" VALUES (421106, 0, 43106, 1, 10);
INSERT INTO "m_member_love_panel_cell" VALUES (422106, 1, 43106, 3, 10);
INSERT INTO "m_member_love_panel_cell" VALUES (423106, 2, 43106, 2, 10);
INSERT INTO "m_member_love_panel_cell" VALUES (424106, 3, 43106, 7, 20);
INSERT INTO "m_member_love_panel_cell" VALUES (425106, 4, 43106, 12, 250);
INSERT INTO "m_member_love_panel_cell" VALUES (431106, 0, 44106, 1, 10);
INSERT INTO "m_member_love_panel_cell" VALUES (432106, 1, 44106, 3, 10);
INSERT INTO "m_member_love_panel_cell" VALUES (433106, 2, 44106, 2, 10);
INSERT INTO "m_member_love_panel_cell" VALUES (434106, 3, 44106, 10, 50);
INSERT INTO "m_member_love_panel_cell" VALUES (435106, 4, 44106, 14, 4);
INSERT INTO "m_member_love_panel_cell" VALUES (441106, 0, 45106, 1, 10);
INSERT INTO "m_member_love_panel_cell" VALUES (442106, 1, 45106, 3, 10);
INSERT INTO "m_member_love_panel_cell" VALUES (443106, 2, 45106, 2, 10);
INSERT INTO "m_member_love_panel_cell" VALUES (444106, 3, 45106, 5, 500);
INSERT INTO "m_member_love_panel_cell" VALUES (445106, 4, 45106, 7, 20);
INSERT INTO "m_member_love_panel_cell" VALUES (451106, 0, 46106, 1, 10);
INSERT INTO "m_member_love_panel_cell" VALUES (452106, 1, 46106, 3, 10);
INSERT INTO "m_member_love_panel_cell" VALUES (453106, 2, 46106, 2, 10);
INSERT INTO "m_member_love_panel_cell" VALUES (454106, 3, 46106, 6, 50);
INSERT INTO "m_member_love_panel_cell" VALUES (455106, 4, 46106, 11, 50);
INSERT INTO "m_member_love_panel_cell" VALUES (461106, 0, 47106, 1, 10);
INSERT INTO "m_member_love_panel_cell" VALUES (462106, 1, 47106, 3, 10);
INSERT INTO "m_member_love_panel_cell" VALUES (463106, 2, 47106, 2, 10);
INSERT INTO "m_member_love_panel_cell" VALUES (464106, 3, 47106, 4, 50);
INSERT INTO "m_member_love_panel_cell" VALUES (465106, 4, 47106, 15, 2);
INSERT INTO "m_member_love_panel_cell" VALUES (471106, 0, 48106, 1, 10);
INSERT INTO "m_member_love_panel_cell" VALUES (472106, 1, 48106, 3, 10);
INSERT INTO "m_member_love_panel_cell" VALUES (473106, 2, 43106, 2, 10);
INSERT INTO "m_member_love_panel_cell" VALUES (474106, 3, 48106, 6, 50);
INSERT INTO "m_member_love_panel_cell" VALUES (475106, 4, 48106, 9, 50);
INSERT INTO "m_member_love_panel_cell" VALUES (481106, 0, 49106, 1, 10);
INSERT INTO "m_member_love_panel_cell" VALUES (482106, 1, 49106, 3, 10);
INSERT INTO "m_member_love_panel_cell" VALUES (483106, 2, 49106, 2, 10);
INSERT INTO "m_member_love_panel_cell" VALUES (484106, 3, 49106, 8, 50);
INSERT INTO "m_member_love_panel_cell" VALUES (485106, 4, 49106, 4, 50);
INSERT INTO "m_member_love_panel_cell" VALUES (491106, 0, 50106, 1, 10);
INSERT INTO "m_member_love_panel_cell" VALUES (492106, 1, 50106, 3, 10);
INSERT INTO "m_member_love_panel_cell" VALUES (493106, 2, 50106, 2, 10);
INSERT INTO "m_member_love_panel_cell" VALUES (494106, 3, 50106, 7, 20);
INSERT INTO "m_member_love_panel_cell" VALUES (495106, 4, 50106, 5, 500);
-- placeholder source content or we don't need this, for what tho?
INSERT INTO "m_member_love_panel_cell_source_content" VALUES (321106, 1002701, 10, 0, 69);
INSERT INTO "m_member_love_panel_cell_source_content" VALUES (322106, 1002702, 10, 0, 69);
INSERT INTO "m_member_love_panel_cell_source_content" VALUES (323106, 1002703, 10, 0, 69);
INSERT INTO "m_member_love_panel_cell_source_content" VALUES (324106, 1002704, 10, 0, 69);
INSERT INTO "m_member_love_panel_cell_source_content" VALUES (325106, 1002705, 10, 0, 69);
INSERT INTO "m_member_love_panel_cell_source_content" VALUES (331106, 1002701, 10, 0, 69);
INSERT INTO "m_member_love_panel_cell_source_content" VALUES (332106, 1002702, 10, 0, 69);
INSERT INTO "m_member_love_panel_cell_source_content" VALUES (333106, 1002703, 10, 0, 69);
INSERT INTO "m_member_love_panel_cell_source_content" VALUES (334106, 1002704, 10, 0, 69);
INSERT INTO "m_member_love_panel_cell_source_content" VALUES (335106, 1002705, 10, 0, 69);
INSERT INTO "m_member_love_panel_cell_source_content" VALUES (341106, 1002701, 10, 0, 69);
INSERT INTO "m_member_love_panel_cell_source_content" VALUES (342106, 1002702, 10, 0, 69);
INSERT INTO "m_member_love_panel_cell_source_content" VALUES (343106, 1002703, 10, 0, 69);
INSERT INTO "m_member_love_panel_cell_source_content" VALUES (344106, 1002704, 10, 0, 69);
INSERT INTO "m_member_love_panel_cell_source_content" VALUES (345106, 1002705, 10, 0, 69);
INSERT INTO "m_member_love_panel_cell_source_content" VALUES (351106, 1002701, 10, 0, 69);
INSERT INTO "m_member_love_panel_cell_source_content" VALUES (352106, 1002702, 10, 0, 69);
INSERT INTO "m_member_love_panel_cell_source_content" VALUES (353106, 1002703, 10, 0, 69);
INSERT INTO "m_member_love_panel_cell_source_content" VALUES (354106, 1002704, 10, 0, 69);
INSERT INTO "m_member_love_panel_cell_source_content" VALUES (355106, 1002705, 10, 0, 69);
INSERT INTO "m_member_love_panel_cell_source_content" VALUES (361106, 1002701, 10, 0, 69);
INSERT INTO "m_member_love_panel_cell_source_content" VALUES (362106, 1002702, 10, 0, 69);
INSERT INTO "m_member_love_panel_cell_source_content" VALUES (363106, 1002703, 10, 0, 69);
INSERT INTO "m_member_love_panel_cell_source_content" VALUES (364106, 1002704, 10, 0, 69);
INSERT INTO "m_member_love_panel_cell_source_content" VALUES (365106, 1002705, 10, 0, 69);
INSERT INTO "m_member_love_panel_cell_source_content" VALUES (371106, 1002701, 10, 0, 69);
INSERT INTO "m_member_love_panel_cell_source_content" VALUES (372106, 1002702, 10, 0, 69);
INSERT INTO "m_member_love_panel_cell_source_content" VALUES (373106, 1002703, 10, 0, 69);
INSERT INTO "m_member_love_panel_cell_source_content" VALUES (374106, 1002704, 10, 0, 69);
INSERT INTO "m_member_love_panel_cell_source_content" VALUES (375106, 1002705, 10, 0, 69);
INSERT INTO "m_member_love_panel_cell_source_content" VALUES (381106, 1002701, 10, 0, 69);
INSERT INTO "m_member_love_panel_cell_source_content" VALUES (382106, 1002702, 10, 0, 69);
INSERT INTO "m_member_love_panel_cell_source_content" VALUES (383106, 1002703, 10, 0, 69);
INSERT INTO "m_member_love_panel_cell_source_content" VALUES (384106, 1002704, 10, 0, 69);
INSERT INTO "m_member_love_panel_cell_source_content" VALUES (385106, 1002705, 10, 0, 69);
INSERT INTO "m_member_love_panel_cell_source_content" VALUES (391106, 1002701, 10, 0, 69);
INSERT INTO "m_member_love_panel_cell_source_content" VALUES (392106, 1002702, 10, 0, 69);
INSERT INTO "m_member_love_panel_cell_source_content" VALUES (393106, 1002703, 10, 0, 69);
INSERT INTO "m_member_love_panel_cell_source_content" VALUES (394106, 1002704, 10, 0, 69);
INSERT INTO "m_member_love_panel_cell_source_content" VALUES (395106, 1002705, 10, 0, 69);
INSERT INTO "m_member_love_panel_cell_source_content" VALUES (401106, 1002701, 10, 0, 69);
INSERT INTO "m_member_love_panel_cell_source_content" VALUES (402106, 1002702, 10, 0, 69);
INSERT INTO "m_member_love_panel_cell_source_content" VALUES (403106, 1002703, 10, 0, 69);
INSERT INTO "m_member_love_panel_cell_source_content" VALUES (404106, 1002704, 10, 0, 69);
INSERT INTO "m_member_love_panel_cell_source_content" VALUES (405106, 1002705, 10, 0, 69);
INSERT INTO "m_member_love_panel_cell_source_content" VALUES (411106, 1002701, 10, 0, 69);
INSERT INTO "m_member_love_panel_cell_source_content" VALUES (412106, 1002702, 10, 0, 69);
INSERT INTO "m_member_love_panel_cell_source_content" VALUES (413106, 1002703, 10, 0, 69);
INSERT INTO "m_member_love_panel_cell_source_content" VALUES (414106, 1002704, 10, 0, 69);
INSERT INTO "m_member_love_panel_cell_source_content" VALUES (415106, 1002705, 10, 0, 69);
INSERT INTO "m_member_love_panel_cell_source_content" VALUES (421106, 1002701, 10, 0, 69);
INSERT INTO "m_member_love_panel_cell_source_content" VALUES (422106, 1002702, 10, 0, 69);
INSERT INTO "m_member_love_panel_cell_source_content" VALUES (423106, 1002703, 10, 0, 69);
INSERT INTO "m_member_love_panel_cell_source_content" VALUES (424106, 1002704, 10, 0, 69);
INSERT INTO "m_member_love_panel_cell_source_content" VALUES (425106, 1002705, 10, 0, 69);
INSERT INTO "m_member_love_panel_cell_source_content" VALUES (431106, 1002701, 10, 0, 69);
INSERT INTO "m_member_love_panel_cell_source_content" VALUES (432106, 1002702, 10, 0, 69);
INSERT INTO "m_member_love_panel_cell_source_content" VALUES (433106, 1002703, 10, 0, 69);
INSERT INTO "m_member_love_panel_cell_source_content" VALUES (434106, 1002704, 10, 0, 69);
INSERT INTO "m_member_love_panel_cell_source_content" VALUES (435106, 1002705, 10, 0, 69);
INSERT INTO "m_member_love_panel_cell_source_content" VALUES (441106, 1002701, 10, 0, 69);
INSERT INTO "m_member_love_panel_cell_source_content" VALUES (442106, 1002702, 10, 0, 69);
INSERT INTO "m_member_love_panel_cell_source_content" VALUES (443106, 1002703, 10, 0, 69);
INSERT INTO "m_member_love_panel_cell_source_content" VALUES (444106, 1002704, 10, 0, 69);
INSERT INTO "m_member_love_panel_cell_source_content" VALUES (445106, 1002705, 10, 0, 69);
INSERT INTO "m_member_love_panel_cell_source_content" VALUES (451106, 1002701, 10, 0, 69);
INSERT INTO "m_member_love_panel_cell_source_content" VALUES (452106, 1002702, 10, 0, 69);
INSERT INTO "m_member_love_panel_cell_source_content" VALUES (453106, 1002703, 10, 0, 69);
INSERT INTO "m_member_love_panel_cell_source_content" VALUES (454106, 1002704, 10, 0, 69);
INSERT INTO "m_member_love_panel_cell_source_content" VALUES (455106, 1002705, 10, 0, 69);
INSERT INTO "m_member_love_panel_cell_source_content" VALUES (461106, 1002701, 10, 0, 69);
INSERT INTO "m_member_love_panel_cell_source_content" VALUES (462106, 1002702, 10, 0, 69);
INSERT INTO "m_member_love_panel_cell_source_content" VALUES (463106, 1002703, 10, 0, 69);
INSERT INTO "m_member_love_panel_cell_source_content" VALUES (464106, 1002704, 10, 0, 69);
INSERT INTO "m_member_love_panel_cell_source_content" VALUES (465106, 1002705, 10, 0, 69);
INSERT INTO "m_member_love_panel_cell_source_content" VALUES (471106, 1002701, 10, 0, 69);
INSERT INTO "m_member_love_panel_cell_source_content" VALUES (472106, 1002702, 10, 0, 69);
INSERT INTO "m_member_love_panel_cell_source_content" VALUES (473106, 1002703, 10, 0, 69);
INSERT INTO "m_member_love_panel_cell_source_content" VALUES (474106, 1002704, 10, 0, 69);
INSERT INTO "m_member_love_panel_cell_source_content" VALUES (475106, 1002705, 10, 0, 69);
INSERT INTO "m_member_love_panel_cell_source_content" VALUES (481106, 1002701, 10, 0, 69);
INSERT INTO "m_member_love_panel_cell_source_content" VALUES (482106, 1002702, 10, 0, 69);
INSERT INTO "m_member_love_panel_cell_source_content" VALUES (483106, 1002703, 10, 0, 69);
INSERT INTO "m_member_love_panel_cell_source_content" VALUES (484106, 1002704, 10, 0, 69);
INSERT INTO "m_member_love_panel_cell_source_content" VALUES (485106, 1002705, 10, 0, 69);
INSERT INTO "m_member_love_panel_cell_source_content" VALUES (491106, 1002701, 10, 0, 69);
INSERT INTO "m_member_love_panel_cell_source_content" VALUES (492106, 1002702, 10, 0, 69);
INSERT INTO "m_member_love_panel_cell_source_content" VALUES (493106, 1002703, 10, 0, 69);
INSERT INTO "m_member_love_panel_cell_source_content" VALUES (494106, 1002704, 10, 0, 69);
INSERT INTO "m_member_love_panel_cell_source_content" VALUES (495106, 1002705, 10, 0, 69);
-- add missing reward love panel
-- GPT need: loop create copy, find "001" and replace all [002 - 009, 101 - 109, 201 - 212]
INSERT INTO "m_member_love_panel" VALUES (33107,420,1);
INSERT INTO "m_member_love_panel" VALUES (34107,440,1);
INSERT INTO "m_member_love_panel" VALUES (35107,460,1);
INSERT INTO "m_member_love_panel" VALUES (36107,480,1);
INSERT INTO "m_member_love_panel" VALUES (37107,500,1);
INSERT INTO "m_member_love_panel" VALUES (38107,520,1);
INSERT INTO "m_member_love_panel" VALUES (39107,540,1);
INSERT INTO "m_member_love_panel" VALUES (40107,560,1);
INSERT INTO "m_member_love_panel" VALUES (41107,580,1);
INSERT INTO "m_member_love_panel" VALUES (42107,600,1);
INSERT INTO "m_member_love_panel" VALUES (43107,620,1);
INSERT INTO "m_member_love_panel" VALUES (44107,640,1);
INSERT INTO "m_member_love_panel" VALUES (45107,660,1);
INSERT INTO "m_member_love_panel" VALUES (46107,680,1);
INSERT INTO "m_member_love_panel" VALUES (47107,700,1);
INSERT INTO "m_member_love_panel" VALUES (48107,720,1);
INSERT INTO "m_member_love_panel" VALUES (49107,740,1);
INSERT INTO "m_member_love_panel" VALUES (50107,760,1);
INSERT INTO "m_member_love_panel_bonus" VALUES (33107,3,100);
INSERT INTO "m_member_love_panel_bonus" VALUES (34107,7,100);
INSERT INTO "m_member_love_panel_bonus" VALUES (35107,6,200);
INSERT INTO "m_member_love_panel_bonus" VALUES (36107,4,100);
INSERT INTO "m_member_love_panel_bonus" VALUES (37107,5,2000);
INSERT INTO "m_member_love_panel_bonus" VALUES (38107,12,500);
INSERT INTO "m_member_love_panel_bonus" VALUES (39107,7,100);
INSERT INTO "m_member_love_panel_bonus" VALUES (40107,13,6);
INSERT INTO "m_member_love_panel_bonus" VALUES (40107,14,4);
INSERT INTO "m_member_love_panel_bonus" VALUES (40107,15,2);
INSERT INTO "m_member_love_panel_bonus" VALUES (41107,1,100);
INSERT INTO "m_member_love_panel_bonus" VALUES (42107,2,100);
INSERT INTO "m_member_love_panel_bonus" VALUES (43107,3,100);
INSERT INTO "m_member_love_panel_bonus" VALUES (44107,7,100);
INSERT INTO "m_member_love_panel_bonus" VALUES (45107,6,200);
INSERT INTO "m_member_love_panel_bonus" VALUES (46107,4,100);
INSERT INTO "m_member_love_panel_bonus" VALUES (47107,5,2000);
INSERT INTO "m_member_love_panel_bonus" VALUES (48107,12,500);
INSERT INTO "m_member_love_panel_bonus" VALUES (49107,7,100);
INSERT INTO "m_member_love_panel_bonus" VALUES (50107,13,6);
INSERT INTO "m_member_love_panel_bonus" VALUES (50107,14,4);
INSERT INTO "m_member_love_panel_bonus" VALUES (50107,15,2);
--
INSERT INTO "m_member_love_panel_cell" VALUES (321107, 0, 33107, 1, 10);
INSERT INTO "m_member_love_panel_cell" VALUES (322107, 1, 33107, 3, 10);
INSERT INTO "m_member_love_panel_cell" VALUES (323107, 2, 33107, 2, 10);
INSERT INTO "m_member_love_panel_cell" VALUES (324107, 3, 33107, 7, 20);
INSERT INTO "m_member_love_panel_cell" VALUES (325107, 4, 33107, 12, 250);
INSERT INTO "m_member_love_panel_cell" VALUES (331107, 0, 34107, 1, 10);
INSERT INTO "m_member_love_panel_cell" VALUES (332107, 1, 34107, 3, 10);
INSERT INTO "m_member_love_panel_cell" VALUES (333107, 2, 34107, 2, 10);
INSERT INTO "m_member_love_panel_cell" VALUES (334107, 3, 34107, 10, 50);
INSERT INTO "m_member_love_panel_cell" VALUES (335107, 4, 34107, 14, 4);
INSERT INTO "m_member_love_panel_cell" VALUES (341107, 0, 35107, 1, 10);
INSERT INTO "m_member_love_panel_cell" VALUES (342107, 1, 35107, 3, 10);
INSERT INTO "m_member_love_panel_cell" VALUES (343107, 2, 35107, 2, 10);
INSERT INTO "m_member_love_panel_cell" VALUES (344107, 3, 35107, 5, 500);
INSERT INTO "m_member_love_panel_cell" VALUES (345107, 4, 35107, 7, 20);
INSERT INTO "m_member_love_panel_cell" VALUES (351107, 0, 36107, 1, 10);
INSERT INTO "m_member_love_panel_cell" VALUES (352107, 1, 36107, 3, 10);
INSERT INTO "m_member_love_panel_cell" VALUES (353107, 2, 36107, 2, 10);
INSERT INTO "m_member_love_panel_cell" VALUES (354107, 3, 36107, 6, 50);
INSERT INTO "m_member_love_panel_cell" VALUES (355107, 4, 36107, 11, 50);
INSERT INTO "m_member_love_panel_cell" VALUES (361107, 0, 37107, 1, 10);
INSERT INTO "m_member_love_panel_cell" VALUES (362107, 1, 37107, 3, 10);
INSERT INTO "m_member_love_panel_cell" VALUES (363107, 2, 37107, 2, 10);
INSERT INTO "m_member_love_panel_cell" VALUES (364107, 3, 37107, 4, 50);
INSERT INTO "m_member_love_panel_cell" VALUES (365107, 4, 37107, 15, 2);
INSERT INTO "m_member_love_panel_cell" VALUES (371107, 0, 38107, 1, 10);
INSERT INTO "m_member_love_panel_cell" VALUES (372107, 1, 38107, 3, 10);
INSERT INTO "m_member_love_panel_cell" VALUES (373107, 2, 33107, 2, 10);
INSERT INTO "m_member_love_panel_cell" VALUES (374107, 3, 38107, 6, 50);
INSERT INTO "m_member_love_panel_cell" VALUES (375107, 4, 38107, 9, 50);
INSERT INTO "m_member_love_panel_cell" VALUES (381107, 0, 39107, 1, 10);
INSERT INTO "m_member_love_panel_cell" VALUES (382107, 1, 39107, 3, 10);
INSERT INTO "m_member_love_panel_cell" VALUES (383107, 2, 39107, 2, 10);
INSERT INTO "m_member_love_panel_cell" VALUES (384107, 3, 39107, 8, 50);
INSERT INTO "m_member_love_panel_cell" VALUES (385107, 4, 39107, 4, 50);
INSERT INTO "m_member_love_panel_cell" VALUES (391107, 0, 40107, 1, 10);
INSERT INTO "m_member_love_panel_cell" VALUES (392107, 1, 40107, 3, 10);
INSERT INTO "m_member_love_panel_cell" VALUES (393107, 2, 40107, 2, 10);
INSERT INTO "m_member_love_panel_cell" VALUES (394107, 3, 40107, 7, 20);
INSERT INTO "m_member_love_panel_cell" VALUES (395107, 4, 40107, 5, 500);
--
INSERT INTO "m_member_love_panel_cell" VALUES (401107, 0, 41107, 1, 10);
INSERT INTO "m_member_love_panel_cell" VALUES (402107, 1, 41107, 3, 10);
INSERT INTO "m_member_love_panel_cell" VALUES (403107, 2, 41107, 2, 10);
INSERT INTO "m_member_love_panel_cell" VALUES (404107, 3, 41107, 4, 50);
INSERT INTO "m_member_love_panel_cell" VALUES (405107, 4, 41107, 6, 50);
INSERT INTO "m_member_love_panel_cell" VALUES (411107, 0, 42107, 1, 10);
INSERT INTO "m_member_love_panel_cell" VALUES (412107, 1, 42107, 3, 10);
INSERT INTO "m_member_love_panel_cell" VALUES (413107, 2, 42107, 2, 10);
INSERT INTO "m_member_love_panel_cell" VALUES (414107, 3, 42107, 5, 500);
INSERT INTO "m_member_love_panel_cell" VALUES (415107, 4, 42107, 13, 6);
INSERT INTO "m_member_love_panel_cell" VALUES (421107, 0, 43107, 1, 10);
INSERT INTO "m_member_love_panel_cell" VALUES (422107, 1, 43107, 3, 10);
INSERT INTO "m_member_love_panel_cell" VALUES (423107, 2, 43107, 2, 10);
INSERT INTO "m_member_love_panel_cell" VALUES (424107, 3, 43107, 7, 20);
INSERT INTO "m_member_love_panel_cell" VALUES (425107, 4, 43107, 12, 250);
INSERT INTO "m_member_love_panel_cell" VALUES (431107, 0, 44107, 1, 10);
INSERT INTO "m_member_love_panel_cell" VALUES (432107, 1, 44107, 3, 10);
INSERT INTO "m_member_love_panel_cell" VALUES (433107, 2, 44107, 2, 10);
INSERT INTO "m_member_love_panel_cell" VALUES (434107, 3, 44107, 10, 50);
INSERT INTO "m_member_love_panel_cell" VALUES (435107, 4, 44107, 14, 4);
INSERT INTO "m_member_love_panel_cell" VALUES (441107, 0, 45107, 1, 10);
INSERT INTO "m_member_love_panel_cell" VALUES (442107, 1, 45107, 3, 10);
INSERT INTO "m_member_love_panel_cell" VALUES (443107, 2, 45107, 2, 10);
INSERT INTO "m_member_love_panel_cell" VALUES (444107, 3, 45107, 5, 500);
INSERT INTO "m_member_love_panel_cell" VALUES (445107, 4, 45107, 7, 20);
INSERT INTO "m_member_love_panel_cell" VALUES (451107, 0, 46107, 1, 10);
INSERT INTO "m_member_love_panel_cell" VALUES (452107, 1, 46107, 3, 10);
INSERT INTO "m_member_love_panel_cell" VALUES (453107, 2, 46107, 2, 10);
INSERT INTO "m_member_love_panel_cell" VALUES (454107, 3, 46107, 6, 50);
INSERT INTO "m_member_love_panel_cell" VALUES (455107, 4, 46107, 11, 50);
INSERT INTO "m_member_love_panel_cell" VALUES (461107, 0, 47107, 1, 10);
INSERT INTO "m_member_love_panel_cell" VALUES (462107, 1, 47107, 3, 10);
INSERT INTO "m_member_love_panel_cell" VALUES (463107, 2, 47107, 2, 10);
INSERT INTO "m_member_love_panel_cell" VALUES (464107, 3, 47107, 4, 50);
INSERT INTO "m_member_love_panel_cell" VALUES (465107, 4, 47107, 15, 2);
INSERT INTO "m_member_love_panel_cell" VALUES (471107, 0, 48107, 1, 10);
INSERT INTO "m_member_love_panel_cell" VALUES (472107, 1, 48107, 3, 10);
INSERT INTO "m_member_love_panel_cell" VALUES (473107, 2, 43107, 2, 10);
INSERT INTO "m_member_love_panel_cell" VALUES (474107, 3, 48107, 6, 50);
INSERT INTO "m_member_love_panel_cell" VALUES (475107, 4, 48107, 9, 50);
INSERT INTO "m_member_love_panel_cell" VALUES (481107, 0, 49107, 1, 10);
INSERT INTO "m_member_love_panel_cell" VALUES (482107, 1, 49107, 3, 10);
INSERT INTO "m_member_love_panel_cell" VALUES (483107, 2, 49107, 2, 10);
INSERT INTO "m_member_love_panel_cell" VALUES (484107, 3, 49107, 8, 50);
INSERT INTO "m_member_love_panel_cell" VALUES (485107, 4, 49107, 4, 50);
INSERT INTO "m_member_love_panel_cell" VALUES (491107, 0, 50107, 1, 10);
INSERT INTO "m_member_love_panel_cell" VALUES (492107, 1, 50107, 3, 10);
INSERT INTO "m_member_love_panel_cell" VALUES (493107, 2, 50107, 2, 10);
INSERT INTO "m_member_love_panel_cell" VALUES (494107, 3, 50107, 7, 20);
INSERT INTO "m_member_love_panel_cell" VALUES (495107, 4, 50107, 5, 500);
-- placeholder source content or we don't need this, for what tho?
INSERT INTO "m_member_love_panel_cell_source_content" VALUES (321107, 1002701, 10, 0, 69);
INSERT INTO "m_member_love_panel_cell_source_content" VALUES (322107, 1002702, 10, 0, 69);
INSERT INTO "m_member_love_panel_cell_source_content" VALUES (323107, 1002703, 10, 0, 69);
INSERT INTO "m_member_love_panel_cell_source_content" VALUES (324107, 1002704, 10, 0, 69);
INSERT INTO "m_member_love_panel_cell_source_content" VALUES (325107, 1002705, 10, 0, 69);
INSERT INTO "m_member_love_panel_cell_source_content" VALUES (331107, 1002701, 10, 0, 69);
INSERT INTO "m_member_love_panel_cell_source_content" VALUES (332107, 1002702, 10, 0, 69);
INSERT INTO "m_member_love_panel_cell_source_content" VALUES (333107, 1002703, 10, 0, 69);
INSERT INTO "m_member_love_panel_cell_source_content" VALUES (334107, 1002704, 10, 0, 69);
INSERT INTO "m_member_love_panel_cell_source_content" VALUES (335107, 1002705, 10, 0, 69);
INSERT INTO "m_member_love_panel_cell_source_content" VALUES (341107, 1002701, 10, 0, 69);
INSERT INTO "m_member_love_panel_cell_source_content" VALUES (342107, 1002702, 10, 0, 69);
INSERT INTO "m_member_love_panel_cell_source_content" VALUES (343107, 1002703, 10, 0, 69);
INSERT INTO "m_member_love_panel_cell_source_content" VALUES (344107, 1002704, 10, 0, 69);
INSERT INTO "m_member_love_panel_cell_source_content" VALUES (345107, 1002705, 10, 0, 69);
INSERT INTO "m_member_love_panel_cell_source_content" VALUES (351107, 1002701, 10, 0, 69);
INSERT INTO "m_member_love_panel_cell_source_content" VALUES (352107, 1002702, 10, 0, 69);
INSERT INTO "m_member_love_panel_cell_source_content" VALUES (353107, 1002703, 10, 0, 69);
INSERT INTO "m_member_love_panel_cell_source_content" VALUES (354107, 1002704, 10, 0, 69);
INSERT INTO "m_member_love_panel_cell_source_content" VALUES (355107, 1002705, 10, 0, 69);
INSERT INTO "m_member_love_panel_cell_source_content" VALUES (361107, 1002701, 10, 0, 69);
INSERT INTO "m_member_love_panel_cell_source_content" VALUES (362107, 1002702, 10, 0, 69);
INSERT INTO "m_member_love_panel_cell_source_content" VALUES (363107, 1002703, 10, 0, 69);
INSERT INTO "m_member_love_panel_cell_source_content" VALUES (364107, 1002704, 10, 0, 69);
INSERT INTO "m_member_love_panel_cell_source_content" VALUES (365107, 1002705, 10, 0, 69);
INSERT INTO "m_member_love_panel_cell_source_content" VALUES (371107, 1002701, 10, 0, 69);
INSERT INTO "m_member_love_panel_cell_source_content" VALUES (372107, 1002702, 10, 0, 69);
INSERT INTO "m_member_love_panel_cell_source_content" VALUES (373107, 1002703, 10, 0, 69);
INSERT INTO "m_member_love_panel_cell_source_content" VALUES (374107, 1002704, 10, 0, 69);
INSERT INTO "m_member_love_panel_cell_source_content" VALUES (375107, 1002705, 10, 0, 69);
INSERT INTO "m_member_love_panel_cell_source_content" VALUES (381107, 1002701, 10, 0, 69);
INSERT INTO "m_member_love_panel_cell_source_content" VALUES (382107, 1002702, 10, 0, 69);
INSERT INTO "m_member_love_panel_cell_source_content" VALUES (383107, 1002703, 10, 0, 69);
INSERT INTO "m_member_love_panel_cell_source_content" VALUES (384107, 1002704, 10, 0, 69);
INSERT INTO "m_member_love_panel_cell_source_content" VALUES (385107, 1002705, 10, 0, 69);
INSERT INTO "m_member_love_panel_cell_source_content" VALUES (391107, 1002701, 10, 0, 69);
INSERT INTO "m_member_love_panel_cell_source_content" VALUES (392107, 1002702, 10, 0, 69);
INSERT INTO "m_member_love_panel_cell_source_content" VALUES (393107, 1002703, 10, 0, 69);
INSERT INTO "m_member_love_panel_cell_source_content" VALUES (394107, 1002704, 10, 0, 69);
INSERT INTO "m_member_love_panel_cell_source_content" VALUES (395107, 1002705, 10, 0, 69);
INSERT INTO "m_member_love_panel_cell_source_content" VALUES (401107, 1002701, 10, 0, 69);
INSERT INTO "m_member_love_panel_cell_source_content" VALUES (402107, 1002702, 10, 0, 69);
INSERT INTO "m_member_love_panel_cell_source_content" VALUES (403107, 1002703, 10, 0, 69);
INSERT INTO "m_member_love_panel_cell_source_content" VALUES (404107, 1002704, 10, 0, 69);
INSERT INTO "m_member_love_panel_cell_source_content" VALUES (405107, 1002705, 10, 0, 69);
INSERT INTO "m_member_love_panel_cell_source_content" VALUES (411107, 1002701, 10, 0, 69);
INSERT INTO "m_member_love_panel_cell_source_content" VALUES (412107, 1002702, 10, 0, 69);
INSERT INTO "m_member_love_panel_cell_source_content" VALUES (413107, 1002703, 10, 0, 69);
INSERT INTO "m_member_love_panel_cell_source_content" VALUES (414107, 1002704, 10, 0, 69);
INSERT INTO "m_member_love_panel_cell_source_content" VALUES (415107, 1002705, 10, 0, 69);
INSERT INTO "m_member_love_panel_cell_source_content" VALUES (421107, 1002701, 10, 0, 69);
INSERT INTO "m_member_love_panel_cell_source_content" VALUES (422107, 1002702, 10, 0, 69);
INSERT INTO "m_member_love_panel_cell_source_content" VALUES (423107, 1002703, 10, 0, 69);
INSERT INTO "m_member_love_panel_cell_source_content" VALUES (424107, 1002704, 10, 0, 69);
INSERT INTO "m_member_love_panel_cell_source_content" VALUES (425107, 1002705, 10, 0, 69);
INSERT INTO "m_member_love_panel_cell_source_content" VALUES (431107, 1002701, 10, 0, 69);
INSERT INTO "m_member_love_panel_cell_source_content" VALUES (432107, 1002702, 10, 0, 69);
INSERT INTO "m_member_love_panel_cell_source_content" VALUES (433107, 1002703, 10, 0, 69);
INSERT INTO "m_member_love_panel_cell_source_content" VALUES (434107, 1002704, 10, 0, 69);
INSERT INTO "m_member_love_panel_cell_source_content" VALUES (435107, 1002705, 10, 0, 69);
INSERT INTO "m_member_love_panel_cell_source_content" VALUES (441107, 1002701, 10, 0, 69);
INSERT INTO "m_member_love_panel_cell_source_content" VALUES (442107, 1002702, 10, 0, 69);
INSERT INTO "m_member_love_panel_cell_source_content" VALUES (443107, 1002703, 10, 0, 69);
INSERT INTO "m_member_love_panel_cell_source_content" VALUES (444107, 1002704, 10, 0, 69);
INSERT INTO "m_member_love_panel_cell_source_content" VALUES (445107, 1002705, 10, 0, 69);
INSERT INTO "m_member_love_panel_cell_source_content" VALUES (451107, 1002701, 10, 0, 69);
INSERT INTO "m_member_love_panel_cell_source_content" VALUES (452107, 1002702, 10, 0, 69);
INSERT INTO "m_member_love_panel_cell_source_content" VALUES (453107, 1002703, 10, 0, 69);
INSERT INTO "m_member_love_panel_cell_source_content" VALUES (454107, 1002704, 10, 0, 69);
INSERT INTO "m_member_love_panel_cell_source_content" VALUES (455107, 1002705, 10, 0, 69);
INSERT INTO "m_member_love_panel_cell_source_content" VALUES (461107, 1002701, 10, 0, 69);
INSERT INTO "m_member_love_panel_cell_source_content" VALUES (462107, 1002702, 10, 0, 69);
INSERT INTO "m_member_love_panel_cell_source_content" VALUES (463107, 1002703, 10, 0, 69);
INSERT INTO "m_member_love_panel_cell_source_content" VALUES (464107, 1002704, 10, 0, 69);
INSERT INTO "m_member_love_panel_cell_source_content" VALUES (465107, 1002705, 10, 0, 69);
INSERT INTO "m_member_love_panel_cell_source_content" VALUES (471107, 1002701, 10, 0, 69);
INSERT INTO "m_member_love_panel_cell_source_content" VALUES (472107, 1002702, 10, 0, 69);
INSERT INTO "m_member_love_panel_cell_source_content" VALUES (473107, 1002703, 10, 0, 69);
INSERT INTO "m_member_love_panel_cell_source_content" VALUES (474107, 1002704, 10, 0, 69);
INSERT INTO "m_member_love_panel_cell_source_content" VALUES (475107, 1002705, 10, 0, 69);
INSERT INTO "m_member_love_panel_cell_source_content" VALUES (481107, 1002701, 10, 0, 69);
INSERT INTO "m_member_love_panel_cell_source_content" VALUES (482107, 1002702, 10, 0, 69);
INSERT INTO "m_member_love_panel_cell_source_content" VALUES (483107, 1002703, 10, 0, 69);
INSERT INTO "m_member_love_panel_cell_source_content" VALUES (484107, 1002704, 10, 0, 69);
INSERT INTO "m_member_love_panel_cell_source_content" VALUES (485107, 1002705, 10, 0, 69);
INSERT INTO "m_member_love_panel_cell_source_content" VALUES (491107, 1002701, 10, 0, 69);
INSERT INTO "m_member_love_panel_cell_source_content" VALUES (492107, 1002702, 10, 0, 69);
INSERT INTO "m_member_love_panel_cell_source_content" VALUES (493107, 1002703, 10, 0, 69);
INSERT INTO "m_member_love_panel_cell_source_content" VALUES (494107, 1002704, 10, 0, 69);
INSERT INTO "m_member_love_panel_cell_source_content" VALUES (495107, 1002705, 10, 0, 69);
-- add missing reward love panel
-- GPT need: loop create copy, find "001" and replace all [002 - 009, 101 - 109, 201 - 212]
INSERT INTO "m_member_love_panel" VALUES (33108,420,1);
INSERT INTO "m_member_love_panel" VALUES (34108,440,1);
INSERT INTO "m_member_love_panel" VALUES (35108,460,1);
INSERT INTO "m_member_love_panel" VALUES (36108,480,1);
INSERT INTO "m_member_love_panel" VALUES (37108,500,1);
INSERT INTO "m_member_love_panel" VALUES (38108,520,1);
INSERT INTO "m_member_love_panel" VALUES (39108,540,1);
INSERT INTO "m_member_love_panel" VALUES (40108,560,1);
INSERT INTO "m_member_love_panel" VALUES (41108,580,1);
INSERT INTO "m_member_love_panel" VALUES (42108,600,1);
INSERT INTO "m_member_love_panel" VALUES (43108,620,1);
INSERT INTO "m_member_love_panel" VALUES (44108,640,1);
INSERT INTO "m_member_love_panel" VALUES (45108,660,1);
INSERT INTO "m_member_love_panel" VALUES (46108,680,1);
INSERT INTO "m_member_love_panel" VALUES (47108,700,1);
INSERT INTO "m_member_love_panel" VALUES (48108,720,1);
INSERT INTO "m_member_love_panel" VALUES (49108,740,1);
INSERT INTO "m_member_love_panel" VALUES (50108,760,1);
INSERT INTO "m_member_love_panel_bonus" VALUES (33108,3,100);
INSERT INTO "m_member_love_panel_bonus" VALUES (34108,7,100);
INSERT INTO "m_member_love_panel_bonus" VALUES (35108,6,200);
INSERT INTO "m_member_love_panel_bonus" VALUES (36108,4,100);
INSERT INTO "m_member_love_panel_bonus" VALUES (37108,5,2000);
INSERT INTO "m_member_love_panel_bonus" VALUES (38108,12,500);
INSERT INTO "m_member_love_panel_bonus" VALUES (39108,7,100);
INSERT INTO "m_member_love_panel_bonus" VALUES (40108,13,6);
INSERT INTO "m_member_love_panel_bonus" VALUES (40108,14,4);
INSERT INTO "m_member_love_panel_bonus" VALUES (40108,15,2);
INSERT INTO "m_member_love_panel_bonus" VALUES (41108,1,100);
INSERT INTO "m_member_love_panel_bonus" VALUES (42108,2,100);
INSERT INTO "m_member_love_panel_bonus" VALUES (43108,3,100);
INSERT INTO "m_member_love_panel_bonus" VALUES (44108,7,100);
INSERT INTO "m_member_love_panel_bonus" VALUES (45108,6,200);
INSERT INTO "m_member_love_panel_bonus" VALUES (46108,4,100);
INSERT INTO "m_member_love_panel_bonus" VALUES (47108,5,2000);
INSERT INTO "m_member_love_panel_bonus" VALUES (48108,12,500);
INSERT INTO "m_member_love_panel_bonus" VALUES (49108,7,100);
INSERT INTO "m_member_love_panel_bonus" VALUES (50108,13,6);
INSERT INTO "m_member_love_panel_bonus" VALUES (50108,14,4);
INSERT INTO "m_member_love_panel_bonus" VALUES (50108,15,2);
--
INSERT INTO "m_member_love_panel_cell" VALUES (321108, 0, 33108, 1, 10);
INSERT INTO "m_member_love_panel_cell" VALUES (322108, 1, 33108, 3, 10);
INSERT INTO "m_member_love_panel_cell" VALUES (323108, 2, 33108, 2, 10);
INSERT INTO "m_member_love_panel_cell" VALUES (324108, 3, 33108, 7, 20);
INSERT INTO "m_member_love_panel_cell" VALUES (325108, 4, 33108, 12, 250);
INSERT INTO "m_member_love_panel_cell" VALUES (331108, 0, 34108, 1, 10);
INSERT INTO "m_member_love_panel_cell" VALUES (332108, 1, 34108, 3, 10);
INSERT INTO "m_member_love_panel_cell" VALUES (333108, 2, 34108, 2, 10);
INSERT INTO "m_member_love_panel_cell" VALUES (334108, 3, 34108, 10, 50);
INSERT INTO "m_member_love_panel_cell" VALUES (335108, 4, 34108, 14, 4);
INSERT INTO "m_member_love_panel_cell" VALUES (341108, 0, 35108, 1, 10);
INSERT INTO "m_member_love_panel_cell" VALUES (342108, 1, 35108, 3, 10);
INSERT INTO "m_member_love_panel_cell" VALUES (343108, 2, 35108, 2, 10);
INSERT INTO "m_member_love_panel_cell" VALUES (344108, 3, 35108, 5, 500);
INSERT INTO "m_member_love_panel_cell" VALUES (345108, 4, 35108, 7, 20);
INSERT INTO "m_member_love_panel_cell" VALUES (351108, 0, 36108, 1, 10);
INSERT INTO "m_member_love_panel_cell" VALUES (352108, 1, 36108, 3, 10);
INSERT INTO "m_member_love_panel_cell" VALUES (353108, 2, 36108, 2, 10);
INSERT INTO "m_member_love_panel_cell" VALUES (354108, 3, 36108, 6, 50);
INSERT INTO "m_member_love_panel_cell" VALUES (355108, 4, 36108, 11, 50);
INSERT INTO "m_member_love_panel_cell" VALUES (361108, 0, 37108, 1, 10);
INSERT INTO "m_member_love_panel_cell" VALUES (362108, 1, 37108, 3, 10);
INSERT INTO "m_member_love_panel_cell" VALUES (363108, 2, 37108, 2, 10);
INSERT INTO "m_member_love_panel_cell" VALUES (364108, 3, 37108, 4, 50);
INSERT INTO "m_member_love_panel_cell" VALUES (365108, 4, 37108, 15, 2);
INSERT INTO "m_member_love_panel_cell" VALUES (371108, 0, 38108, 1, 10);
INSERT INTO "m_member_love_panel_cell" VALUES (372108, 1, 38108, 3, 10);
INSERT INTO "m_member_love_panel_cell" VALUES (373108, 2, 33108, 2, 10);
INSERT INTO "m_member_love_panel_cell" VALUES (374108, 3, 38108, 6, 50);
INSERT INTO "m_member_love_panel_cell" VALUES (375108, 4, 38108, 9, 50);
INSERT INTO "m_member_love_panel_cell" VALUES (381108, 0, 39108, 1, 10);
INSERT INTO "m_member_love_panel_cell" VALUES (382108, 1, 39108, 3, 10);
INSERT INTO "m_member_love_panel_cell" VALUES (383108, 2, 39108, 2, 10);
INSERT INTO "m_member_love_panel_cell" VALUES (384108, 3, 39108, 8, 50);
INSERT INTO "m_member_love_panel_cell" VALUES (385108, 4, 39108, 4, 50);
INSERT INTO "m_member_love_panel_cell" VALUES (391108, 0, 40108, 1, 10);
INSERT INTO "m_member_love_panel_cell" VALUES (392108, 1, 40108, 3, 10);
INSERT INTO "m_member_love_panel_cell" VALUES (393108, 2, 40108, 2, 10);
INSERT INTO "m_member_love_panel_cell" VALUES (394108, 3, 40108, 7, 20);
INSERT INTO "m_member_love_panel_cell" VALUES (395108, 4, 40108, 5, 500);
--
INSERT INTO "m_member_love_panel_cell" VALUES (401108, 0, 41108, 1, 10);
INSERT INTO "m_member_love_panel_cell" VALUES (402108, 1, 41108, 3, 10);
INSERT INTO "m_member_love_panel_cell" VALUES (403108, 2, 41108, 2, 10);
INSERT INTO "m_member_love_panel_cell" VALUES (404108, 3, 41108, 4, 50);
INSERT INTO "m_member_love_panel_cell" VALUES (405108, 4, 41108, 6, 50);
INSERT INTO "m_member_love_panel_cell" VALUES (411108, 0, 42108, 1, 10);
INSERT INTO "m_member_love_panel_cell" VALUES (412108, 1, 42108, 3, 10);
INSERT INTO "m_member_love_panel_cell" VALUES (413108, 2, 42108, 2, 10);
INSERT INTO "m_member_love_panel_cell" VALUES (414108, 3, 42108, 5, 500);
INSERT INTO "m_member_love_panel_cell" VALUES (415108, 4, 42108, 13, 6);
INSERT INTO "m_member_love_panel_cell" VALUES (421108, 0, 43108, 1, 10);
INSERT INTO "m_member_love_panel_cell" VALUES (422108, 1, 43108, 3, 10);
INSERT INTO "m_member_love_panel_cell" VALUES (423108, 2, 43108, 2, 10);
INSERT INTO "m_member_love_panel_cell" VALUES (424108, 3, 43108, 7, 20);
INSERT INTO "m_member_love_panel_cell" VALUES (425108, 4, 43108, 12, 250);
INSERT INTO "m_member_love_panel_cell" VALUES (431108, 0, 44108, 1, 10);
INSERT INTO "m_member_love_panel_cell" VALUES (432108, 1, 44108, 3, 10);
INSERT INTO "m_member_love_panel_cell" VALUES (433108, 2, 44108, 2, 10);
INSERT INTO "m_member_love_panel_cell" VALUES (434108, 3, 44108, 10, 50);
INSERT INTO "m_member_love_panel_cell" VALUES (435108, 4, 44108, 14, 4);
INSERT INTO "m_member_love_panel_cell" VALUES (441108, 0, 45108, 1, 10);
INSERT INTO "m_member_love_panel_cell" VALUES (442108, 1, 45108, 3, 10);
INSERT INTO "m_member_love_panel_cell" VALUES (443108, 2, 45108, 2, 10);
INSERT INTO "m_member_love_panel_cell" VALUES (444108, 3, 45108, 5, 500);
INSERT INTO "m_member_love_panel_cell" VALUES (445108, 4, 45108, 7, 20);
INSERT INTO "m_member_love_panel_cell" VALUES (451108, 0, 46108, 1, 10);
INSERT INTO "m_member_love_panel_cell" VALUES (452108, 1, 46108, 3, 10);
INSERT INTO "m_member_love_panel_cell" VALUES (453108, 2, 46108, 2, 10);
INSERT INTO "m_member_love_panel_cell" VALUES (454108, 3, 46108, 6, 50);
INSERT INTO "m_member_love_panel_cell" VALUES (455108, 4, 46108, 11, 50);
INSERT INTO "m_member_love_panel_cell" VALUES (461108, 0, 47108, 1, 10);
INSERT INTO "m_member_love_panel_cell" VALUES (462108, 1, 47108, 3, 10);
INSERT INTO "m_member_love_panel_cell" VALUES (463108, 2, 47108, 2, 10);
INSERT INTO "m_member_love_panel_cell" VALUES (464108, 3, 47108, 4, 50);
INSERT INTO "m_member_love_panel_cell" VALUES (465108, 4, 47108, 15, 2);
INSERT INTO "m_member_love_panel_cell" VALUES (471108, 0, 48108, 1, 10);
INSERT INTO "m_member_love_panel_cell" VALUES (472108, 1, 48108, 3, 10);
INSERT INTO "m_member_love_panel_cell" VALUES (473108, 2, 43108, 2, 10);
INSERT INTO "m_member_love_panel_cell" VALUES (474108, 3, 48108, 6, 50);
INSERT INTO "m_member_love_panel_cell" VALUES (475108, 4, 48108, 9, 50);
INSERT INTO "m_member_love_panel_cell" VALUES (481108, 0, 49108, 1, 10);
INSERT INTO "m_member_love_panel_cell" VALUES (482108, 1, 49108, 3, 10);
INSERT INTO "m_member_love_panel_cell" VALUES (483108, 2, 49108, 2, 10);
INSERT INTO "m_member_love_panel_cell" VALUES (484108, 3, 49108, 8, 50);
INSERT INTO "m_member_love_panel_cell" VALUES (485108, 4, 49108, 4, 50);
INSERT INTO "m_member_love_panel_cell" VALUES (491108, 0, 50108, 1, 10);
INSERT INTO "m_member_love_panel_cell" VALUES (492108, 1, 50108, 3, 10);
INSERT INTO "m_member_love_panel_cell" VALUES (493108, 2, 50108, 2, 10);
INSERT INTO "m_member_love_panel_cell" VALUES (494108, 3, 50108, 7, 20);
INSERT INTO "m_member_love_panel_cell" VALUES (495108, 4, 50108, 5, 500);
-- placeholder source content or we don't need this, for what tho?
INSERT INTO "m_member_love_panel_cell_source_content" VALUES (321108, 1002701, 10, 0, 69);
INSERT INTO "m_member_love_panel_cell_source_content" VALUES (322108, 1002702, 10, 0, 69);
INSERT INTO "m_member_love_panel_cell_source_content" VALUES (323108, 1002703, 10, 0, 69);
INSERT INTO "m_member_love_panel_cell_source_content" VALUES (324108, 1002704, 10, 0, 69);
INSERT INTO "m_member_love_panel_cell_source_content" VALUES (325108, 1002705, 10, 0, 69);
INSERT INTO "m_member_love_panel_cell_source_content" VALUES (331108, 1002701, 10, 0, 69);
INSERT INTO "m_member_love_panel_cell_source_content" VALUES (332108, 1002702, 10, 0, 69);
INSERT INTO "m_member_love_panel_cell_source_content" VALUES (333108, 1002703, 10, 0, 69);
INSERT INTO "m_member_love_panel_cell_source_content" VALUES (334108, 1002704, 10, 0, 69);
INSERT INTO "m_member_love_panel_cell_source_content" VALUES (335108, 1002705, 10, 0, 69);
INSERT INTO "m_member_love_panel_cell_source_content" VALUES (341108, 1002701, 10, 0, 69);
INSERT INTO "m_member_love_panel_cell_source_content" VALUES (342108, 1002702, 10, 0, 69);
INSERT INTO "m_member_love_panel_cell_source_content" VALUES (343108, 1002703, 10, 0, 69);
INSERT INTO "m_member_love_panel_cell_source_content" VALUES (344108, 1002704, 10, 0, 69);
INSERT INTO "m_member_love_panel_cell_source_content" VALUES (345108, 1002705, 10, 0, 69);
INSERT INTO "m_member_love_panel_cell_source_content" VALUES (351108, 1002701, 10, 0, 69);
INSERT INTO "m_member_love_panel_cell_source_content" VALUES (352108, 1002702, 10, 0, 69);
INSERT INTO "m_member_love_panel_cell_source_content" VALUES (353108, 1002703, 10, 0, 69);
INSERT INTO "m_member_love_panel_cell_source_content" VALUES (354108, 1002704, 10, 0, 69);
INSERT INTO "m_member_love_panel_cell_source_content" VALUES (355108, 1002705, 10, 0, 69);
INSERT INTO "m_member_love_panel_cell_source_content" VALUES (361108, 1002701, 10, 0, 69);
INSERT INTO "m_member_love_panel_cell_source_content" VALUES (362108, 1002702, 10, 0, 69);
INSERT INTO "m_member_love_panel_cell_source_content" VALUES (363108, 1002703, 10, 0, 69);
INSERT INTO "m_member_love_panel_cell_source_content" VALUES (364108, 1002704, 10, 0, 69);
INSERT INTO "m_member_love_panel_cell_source_content" VALUES (365108, 1002705, 10, 0, 69);
INSERT INTO "m_member_love_panel_cell_source_content" VALUES (371108, 1002701, 10, 0, 69);
INSERT INTO "m_member_love_panel_cell_source_content" VALUES (372108, 1002702, 10, 0, 69);
INSERT INTO "m_member_love_panel_cell_source_content" VALUES (373108, 1002703, 10, 0, 69);
INSERT INTO "m_member_love_panel_cell_source_content" VALUES (374108, 1002704, 10, 0, 69);
INSERT INTO "m_member_love_panel_cell_source_content" VALUES (375108, 1002705, 10, 0, 69);
INSERT INTO "m_member_love_panel_cell_source_content" VALUES (381108, 1002701, 10, 0, 69);
INSERT INTO "m_member_love_panel_cell_source_content" VALUES (382108, 1002702, 10, 0, 69);
INSERT INTO "m_member_love_panel_cell_source_content" VALUES (383108, 1002703, 10, 0, 69);
INSERT INTO "m_member_love_panel_cell_source_content" VALUES (384108, 1002704, 10, 0, 69);
INSERT INTO "m_member_love_panel_cell_source_content" VALUES (385108, 1002705, 10, 0, 69);
INSERT INTO "m_member_love_panel_cell_source_content" VALUES (391108, 1002701, 10, 0, 69);
INSERT INTO "m_member_love_panel_cell_source_content" VALUES (392108, 1002702, 10, 0, 69);
INSERT INTO "m_member_love_panel_cell_source_content" VALUES (393108, 1002703, 10, 0, 69);
INSERT INTO "m_member_love_panel_cell_source_content" VALUES (394108, 1002704, 10, 0, 69);
INSERT INTO "m_member_love_panel_cell_source_content" VALUES (395108, 1002705, 10, 0, 69);
INSERT INTO "m_member_love_panel_cell_source_content" VALUES (401108, 1002701, 10, 0, 69);
INSERT INTO "m_member_love_panel_cell_source_content" VALUES (402108, 1002702, 10, 0, 69);
INSERT INTO "m_member_love_panel_cell_source_content" VALUES (403108, 1002703, 10, 0, 69);
INSERT INTO "m_member_love_panel_cell_source_content" VALUES (404108, 1002704, 10, 0, 69);
INSERT INTO "m_member_love_panel_cell_source_content" VALUES (405108, 1002705, 10, 0, 69);
INSERT INTO "m_member_love_panel_cell_source_content" VALUES (411108, 1002701, 10, 0, 69);
INSERT INTO "m_member_love_panel_cell_source_content" VALUES (412108, 1002702, 10, 0, 69);
INSERT INTO "m_member_love_panel_cell_source_content" VALUES (413108, 1002703, 10, 0, 69);
INSERT INTO "m_member_love_panel_cell_source_content" VALUES (414108, 1002704, 10, 0, 69);
INSERT INTO "m_member_love_panel_cell_source_content" VALUES (415108, 1002705, 10, 0, 69);
INSERT INTO "m_member_love_panel_cell_source_content" VALUES (421108, 1002701, 10, 0, 69);
INSERT INTO "m_member_love_panel_cell_source_content" VALUES (422108, 1002702, 10, 0, 69);
INSERT INTO "m_member_love_panel_cell_source_content" VALUES (423108, 1002703, 10, 0, 69);
INSERT INTO "m_member_love_panel_cell_source_content" VALUES (424108, 1002704, 10, 0, 69);
INSERT INTO "m_member_love_panel_cell_source_content" VALUES (425108, 1002705, 10, 0, 69);
INSERT INTO "m_member_love_panel_cell_source_content" VALUES (431108, 1002701, 10, 0, 69);
INSERT INTO "m_member_love_panel_cell_source_content" VALUES (432108, 1002702, 10, 0, 69);
INSERT INTO "m_member_love_panel_cell_source_content" VALUES (433108, 1002703, 10, 0, 69);
INSERT INTO "m_member_love_panel_cell_source_content" VALUES (434108, 1002704, 10, 0, 69);
INSERT INTO "m_member_love_panel_cell_source_content" VALUES (435108, 1002705, 10, 0, 69);
INSERT INTO "m_member_love_panel_cell_source_content" VALUES (441108, 1002701, 10, 0, 69);
INSERT INTO "m_member_love_panel_cell_source_content" VALUES (442108, 1002702, 10, 0, 69);
INSERT INTO "m_member_love_panel_cell_source_content" VALUES (443108, 1002703, 10, 0, 69);
INSERT INTO "m_member_love_panel_cell_source_content" VALUES (444108, 1002704, 10, 0, 69);
INSERT INTO "m_member_love_panel_cell_source_content" VALUES (445108, 1002705, 10, 0, 69);
INSERT INTO "m_member_love_panel_cell_source_content" VALUES (451108, 1002701, 10, 0, 69);
INSERT INTO "m_member_love_panel_cell_source_content" VALUES (452108, 1002702, 10, 0, 69);
INSERT INTO "m_member_love_panel_cell_source_content" VALUES (453108, 1002703, 10, 0, 69);
INSERT INTO "m_member_love_panel_cell_source_content" VALUES (454108, 1002704, 10, 0, 69);
INSERT INTO "m_member_love_panel_cell_source_content" VALUES (455108, 1002705, 10, 0, 69);
INSERT INTO "m_member_love_panel_cell_source_content" VALUES (461108, 1002701, 10, 0, 69);
INSERT INTO "m_member_love_panel_cell_source_content" VALUES (462108, 1002702, 10, 0, 69);
INSERT INTO "m_member_love_panel_cell_source_content" VALUES (463108, 1002703, 10, 0, 69);
INSERT INTO "m_member_love_panel_cell_source_content" VALUES (464108, 1002704, 10, 0, 69);
INSERT INTO "m_member_love_panel_cell_source_content" VALUES (465108, 1002705, 10, 0, 69);
INSERT INTO "m_member_love_panel_cell_source_content" VALUES (471108, 1002701, 10, 0, 69);
INSERT INTO "m_member_love_panel_cell_source_content" VALUES (472108, 1002702, 10, 0, 69);
INSERT INTO "m_member_love_panel_cell_source_content" VALUES (473108, 1002703, 10, 0, 69);
INSERT INTO "m_member_love_panel_cell_source_content" VALUES (474108, 1002704, 10, 0, 69);
INSERT INTO "m_member_love_panel_cell_source_content" VALUES (475108, 1002705, 10, 0, 69);
INSERT INTO "m_member_love_panel_cell_source_content" VALUES (481108, 1002701, 10, 0, 69);
INSERT INTO "m_member_love_panel_cell_source_content" VALUES (482108, 1002702, 10, 0, 69);
INSERT INTO "m_member_love_panel_cell_source_content" VALUES (483108, 1002703, 10, 0, 69);
INSERT INTO "m_member_love_panel_cell_source_content" VALUES (484108, 1002704, 10, 0, 69);
INSERT INTO "m_member_love_panel_cell_source_content" VALUES (485108, 1002705, 10, 0, 69);
INSERT INTO "m_member_love_panel_cell_source_content" VALUES (491108, 1002701, 10, 0, 69);
INSERT INTO "m_member_love_panel_cell_source_content" VALUES (492108, 1002702, 10, 0, 69);
INSERT INTO "m_member_love_panel_cell_source_content" VALUES (493108, 1002703, 10, 0, 69);
INSERT INTO "m_member_love_panel_cell_source_content" VALUES (494108, 1002704, 10, 0, 69);
INSERT INTO "m_member_love_panel_cell_source_content" VALUES (495108, 1002705, 10, 0, 69);
-- add missing reward love panel
-- GPT need: loop create copy, find "001" and replace all [002 - 009, 101 - 109, 201 - 212]
INSERT INTO "m_member_love_panel" VALUES (33109,420,1);
INSERT INTO "m_member_love_panel" VALUES (34109,440,1);
INSERT INTO "m_member_love_panel" VALUES (35109,460,1);
INSERT INTO "m_member_love_panel" VALUES (36109,480,1);
INSERT INTO "m_member_love_panel" VALUES (37109,500,1);
INSERT INTO "m_member_love_panel" VALUES (38109,520,1);
INSERT INTO "m_member_love_panel" VALUES (39109,540,1);
INSERT INTO "m_member_love_panel" VALUES (40109,560,1);
INSERT INTO "m_member_love_panel" VALUES (41109,580,1);
INSERT INTO "m_member_love_panel" VALUES (42109,600,1);
INSERT INTO "m_member_love_panel" VALUES (43109,620,1);
INSERT INTO "m_member_love_panel" VALUES (44109,640,1);
INSERT INTO "m_member_love_panel" VALUES (45109,660,1);
INSERT INTO "m_member_love_panel" VALUES (46109,680,1);
INSERT INTO "m_member_love_panel" VALUES (47109,700,1);
INSERT INTO "m_member_love_panel" VALUES (48109,720,1);
INSERT INTO "m_member_love_panel" VALUES (49109,740,1);
INSERT INTO "m_member_love_panel" VALUES (50109,760,1);
INSERT INTO "m_member_love_panel_bonus" VALUES (33109,3,100);
INSERT INTO "m_member_love_panel_bonus" VALUES (34109,7,100);
INSERT INTO "m_member_love_panel_bonus" VALUES (35109,6,200);
INSERT INTO "m_member_love_panel_bonus" VALUES (36109,4,100);
INSERT INTO "m_member_love_panel_bonus" VALUES (37109,5,2000);
INSERT INTO "m_member_love_panel_bonus" VALUES (38109,12,500);
INSERT INTO "m_member_love_panel_bonus" VALUES (39109,7,100);
INSERT INTO "m_member_love_panel_bonus" VALUES (40109,13,6);
INSERT INTO "m_member_love_panel_bonus" VALUES (40109,14,4);
INSERT INTO "m_member_love_panel_bonus" VALUES (40109,15,2);
INSERT INTO "m_member_love_panel_bonus" VALUES (41109,1,100);
INSERT INTO "m_member_love_panel_bonus" VALUES (42109,2,100);
INSERT INTO "m_member_love_panel_bonus" VALUES (43109,3,100);
INSERT INTO "m_member_love_panel_bonus" VALUES (44109,7,100);
INSERT INTO "m_member_love_panel_bonus" VALUES (45109,6,200);
INSERT INTO "m_member_love_panel_bonus" VALUES (46109,4,100);
INSERT INTO "m_member_love_panel_bonus" VALUES (47109,5,2000);
INSERT INTO "m_member_love_panel_bonus" VALUES (48109,12,500);
INSERT INTO "m_member_love_panel_bonus" VALUES (49109,7,100);
INSERT INTO "m_member_love_panel_bonus" VALUES (50109,13,6);
INSERT INTO "m_member_love_panel_bonus" VALUES (50109,14,4);
INSERT INTO "m_member_love_panel_bonus" VALUES (50109,15,2);
--
INSERT INTO "m_member_love_panel_cell" VALUES (321109, 0, 33109, 1, 10);
INSERT INTO "m_member_love_panel_cell" VALUES (322109, 1, 33109, 3, 10);
INSERT INTO "m_member_love_panel_cell" VALUES (323109, 2, 33109, 2, 10);
INSERT INTO "m_member_love_panel_cell" VALUES (324109, 3, 33109, 7, 20);
INSERT INTO "m_member_love_panel_cell" VALUES (325109, 4, 33109, 12, 250);
INSERT INTO "m_member_love_panel_cell" VALUES (331109, 0, 34109, 1, 10);
INSERT INTO "m_member_love_panel_cell" VALUES (332109, 1, 34109, 3, 10);
INSERT INTO "m_member_love_panel_cell" VALUES (333109, 2, 34109, 2, 10);
INSERT INTO "m_member_love_panel_cell" VALUES (334109, 3, 34109, 10, 50);
INSERT INTO "m_member_love_panel_cell" VALUES (335109, 4, 34109, 14, 4);
INSERT INTO "m_member_love_panel_cell" VALUES (341109, 0, 35109, 1, 10);
INSERT INTO "m_member_love_panel_cell" VALUES (342109, 1, 35109, 3, 10);
INSERT INTO "m_member_love_panel_cell" VALUES (343109, 2, 35109, 2, 10);
INSERT INTO "m_member_love_panel_cell" VALUES (344109, 3, 35109, 5, 500);
INSERT INTO "m_member_love_panel_cell" VALUES (345109, 4, 35109, 7, 20);
INSERT INTO "m_member_love_panel_cell" VALUES (351109, 0, 36109, 1, 10);
INSERT INTO "m_member_love_panel_cell" VALUES (352109, 1, 36109, 3, 10);
INSERT INTO "m_member_love_panel_cell" VALUES (353109, 2, 36109, 2, 10);
INSERT INTO "m_member_love_panel_cell" VALUES (354109, 3, 36109, 6, 50);
INSERT INTO "m_member_love_panel_cell" VALUES (355109, 4, 36109, 11, 50);
INSERT INTO "m_member_love_panel_cell" VALUES (361109, 0, 37109, 1, 10);
INSERT INTO "m_member_love_panel_cell" VALUES (362109, 1, 37109, 3, 10);
INSERT INTO "m_member_love_panel_cell" VALUES (363109, 2, 37109, 2, 10);
INSERT INTO "m_member_love_panel_cell" VALUES (364109, 3, 37109, 4, 50);
INSERT INTO "m_member_love_panel_cell" VALUES (365109, 4, 37109, 15, 2);
INSERT INTO "m_member_love_panel_cell" VALUES (371109, 0, 38109, 1, 10);
INSERT INTO "m_member_love_panel_cell" VALUES (372109, 1, 38109, 3, 10);
INSERT INTO "m_member_love_panel_cell" VALUES (373109, 2, 33109, 2, 10);
INSERT INTO "m_member_love_panel_cell" VALUES (374109, 3, 38109, 6, 50);
INSERT INTO "m_member_love_panel_cell" VALUES (375109, 4, 38109, 9, 50);
INSERT INTO "m_member_love_panel_cell" VALUES (381109, 0, 39109, 1, 10);
INSERT INTO "m_member_love_panel_cell" VALUES (382109, 1, 39109, 3, 10);
INSERT INTO "m_member_love_panel_cell" VALUES (383109, 2, 39109, 2, 10);
INSERT INTO "m_member_love_panel_cell" VALUES (384109, 3, 39109, 8, 50);
INSERT INTO "m_member_love_panel_cell" VALUES (385109, 4, 39109, 4, 50);
INSERT INTO "m_member_love_panel_cell" VALUES (391109, 0, 40109, 1, 10);
INSERT INTO "m_member_love_panel_cell" VALUES (392109, 1, 40109, 3, 10);
INSERT INTO "m_member_love_panel_cell" VALUES (393109, 2, 40109, 2, 10);
INSERT INTO "m_member_love_panel_cell" VALUES (394109, 3, 40109, 7, 20);
INSERT INTO "m_member_love_panel_cell" VALUES (395109, 4, 40109, 5, 500);
--
INSERT INTO "m_member_love_panel_cell" VALUES (401109, 0, 41109, 1, 10);
INSERT INTO "m_member_love_panel_cell" VALUES (402109, 1, 41109, 3, 10);
INSERT INTO "m_member_love_panel_cell" VALUES (403109, 2, 41109, 2, 10);
INSERT INTO "m_member_love_panel_cell" VALUES (404109, 3, 41109, 4, 50);
INSERT INTO "m_member_love_panel_cell" VALUES (405109, 4, 41109, 6, 50);
INSERT INTO "m_member_love_panel_cell" VALUES (411109, 0, 42109, 1, 10);
INSERT INTO "m_member_love_panel_cell" VALUES (412109, 1, 42109, 3, 10);
INSERT INTO "m_member_love_panel_cell" VALUES (413109, 2, 42109, 2, 10);
INSERT INTO "m_member_love_panel_cell" VALUES (414109, 3, 42109, 5, 500);
INSERT INTO "m_member_love_panel_cell" VALUES (415109, 4, 42109, 13, 6);
INSERT INTO "m_member_love_panel_cell" VALUES (421109, 0, 43109, 1, 10);
INSERT INTO "m_member_love_panel_cell" VALUES (422109, 1, 43109, 3, 10);
INSERT INTO "m_member_love_panel_cell" VALUES (423109, 2, 43109, 2, 10);
INSERT INTO "m_member_love_panel_cell" VALUES (424109, 3, 43109, 7, 20);
INSERT INTO "m_member_love_panel_cell" VALUES (425109, 4, 43109, 12, 250);
INSERT INTO "m_member_love_panel_cell" VALUES (431109, 0, 44109, 1, 10);
INSERT INTO "m_member_love_panel_cell" VALUES (432109, 1, 44109, 3, 10);
INSERT INTO "m_member_love_panel_cell" VALUES (433109, 2, 44109, 2, 10);
INSERT INTO "m_member_love_panel_cell" VALUES (434109, 3, 44109, 10, 50);
INSERT INTO "m_member_love_panel_cell" VALUES (435109, 4, 44109, 14, 4);
INSERT INTO "m_member_love_panel_cell" VALUES (441109, 0, 45109, 1, 10);
INSERT INTO "m_member_love_panel_cell" VALUES (442109, 1, 45109, 3, 10);
INSERT INTO "m_member_love_panel_cell" VALUES (443109, 2, 45109, 2, 10);
INSERT INTO "m_member_love_panel_cell" VALUES (444109, 3, 45109, 5, 500);
INSERT INTO "m_member_love_panel_cell" VALUES (445109, 4, 45109, 7, 20);
INSERT INTO "m_member_love_panel_cell" VALUES (451109, 0, 46109, 1, 10);
INSERT INTO "m_member_love_panel_cell" VALUES (452109, 1, 46109, 3, 10);
INSERT INTO "m_member_love_panel_cell" VALUES (453109, 2, 46109, 2, 10);
INSERT INTO "m_member_love_panel_cell" VALUES (454109, 3, 46109, 6, 50);
INSERT INTO "m_member_love_panel_cell" VALUES (455109, 4, 46109, 11, 50);
INSERT INTO "m_member_love_panel_cell" VALUES (461109, 0, 47109, 1, 10);
INSERT INTO "m_member_love_panel_cell" VALUES (462109, 1, 47109, 3, 10);
INSERT INTO "m_member_love_panel_cell" VALUES (463109, 2, 47109, 2, 10);
INSERT INTO "m_member_love_panel_cell" VALUES (464109, 3, 47109, 4, 50);
INSERT INTO "m_member_love_panel_cell" VALUES (465109, 4, 47109, 15, 2);
INSERT INTO "m_member_love_panel_cell" VALUES (471109, 0, 48109, 1, 10);
INSERT INTO "m_member_love_panel_cell" VALUES (472109, 1, 48109, 3, 10);
INSERT INTO "m_member_love_panel_cell" VALUES (473109, 2, 43109, 2, 10);
INSERT INTO "m_member_love_panel_cell" VALUES (474109, 3, 48109, 6, 50);
INSERT INTO "m_member_love_panel_cell" VALUES (475109, 4, 48109, 9, 50);
INSERT INTO "m_member_love_panel_cell" VALUES (481109, 0, 49109, 1, 10);
INSERT INTO "m_member_love_panel_cell" VALUES (482109, 1, 49109, 3, 10);
INSERT INTO "m_member_love_panel_cell" VALUES (483109, 2, 49109, 2, 10);
INSERT INTO "m_member_love_panel_cell" VALUES (484109, 3, 49109, 8, 50);
INSERT INTO "m_member_love_panel_cell" VALUES (485109, 4, 49109, 4, 50);
INSERT INTO "m_member_love_panel_cell" VALUES (491109, 0, 50109, 1, 10);
INSERT INTO "m_member_love_panel_cell" VALUES (492109, 1, 50109, 3, 10);
INSERT INTO "m_member_love_panel_cell" VALUES (493109, 2, 50109, 2, 10);
INSERT INTO "m_member_love_panel_cell" VALUES (494109, 3, 50109, 7, 20);
INSERT INTO "m_member_love_panel_cell" VALUES (495109, 4, 50109, 5, 500);
-- placeholder source content or we don't need this, for what tho?
INSERT INTO "m_member_love_panel_cell_source_content" VALUES (321109, 1002701, 10, 0, 69);
INSERT INTO "m_member_love_panel_cell_source_content" VALUES (322109, 1002702, 10, 0, 69);
INSERT INTO "m_member_love_panel_cell_source_content" VALUES (323109, 1002703, 10, 0, 69);
INSERT INTO "m_member_love_panel_cell_source_content" VALUES (324109, 1002704, 10, 0, 69);
INSERT INTO "m_member_love_panel_cell_source_content" VALUES (325109, 1002705, 10, 0, 69);
INSERT INTO "m_member_love_panel_cell_source_content" VALUES (331109, 1002701, 10, 0, 69);
INSERT INTO "m_member_love_panel_cell_source_content" VALUES (332109, 1002702, 10, 0, 69);
INSERT INTO "m_member_love_panel_cell_source_content" VALUES (333109, 1002703, 10, 0, 69);
INSERT INTO "m_member_love_panel_cell_source_content" VALUES (334109, 1002704, 10, 0, 69);
INSERT INTO "m_member_love_panel_cell_source_content" VALUES (335109, 1002705, 10, 0, 69);
INSERT INTO "m_member_love_panel_cell_source_content" VALUES (341109, 1002701, 10, 0, 69);
INSERT INTO "m_member_love_panel_cell_source_content" VALUES (342109, 1002702, 10, 0, 69);
INSERT INTO "m_member_love_panel_cell_source_content" VALUES (343109, 1002703, 10, 0, 69);
INSERT INTO "m_member_love_panel_cell_source_content" VALUES (344109, 1002704, 10, 0, 69);
INSERT INTO "m_member_love_panel_cell_source_content" VALUES (345109, 1002705, 10, 0, 69);
INSERT INTO "m_member_love_panel_cell_source_content" VALUES (351109, 1002701, 10, 0, 69);
INSERT INTO "m_member_love_panel_cell_source_content" VALUES (352109, 1002702, 10, 0, 69);
INSERT INTO "m_member_love_panel_cell_source_content" VALUES (353109, 1002703, 10, 0, 69);
INSERT INTO "m_member_love_panel_cell_source_content" VALUES (354109, 1002704, 10, 0, 69);
INSERT INTO "m_member_love_panel_cell_source_content" VALUES (355109, 1002705, 10, 0, 69);
INSERT INTO "m_member_love_panel_cell_source_content" VALUES (361109, 1002701, 10, 0, 69);
INSERT INTO "m_member_love_panel_cell_source_content" VALUES (362109, 1002702, 10, 0, 69);
INSERT INTO "m_member_love_panel_cell_source_content" VALUES (363109, 1002703, 10, 0, 69);
INSERT INTO "m_member_love_panel_cell_source_content" VALUES (364109, 1002704, 10, 0, 69);
INSERT INTO "m_member_love_panel_cell_source_content" VALUES (365109, 1002705, 10, 0, 69);
INSERT INTO "m_member_love_panel_cell_source_content" VALUES (371109, 1002701, 10, 0, 69);
INSERT INTO "m_member_love_panel_cell_source_content" VALUES (372109, 1002702, 10, 0, 69);
INSERT INTO "m_member_love_panel_cell_source_content" VALUES (373109, 1002703, 10, 0, 69);
INSERT INTO "m_member_love_panel_cell_source_content" VALUES (374109, 1002704, 10, 0, 69);
INSERT INTO "m_member_love_panel_cell_source_content" VALUES (375109, 1002705, 10, 0, 69);
INSERT INTO "m_member_love_panel_cell_source_content" VALUES (381109, 1002701, 10, 0, 69);
INSERT INTO "m_member_love_panel_cell_source_content" VALUES (382109, 1002702, 10, 0, 69);
INSERT INTO "m_member_love_panel_cell_source_content" VALUES (383109, 1002703, 10, 0, 69);
INSERT INTO "m_member_love_panel_cell_source_content" VALUES (384109, 1002704, 10, 0, 69);
INSERT INTO "m_member_love_panel_cell_source_content" VALUES (385109, 1002705, 10, 0, 69);
INSERT INTO "m_member_love_panel_cell_source_content" VALUES (391109, 1002701, 10, 0, 69);
INSERT INTO "m_member_love_panel_cell_source_content" VALUES (392109, 1002702, 10, 0, 69);
INSERT INTO "m_member_love_panel_cell_source_content" VALUES (393109, 1002703, 10, 0, 69);
INSERT INTO "m_member_love_panel_cell_source_content" VALUES (394109, 1002704, 10, 0, 69);
INSERT INTO "m_member_love_panel_cell_source_content" VALUES (395109, 1002705, 10, 0, 69);
INSERT INTO "m_member_love_panel_cell_source_content" VALUES (401109, 1002701, 10, 0, 69);
INSERT INTO "m_member_love_panel_cell_source_content" VALUES (402109, 1002702, 10, 0, 69);
INSERT INTO "m_member_love_panel_cell_source_content" VALUES (403109, 1002703, 10, 0, 69);
INSERT INTO "m_member_love_panel_cell_source_content" VALUES (404109, 1002704, 10, 0, 69);
INSERT INTO "m_member_love_panel_cell_source_content" VALUES (405109, 1002705, 10, 0, 69);
INSERT INTO "m_member_love_panel_cell_source_content" VALUES (411109, 1002701, 10, 0, 69);
INSERT INTO "m_member_love_panel_cell_source_content" VALUES (412109, 1002702, 10, 0, 69);
INSERT INTO "m_member_love_panel_cell_source_content" VALUES (413109, 1002703, 10, 0, 69);
INSERT INTO "m_member_love_panel_cell_source_content" VALUES (414109, 1002704, 10, 0, 69);
INSERT INTO "m_member_love_panel_cell_source_content" VALUES (415109, 1002705, 10, 0, 69);
INSERT INTO "m_member_love_panel_cell_source_content" VALUES (421109, 1002701, 10, 0, 69);
INSERT INTO "m_member_love_panel_cell_source_content" VALUES (422109, 1002702, 10, 0, 69);
INSERT INTO "m_member_love_panel_cell_source_content" VALUES (423109, 1002703, 10, 0, 69);
INSERT INTO "m_member_love_panel_cell_source_content" VALUES (424109, 1002704, 10, 0, 69);
INSERT INTO "m_member_love_panel_cell_source_content" VALUES (425109, 1002705, 10, 0, 69);
INSERT INTO "m_member_love_panel_cell_source_content" VALUES (431109, 1002701, 10, 0, 69);
INSERT INTO "m_member_love_panel_cell_source_content" VALUES (432109, 1002702, 10, 0, 69);
INSERT INTO "m_member_love_panel_cell_source_content" VALUES (433109, 1002703, 10, 0, 69);
INSERT INTO "m_member_love_panel_cell_source_content" VALUES (434109, 1002704, 10, 0, 69);
INSERT INTO "m_member_love_panel_cell_source_content" VALUES (435109, 1002705, 10, 0, 69);
INSERT INTO "m_member_love_panel_cell_source_content" VALUES (441109, 1002701, 10, 0, 69);
INSERT INTO "m_member_love_panel_cell_source_content" VALUES (442109, 1002702, 10, 0, 69);
INSERT INTO "m_member_love_panel_cell_source_content" VALUES (443109, 1002703, 10, 0, 69);
INSERT INTO "m_member_love_panel_cell_source_content" VALUES (444109, 1002704, 10, 0, 69);
INSERT INTO "m_member_love_panel_cell_source_content" VALUES (445109, 1002705, 10, 0, 69);
INSERT INTO "m_member_love_panel_cell_source_content" VALUES (451109, 1002701, 10, 0, 69);
INSERT INTO "m_member_love_panel_cell_source_content" VALUES (452109, 1002702, 10, 0, 69);
INSERT INTO "m_member_love_panel_cell_source_content" VALUES (453109, 1002703, 10, 0, 69);
INSERT INTO "m_member_love_panel_cell_source_content" VALUES (454109, 1002704, 10, 0, 69);
INSERT INTO "m_member_love_panel_cell_source_content" VALUES (455109, 1002705, 10, 0, 69);
INSERT INTO "m_member_love_panel_cell_source_content" VALUES (461109, 1002701, 10, 0, 69);
INSERT INTO "m_member_love_panel_cell_source_content" VALUES (462109, 1002702, 10, 0, 69);
INSERT INTO "m_member_love_panel_cell_source_content" VALUES (463109, 1002703, 10, 0, 69);
INSERT INTO "m_member_love_panel_cell_source_content" VALUES (464109, 1002704, 10, 0, 69);
INSERT INTO "m_member_love_panel_cell_source_content" VALUES (465109, 1002705, 10, 0, 69);
INSERT INTO "m_member_love_panel_cell_source_content" VALUES (471109, 1002701, 10, 0, 69);
INSERT INTO "m_member_love_panel_cell_source_content" VALUES (472109, 1002702, 10, 0, 69);
INSERT INTO "m_member_love_panel_cell_source_content" VALUES (473109, 1002703, 10, 0, 69);
INSERT INTO "m_member_love_panel_cell_source_content" VALUES (474109, 1002704, 10, 0, 69);
INSERT INTO "m_member_love_panel_cell_source_content" VALUES (475109, 1002705, 10, 0, 69);
INSERT INTO "m_member_love_panel_cell_source_content" VALUES (481109, 1002701, 10, 0, 69);
INSERT INTO "m_member_love_panel_cell_source_content" VALUES (482109, 1002702, 10, 0, 69);
INSERT INTO "m_member_love_panel_cell_source_content" VALUES (483109, 1002703, 10, 0, 69);
INSERT INTO "m_member_love_panel_cell_source_content" VALUES (484109, 1002704, 10, 0, 69);
INSERT INTO "m_member_love_panel_cell_source_content" VALUES (485109, 1002705, 10, 0, 69);
INSERT INTO "m_member_love_panel_cell_source_content" VALUES (491109, 1002701, 10, 0, 69);
INSERT INTO "m_member_love_panel_cell_source_content" VALUES (492109, 1002702, 10, 0, 69);
INSERT INTO "m_member_love_panel_cell_source_content" VALUES (493109, 1002703, 10, 0, 69);
INSERT INTO "m_member_love_panel_cell_source_content" VALUES (494109, 1002704, 10, 0, 69);
INSERT INTO "m_member_love_panel_cell_source_content" VALUES (495109, 1002705, 10, 0, 69);
-- add missing reward love panel
-- GPT need: loop create copy, find "001" and replace all [002 - 009, 101 - 109, 201 - 212]
INSERT INTO "m_member_love_panel" VALUES (33201,420,1);
INSERT INTO "m_member_love_panel" VALUES (34201,440,1);
INSERT INTO "m_member_love_panel" VALUES (35201,460,1);
INSERT INTO "m_member_love_panel" VALUES (36201,480,1);
INSERT INTO "m_member_love_panel" VALUES (37201,500,1);
INSERT INTO "m_member_love_panel" VALUES (38201,520,1);
INSERT INTO "m_member_love_panel" VALUES (39201,540,1);
INSERT INTO "m_member_love_panel" VALUES (40201,560,1);
INSERT INTO "m_member_love_panel" VALUES (41201,580,1);
INSERT INTO "m_member_love_panel" VALUES (42201,600,1);
INSERT INTO "m_member_love_panel" VALUES (43201,620,1);
INSERT INTO "m_member_love_panel" VALUES (44201,640,1);
INSERT INTO "m_member_love_panel" VALUES (45201,660,1);
INSERT INTO "m_member_love_panel" VALUES (46201,680,1);
INSERT INTO "m_member_love_panel" VALUES (47201,700,1);
INSERT INTO "m_member_love_panel" VALUES (48201,720,1);
INSERT INTO "m_member_love_panel" VALUES (49201,740,1);
INSERT INTO "m_member_love_panel" VALUES (50201,760,1);
INSERT INTO "m_member_love_panel_bonus" VALUES (33201,3,100);
INSERT INTO "m_member_love_panel_bonus" VALUES (34201,7,100);
INSERT INTO "m_member_love_panel_bonus" VALUES (35201,6,200);
INSERT INTO "m_member_love_panel_bonus" VALUES (36201,4,100);
INSERT INTO "m_member_love_panel_bonus" VALUES (37201,5,2000);
INSERT INTO "m_member_love_panel_bonus" VALUES (38201,12,500);
INSERT INTO "m_member_love_panel_bonus" VALUES (39201,7,100);
INSERT INTO "m_member_love_panel_bonus" VALUES (40201,13,6);
INSERT INTO "m_member_love_panel_bonus" VALUES (40201,14,4);
INSERT INTO "m_member_love_panel_bonus" VALUES (40201,15,2);
INSERT INTO "m_member_love_panel_bonus" VALUES (41201,1,100);
INSERT INTO "m_member_love_panel_bonus" VALUES (42201,2,100);
INSERT INTO "m_member_love_panel_bonus" VALUES (43201,3,100);
INSERT INTO "m_member_love_panel_bonus" VALUES (44201,7,100);
INSERT INTO "m_member_love_panel_bonus" VALUES (45201,6,200);
INSERT INTO "m_member_love_panel_bonus" VALUES (46201,4,100);
INSERT INTO "m_member_love_panel_bonus" VALUES (47201,5,2000);
INSERT INTO "m_member_love_panel_bonus" VALUES (48201,12,500);
INSERT INTO "m_member_love_panel_bonus" VALUES (49201,7,100);
INSERT INTO "m_member_love_panel_bonus" VALUES (50201,13,6);
INSERT INTO "m_member_love_panel_bonus" VALUES (50201,14,4);
INSERT INTO "m_member_love_panel_bonus" VALUES (50201,15,2);
--
INSERT INTO "m_member_love_panel_cell" VALUES (321201, 0, 33201, 1, 10);
INSERT INTO "m_member_love_panel_cell" VALUES (322201, 1, 33201, 3, 10);
INSERT INTO "m_member_love_panel_cell" VALUES (323201, 2, 33201, 2, 10);
INSERT INTO "m_member_love_panel_cell" VALUES (324201, 3, 33201, 7, 20);
INSERT INTO "m_member_love_panel_cell" VALUES (325201, 4, 33201, 12, 250);
INSERT INTO "m_member_love_panel_cell" VALUES (331201, 0, 34201, 1, 10);
INSERT INTO "m_member_love_panel_cell" VALUES (332201, 1, 34201, 3, 10);
INSERT INTO "m_member_love_panel_cell" VALUES (333201, 2, 34201, 2, 10);
INSERT INTO "m_member_love_panel_cell" VALUES (334201, 3, 34201, 10, 50);
INSERT INTO "m_member_love_panel_cell" VALUES (335201, 4, 34201, 14, 4);
INSERT INTO "m_member_love_panel_cell" VALUES (341201, 0, 35201, 1, 10);
INSERT INTO "m_member_love_panel_cell" VALUES (342201, 1, 35201, 3, 10);
INSERT INTO "m_member_love_panel_cell" VALUES (343201, 2, 35201, 2, 10);
INSERT INTO "m_member_love_panel_cell" VALUES (344201, 3, 35201, 5, 500);
INSERT INTO "m_member_love_panel_cell" VALUES (345201, 4, 35201, 7, 20);
INSERT INTO "m_member_love_panel_cell" VALUES (351201, 0, 36201, 1, 10);
INSERT INTO "m_member_love_panel_cell" VALUES (352201, 1, 36201, 3, 10);
INSERT INTO "m_member_love_panel_cell" VALUES (353201, 2, 36201, 2, 10);
INSERT INTO "m_member_love_panel_cell" VALUES (354201, 3, 36201, 6, 50);
INSERT INTO "m_member_love_panel_cell" VALUES (355201, 4, 36201, 11, 50);
INSERT INTO "m_member_love_panel_cell" VALUES (361201, 0, 37201, 1, 10);
INSERT INTO "m_member_love_panel_cell" VALUES (362201, 1, 37201, 3, 10);
INSERT INTO "m_member_love_panel_cell" VALUES (363201, 2, 37201, 2, 10);
INSERT INTO "m_member_love_panel_cell" VALUES (364201, 3, 37201, 4, 50);
INSERT INTO "m_member_love_panel_cell" VALUES (365201, 4, 37201, 15, 2);
INSERT INTO "m_member_love_panel_cell" VALUES (371201, 0, 38201, 1, 10);
INSERT INTO "m_member_love_panel_cell" VALUES (372201, 1, 38201, 3, 10);
INSERT INTO "m_member_love_panel_cell" VALUES (373201, 2, 33201, 2, 10);
INSERT INTO "m_member_love_panel_cell" VALUES (374201, 3, 38201, 6, 50);
INSERT INTO "m_member_love_panel_cell" VALUES (375201, 4, 38201, 9, 50);
INSERT INTO "m_member_love_panel_cell" VALUES (381201, 0, 39201, 1, 10);
INSERT INTO "m_member_love_panel_cell" VALUES (382201, 1, 39201, 3, 10);
INSERT INTO "m_member_love_panel_cell" VALUES (383201, 2, 39201, 2, 10);
INSERT INTO "m_member_love_panel_cell" VALUES (384201, 3, 39201, 8, 50);
INSERT INTO "m_member_love_panel_cell" VALUES (385201, 4, 39201, 4, 50);
INSERT INTO "m_member_love_panel_cell" VALUES (391201, 0, 40201, 1, 10);
INSERT INTO "m_member_love_panel_cell" VALUES (392201, 1, 40201, 3, 10);
INSERT INTO "m_member_love_panel_cell" VALUES (393201, 2, 40201, 2, 10);
INSERT INTO "m_member_love_panel_cell" VALUES (394201, 3, 40201, 7, 20);
INSERT INTO "m_member_love_panel_cell" VALUES (395201, 4, 40201, 5, 500);
--
INSERT INTO "m_member_love_panel_cell" VALUES (401201, 0, 41201, 1, 10);
INSERT INTO "m_member_love_panel_cell" VALUES (402201, 1, 41201, 3, 10);
INSERT INTO "m_member_love_panel_cell" VALUES (403201, 2, 41201, 2, 10);
INSERT INTO "m_member_love_panel_cell" VALUES (404201, 3, 41201, 4, 50);
INSERT INTO "m_member_love_panel_cell" VALUES (405201, 4, 41201, 6, 50);
INSERT INTO "m_member_love_panel_cell" VALUES (411201, 0, 42201, 1, 10);
INSERT INTO "m_member_love_panel_cell" VALUES (412201, 1, 42201, 3, 10);
INSERT INTO "m_member_love_panel_cell" VALUES (413201, 2, 42201, 2, 10);
INSERT INTO "m_member_love_panel_cell" VALUES (414201, 3, 42201, 5, 500);
INSERT INTO "m_member_love_panel_cell" VALUES (415201, 4, 42201, 13, 6);
INSERT INTO "m_member_love_panel_cell" VALUES (421201, 0, 43201, 1, 10);
INSERT INTO "m_member_love_panel_cell" VALUES (422201, 1, 43201, 3, 10);
INSERT INTO "m_member_love_panel_cell" VALUES (423201, 2, 43201, 2, 10);
INSERT INTO "m_member_love_panel_cell" VALUES (424201, 3, 43201, 7, 20);
INSERT INTO "m_member_love_panel_cell" VALUES (425201, 4, 43201, 12, 250);
INSERT INTO "m_member_love_panel_cell" VALUES (431201, 0, 44201, 1, 10);
INSERT INTO "m_member_love_panel_cell" VALUES (432201, 1, 44201, 3, 10);
INSERT INTO "m_member_love_panel_cell" VALUES (433201, 2, 44201, 2, 10);
INSERT INTO "m_member_love_panel_cell" VALUES (434201, 3, 44201, 10, 50);
INSERT INTO "m_member_love_panel_cell" VALUES (435201, 4, 44201, 14, 4);
INSERT INTO "m_member_love_panel_cell" VALUES (441201, 0, 45201, 1, 10);
INSERT INTO "m_member_love_panel_cell" VALUES (442201, 1, 45201, 3, 10);
INSERT INTO "m_member_love_panel_cell" VALUES (443201, 2, 45201, 2, 10);
INSERT INTO "m_member_love_panel_cell" VALUES (444201, 3, 45201, 5, 500);
INSERT INTO "m_member_love_panel_cell" VALUES (445201, 4, 45201, 7, 20);
INSERT INTO "m_member_love_panel_cell" VALUES (451201, 0, 46201, 1, 10);
INSERT INTO "m_member_love_panel_cell" VALUES (452201, 1, 46201, 3, 10);
INSERT INTO "m_member_love_panel_cell" VALUES (453201, 2, 46201, 2, 10);
INSERT INTO "m_member_love_panel_cell" VALUES (454201, 3, 46201, 6, 50);
INSERT INTO "m_member_love_panel_cell" VALUES (455201, 4, 46201, 11, 50);
INSERT INTO "m_member_love_panel_cell" VALUES (461201, 0, 47201, 1, 10);
INSERT INTO "m_member_love_panel_cell" VALUES (462201, 1, 47201, 3, 10);
INSERT INTO "m_member_love_panel_cell" VALUES (463201, 2, 47201, 2, 10);
INSERT INTO "m_member_love_panel_cell" VALUES (464201, 3, 47201, 4, 50);
INSERT INTO "m_member_love_panel_cell" VALUES (465201, 4, 47201, 15, 2);
INSERT INTO "m_member_love_panel_cell" VALUES (471201, 0, 48201, 1, 10);
INSERT INTO "m_member_love_panel_cell" VALUES (472201, 1, 48201, 3, 10);
INSERT INTO "m_member_love_panel_cell" VALUES (473201, 2, 43201, 2, 10);
INSERT INTO "m_member_love_panel_cell" VALUES (474201, 3, 48201, 6, 50);
INSERT INTO "m_member_love_panel_cell" VALUES (475201, 4, 48201, 9, 50);
INSERT INTO "m_member_love_panel_cell" VALUES (481201, 0, 49201, 1, 10);
INSERT INTO "m_member_love_panel_cell" VALUES (482201, 1, 49201, 3, 10);
INSERT INTO "m_member_love_panel_cell" VALUES (483201, 2, 49201, 2, 10);
INSERT INTO "m_member_love_panel_cell" VALUES (484201, 3, 49201, 8, 50);
INSERT INTO "m_member_love_panel_cell" VALUES (485201, 4, 49201, 4, 50);
INSERT INTO "m_member_love_panel_cell" VALUES (491201, 0, 50201, 1, 10);
INSERT INTO "m_member_love_panel_cell" VALUES (492201, 1, 50201, 3, 10);
INSERT INTO "m_member_love_panel_cell" VALUES (493201, 2, 50201, 2, 10);
INSERT INTO "m_member_love_panel_cell" VALUES (494201, 3, 50201, 7, 20);
INSERT INTO "m_member_love_panel_cell" VALUES (495201, 4, 50201, 5, 500);
-- placeholder source content or we don't need this, for what tho?
INSERT INTO "m_member_love_panel_cell_source_content" VALUES (321201, 1002701, 10, 0, 69);
INSERT INTO "m_member_love_panel_cell_source_content" VALUES (322201, 1002702, 10, 0, 69);
INSERT INTO "m_member_love_panel_cell_source_content" VALUES (323201, 1002703, 10, 0, 69);
INSERT INTO "m_member_love_panel_cell_source_content" VALUES (324201, 1002704, 10, 0, 69);
INSERT INTO "m_member_love_panel_cell_source_content" VALUES (325201, 1002705, 10, 0, 69);
INSERT INTO "m_member_love_panel_cell_source_content" VALUES (331201, 1002701, 10, 0, 69);
INSERT INTO "m_member_love_panel_cell_source_content" VALUES (332201, 1002702, 10, 0, 69);
INSERT INTO "m_member_love_panel_cell_source_content" VALUES (333201, 1002703, 10, 0, 69);
INSERT INTO "m_member_love_panel_cell_source_content" VALUES (334201, 1002704, 10, 0, 69);
INSERT INTO "m_member_love_panel_cell_source_content" VALUES (335201, 1002705, 10, 0, 69);
INSERT INTO "m_member_love_panel_cell_source_content" VALUES (341201, 1002701, 10, 0, 69);
INSERT INTO "m_member_love_panel_cell_source_content" VALUES (342201, 1002702, 10, 0, 69);
INSERT INTO "m_member_love_panel_cell_source_content" VALUES (343201, 1002703, 10, 0, 69);
INSERT INTO "m_member_love_panel_cell_source_content" VALUES (344201, 1002704, 10, 0, 69);
INSERT INTO "m_member_love_panel_cell_source_content" VALUES (345201, 1002705, 10, 0, 69);
INSERT INTO "m_member_love_panel_cell_source_content" VALUES (351201, 1002701, 10, 0, 69);
INSERT INTO "m_member_love_panel_cell_source_content" VALUES (352201, 1002702, 10, 0, 69);
INSERT INTO "m_member_love_panel_cell_source_content" VALUES (353201, 1002703, 10, 0, 69);
INSERT INTO "m_member_love_panel_cell_source_content" VALUES (354201, 1002704, 10, 0, 69);
INSERT INTO "m_member_love_panel_cell_source_content" VALUES (355201, 1002705, 10, 0, 69);
INSERT INTO "m_member_love_panel_cell_source_content" VALUES (361201, 1002701, 10, 0, 69);
INSERT INTO "m_member_love_panel_cell_source_content" VALUES (362201, 1002702, 10, 0, 69);
INSERT INTO "m_member_love_panel_cell_source_content" VALUES (363201, 1002703, 10, 0, 69);
INSERT INTO "m_member_love_panel_cell_source_content" VALUES (364201, 1002704, 10, 0, 69);
INSERT INTO "m_member_love_panel_cell_source_content" VALUES (365201, 1002705, 10, 0, 69);
INSERT INTO "m_member_love_panel_cell_source_content" VALUES (371201, 1002701, 10, 0, 69);
INSERT INTO "m_member_love_panel_cell_source_content" VALUES (372201, 1002702, 10, 0, 69);
INSERT INTO "m_member_love_panel_cell_source_content" VALUES (373201, 1002703, 10, 0, 69);
INSERT INTO "m_member_love_panel_cell_source_content" VALUES (374201, 1002704, 10, 0, 69);
INSERT INTO "m_member_love_panel_cell_source_content" VALUES (375201, 1002705, 10, 0, 69);
INSERT INTO "m_member_love_panel_cell_source_content" VALUES (381201, 1002701, 10, 0, 69);
INSERT INTO "m_member_love_panel_cell_source_content" VALUES (382201, 1002702, 10, 0, 69);
INSERT INTO "m_member_love_panel_cell_source_content" VALUES (383201, 1002703, 10, 0, 69);
INSERT INTO "m_member_love_panel_cell_source_content" VALUES (384201, 1002704, 10, 0, 69);
INSERT INTO "m_member_love_panel_cell_source_content" VALUES (385201, 1002705, 10, 0, 69);
INSERT INTO "m_member_love_panel_cell_source_content" VALUES (391201, 1002701, 10, 0, 69);
INSERT INTO "m_member_love_panel_cell_source_content" VALUES (392201, 1002702, 10, 0, 69);
INSERT INTO "m_member_love_panel_cell_source_content" VALUES (393201, 1002703, 10, 0, 69);
INSERT INTO "m_member_love_panel_cell_source_content" VALUES (394201, 1002704, 10, 0, 69);
INSERT INTO "m_member_love_panel_cell_source_content" VALUES (395201, 1002705, 10, 0, 69);
INSERT INTO "m_member_love_panel_cell_source_content" VALUES (401201, 1002701, 10, 0, 69);
INSERT INTO "m_member_love_panel_cell_source_content" VALUES (402201, 1002702, 10, 0, 69);
INSERT INTO "m_member_love_panel_cell_source_content" VALUES (403201, 1002703, 10, 0, 69);
INSERT INTO "m_member_love_panel_cell_source_content" VALUES (404201, 1002704, 10, 0, 69);
INSERT INTO "m_member_love_panel_cell_source_content" VALUES (405201, 1002705, 10, 0, 69);
INSERT INTO "m_member_love_panel_cell_source_content" VALUES (411201, 1002701, 10, 0, 69);
INSERT INTO "m_member_love_panel_cell_source_content" VALUES (412201, 1002702, 10, 0, 69);
INSERT INTO "m_member_love_panel_cell_source_content" VALUES (413201, 1002703, 10, 0, 69);
INSERT INTO "m_member_love_panel_cell_source_content" VALUES (414201, 1002704, 10, 0, 69);
INSERT INTO "m_member_love_panel_cell_source_content" VALUES (415201, 1002705, 10, 0, 69);
INSERT INTO "m_member_love_panel_cell_source_content" VALUES (421201, 1002701, 10, 0, 69);
INSERT INTO "m_member_love_panel_cell_source_content" VALUES (422201, 1002702, 10, 0, 69);
INSERT INTO "m_member_love_panel_cell_source_content" VALUES (423201, 1002703, 10, 0, 69);
INSERT INTO "m_member_love_panel_cell_source_content" VALUES (424201, 1002704, 10, 0, 69);
INSERT INTO "m_member_love_panel_cell_source_content" VALUES (425201, 1002705, 10, 0, 69);
INSERT INTO "m_member_love_panel_cell_source_content" VALUES (431201, 1002701, 10, 0, 69);
INSERT INTO "m_member_love_panel_cell_source_content" VALUES (432201, 1002702, 10, 0, 69);
INSERT INTO "m_member_love_panel_cell_source_content" VALUES (433201, 1002703, 10, 0, 69);
INSERT INTO "m_member_love_panel_cell_source_content" VALUES (434201, 1002704, 10, 0, 69);
INSERT INTO "m_member_love_panel_cell_source_content" VALUES (435201, 1002705, 10, 0, 69);
INSERT INTO "m_member_love_panel_cell_source_content" VALUES (441201, 1002701, 10, 0, 69);
INSERT INTO "m_member_love_panel_cell_source_content" VALUES (442201, 1002702, 10, 0, 69);
INSERT INTO "m_member_love_panel_cell_source_content" VALUES (443201, 1002703, 10, 0, 69);
INSERT INTO "m_member_love_panel_cell_source_content" VALUES (444201, 1002704, 10, 0, 69);
INSERT INTO "m_member_love_panel_cell_source_content" VALUES (445201, 1002705, 10, 0, 69);
INSERT INTO "m_member_love_panel_cell_source_content" VALUES (451201, 1002701, 10, 0, 69);
INSERT INTO "m_member_love_panel_cell_source_content" VALUES (452201, 1002702, 10, 0, 69);
INSERT INTO "m_member_love_panel_cell_source_content" VALUES (453201, 1002703, 10, 0, 69);
INSERT INTO "m_member_love_panel_cell_source_content" VALUES (454201, 1002704, 10, 0, 69);
INSERT INTO "m_member_love_panel_cell_source_content" VALUES (455201, 1002705, 10, 0, 69);
INSERT INTO "m_member_love_panel_cell_source_content" VALUES (461201, 1002701, 10, 0, 69);
INSERT INTO "m_member_love_panel_cell_source_content" VALUES (462201, 1002702, 10, 0, 69);
INSERT INTO "m_member_love_panel_cell_source_content" VALUES (463201, 1002703, 10, 0, 69);
INSERT INTO "m_member_love_panel_cell_source_content" VALUES (464201, 1002704, 10, 0, 69);
INSERT INTO "m_member_love_panel_cell_source_content" VALUES (465201, 1002705, 10, 0, 69);
INSERT INTO "m_member_love_panel_cell_source_content" VALUES (471201, 1002701, 10, 0, 69);
INSERT INTO "m_member_love_panel_cell_source_content" VALUES (472201, 1002702, 10, 0, 69);
INSERT INTO "m_member_love_panel_cell_source_content" VALUES (473201, 1002703, 10, 0, 69);
INSERT INTO "m_member_love_panel_cell_source_content" VALUES (474201, 1002704, 10, 0, 69);
INSERT INTO "m_member_love_panel_cell_source_content" VALUES (475201, 1002705, 10, 0, 69);
INSERT INTO "m_member_love_panel_cell_source_content" VALUES (481201, 1002701, 10, 0, 69);
INSERT INTO "m_member_love_panel_cell_source_content" VALUES (482201, 1002702, 10, 0, 69);
INSERT INTO "m_member_love_panel_cell_source_content" VALUES (483201, 1002703, 10, 0, 69);
INSERT INTO "m_member_love_panel_cell_source_content" VALUES (484201, 1002704, 10, 0, 69);
INSERT INTO "m_member_love_panel_cell_source_content" VALUES (485201, 1002705, 10, 0, 69);
INSERT INTO "m_member_love_panel_cell_source_content" VALUES (491201, 1002701, 10, 0, 69);
INSERT INTO "m_member_love_panel_cell_source_content" VALUES (492201, 1002702, 10, 0, 69);
INSERT INTO "m_member_love_panel_cell_source_content" VALUES (493201, 1002703, 10, 0, 69);
INSERT INTO "m_member_love_panel_cell_source_content" VALUES (494201, 1002704, 10, 0, 69);
INSERT INTO "m_member_love_panel_cell_source_content" VALUES (495201, 1002705, 10, 0, 69);
-- add missing reward love panel
-- GPT need: loop create copy, find "001" and replace all [002 - 009, 101 - 109, 201 - 212]
INSERT INTO "m_member_love_panel" VALUES (33202,420,1);
INSERT INTO "m_member_love_panel" VALUES (34202,440,1);
INSERT INTO "m_member_love_panel" VALUES (35202,460,1);
INSERT INTO "m_member_love_panel" VALUES (36202,480,1);
INSERT INTO "m_member_love_panel" VALUES (37202,500,1);
INSERT INTO "m_member_love_panel" VALUES (38202,520,1);
INSERT INTO "m_member_love_panel" VALUES (39202,540,1);
INSERT INTO "m_member_love_panel" VALUES (40202,560,1);
INSERT INTO "m_member_love_panel" VALUES (41202,580,1);
INSERT INTO "m_member_love_panel" VALUES (42202,600,1);
INSERT INTO "m_member_love_panel" VALUES (43202,620,1);
INSERT INTO "m_member_love_panel" VALUES (44202,640,1);
INSERT INTO "m_member_love_panel" VALUES (45202,660,1);
INSERT INTO "m_member_love_panel" VALUES (46202,680,1);
INSERT INTO "m_member_love_panel" VALUES (47202,700,1);
INSERT INTO "m_member_love_panel" VALUES (48202,720,1);
INSERT INTO "m_member_love_panel" VALUES (49202,740,1);
INSERT INTO "m_member_love_panel" VALUES (50202,760,1);
INSERT INTO "m_member_love_panel_bonus" VALUES (33202,3,100);
INSERT INTO "m_member_love_panel_bonus" VALUES (34202,7,100);
INSERT INTO "m_member_love_panel_bonus" VALUES (35202,6,200);
INSERT INTO "m_member_love_panel_bonus" VALUES (36202,4,100);
INSERT INTO "m_member_love_panel_bonus" VALUES (37202,5,2000);
INSERT INTO "m_member_love_panel_bonus" VALUES (38202,12,500);
INSERT INTO "m_member_love_panel_bonus" VALUES (39202,7,100);
INSERT INTO "m_member_love_panel_bonus" VALUES (40202,13,6);
INSERT INTO "m_member_love_panel_bonus" VALUES (40202,14,4);
INSERT INTO "m_member_love_panel_bonus" VALUES (40202,15,2);
INSERT INTO "m_member_love_panel_bonus" VALUES (41202,1,100);
INSERT INTO "m_member_love_panel_bonus" VALUES (42202,2,100);
INSERT INTO "m_member_love_panel_bonus" VALUES (43202,3,100);
INSERT INTO "m_member_love_panel_bonus" VALUES (44202,7,100);
INSERT INTO "m_member_love_panel_bonus" VALUES (45202,6,200);
INSERT INTO "m_member_love_panel_bonus" VALUES (46202,4,100);
INSERT INTO "m_member_love_panel_bonus" VALUES (47202,5,2000);
INSERT INTO "m_member_love_panel_bonus" VALUES (48202,12,500);
INSERT INTO "m_member_love_panel_bonus" VALUES (49202,7,100);
INSERT INTO "m_member_love_panel_bonus" VALUES (50202,13,6);
INSERT INTO "m_member_love_panel_bonus" VALUES (50202,14,4);
INSERT INTO "m_member_love_panel_bonus" VALUES (50202,15,2);
--
INSERT INTO "m_member_love_panel_cell" VALUES (321202, 0, 33202, 1, 10);
INSERT INTO "m_member_love_panel_cell" VALUES (322202, 1, 33202, 3, 10);
INSERT INTO "m_member_love_panel_cell" VALUES (323202, 2, 33202, 2, 10);
INSERT INTO "m_member_love_panel_cell" VALUES (324202, 3, 33202, 7, 20);
INSERT INTO "m_member_love_panel_cell" VALUES (325202, 4, 33202, 12, 250);
INSERT INTO "m_member_love_panel_cell" VALUES (331202, 0, 34202, 1, 10);
INSERT INTO "m_member_love_panel_cell" VALUES (332202, 1, 34202, 3, 10);
INSERT INTO "m_member_love_panel_cell" VALUES (333202, 2, 34202, 2, 10);
INSERT INTO "m_member_love_panel_cell" VALUES (334202, 3, 34202, 10, 50);
INSERT INTO "m_member_love_panel_cell" VALUES (335202, 4, 34202, 14, 4);
INSERT INTO "m_member_love_panel_cell" VALUES (341202, 0, 35202, 1, 10);
INSERT INTO "m_member_love_panel_cell" VALUES (342202, 1, 35202, 3, 10);
INSERT INTO "m_member_love_panel_cell" VALUES (343202, 2, 35202, 2, 10);
INSERT INTO "m_member_love_panel_cell" VALUES (344202, 3, 35202, 5, 500);
INSERT INTO "m_member_love_panel_cell" VALUES (345202, 4, 35202, 7, 20);
INSERT INTO "m_member_love_panel_cell" VALUES (351202, 0, 36202, 1, 10);
INSERT INTO "m_member_love_panel_cell" VALUES (352202, 1, 36202, 3, 10);
INSERT INTO "m_member_love_panel_cell" VALUES (353202, 2, 36202, 2, 10);
INSERT INTO "m_member_love_panel_cell" VALUES (354202, 3, 36202, 6, 50);
INSERT INTO "m_member_love_panel_cell" VALUES (355202, 4, 36202, 11, 50);
INSERT INTO "m_member_love_panel_cell" VALUES (361202, 0, 37202, 1, 10);
INSERT INTO "m_member_love_panel_cell" VALUES (362202, 1, 37202, 3, 10);
INSERT INTO "m_member_love_panel_cell" VALUES (363202, 2, 37202, 2, 10);
INSERT INTO "m_member_love_panel_cell" VALUES (364202, 3, 37202, 4, 50);
INSERT INTO "m_member_love_panel_cell" VALUES (365202, 4, 37202, 15, 2);
INSERT INTO "m_member_love_panel_cell" VALUES (371202, 0, 38202, 1, 10);
INSERT INTO "m_member_love_panel_cell" VALUES (372202, 1, 38202, 3, 10);
INSERT INTO "m_member_love_panel_cell" VALUES (373202, 2, 33202, 2, 10);
INSERT INTO "m_member_love_panel_cell" VALUES (374202, 3, 38202, 6, 50);
INSERT INTO "m_member_love_panel_cell" VALUES (375202, 4, 38202, 9, 50);
INSERT INTO "m_member_love_panel_cell" VALUES (381202, 0, 39202, 1, 10);
INSERT INTO "m_member_love_panel_cell" VALUES (382202, 1, 39202, 3, 10);
INSERT INTO "m_member_love_panel_cell" VALUES (383202, 2, 39202, 2, 10);
INSERT INTO "m_member_love_panel_cell" VALUES (384202, 3, 39202, 8, 50);
INSERT INTO "m_member_love_panel_cell" VALUES (385202, 4, 39202, 4, 50);
INSERT INTO "m_member_love_panel_cell" VALUES (391202, 0, 40202, 1, 10);
INSERT INTO "m_member_love_panel_cell" VALUES (392202, 1, 40202, 3, 10);
INSERT INTO "m_member_love_panel_cell" VALUES (393202, 2, 40202, 2, 10);
INSERT INTO "m_member_love_panel_cell" VALUES (394202, 3, 40202, 7, 20);
INSERT INTO "m_member_love_panel_cell" VALUES (395202, 4, 40202, 5, 500);
--
INSERT INTO "m_member_love_panel_cell" VALUES (401202, 0, 41202, 1, 10);
INSERT INTO "m_member_love_panel_cell" VALUES (402202, 1, 41202, 3, 10);
INSERT INTO "m_member_love_panel_cell" VALUES (403202, 2, 41202, 2, 10);
INSERT INTO "m_member_love_panel_cell" VALUES (404202, 3, 41202, 4, 50);
INSERT INTO "m_member_love_panel_cell" VALUES (405202, 4, 41202, 6, 50);
INSERT INTO "m_member_love_panel_cell" VALUES (411202, 0, 42202, 1, 10);
INSERT INTO "m_member_love_panel_cell" VALUES (412202, 1, 42202, 3, 10);
INSERT INTO "m_member_love_panel_cell" VALUES (413202, 2, 42202, 2, 10);
INSERT INTO "m_member_love_panel_cell" VALUES (414202, 3, 42202, 5, 500);
INSERT INTO "m_member_love_panel_cell" VALUES (415202, 4, 42202, 13, 6);
INSERT INTO "m_member_love_panel_cell" VALUES (421202, 0, 43202, 1, 10);
INSERT INTO "m_member_love_panel_cell" VALUES (422202, 1, 43202, 3, 10);
INSERT INTO "m_member_love_panel_cell" VALUES (423202, 2, 43202, 2, 10);
INSERT INTO "m_member_love_panel_cell" VALUES (424202, 3, 43202, 7, 20);
INSERT INTO "m_member_love_panel_cell" VALUES (425202, 4, 43202, 12, 250);
INSERT INTO "m_member_love_panel_cell" VALUES (431202, 0, 44202, 1, 10);
INSERT INTO "m_member_love_panel_cell" VALUES (432202, 1, 44202, 3, 10);
INSERT INTO "m_member_love_panel_cell" VALUES (433202, 2, 44202, 2, 10);
INSERT INTO "m_member_love_panel_cell" VALUES (434202, 3, 44202, 10, 50);
INSERT INTO "m_member_love_panel_cell" VALUES (435202, 4, 44202, 14, 4);
INSERT INTO "m_member_love_panel_cell" VALUES (441202, 0, 45202, 1, 10);
INSERT INTO "m_member_love_panel_cell" VALUES (442202, 1, 45202, 3, 10);
INSERT INTO "m_member_love_panel_cell" VALUES (443202, 2, 45202, 2, 10);
INSERT INTO "m_member_love_panel_cell" VALUES (444202, 3, 45202, 5, 500);
INSERT INTO "m_member_love_panel_cell" VALUES (445202, 4, 45202, 7, 20);
INSERT INTO "m_member_love_panel_cell" VALUES (451202, 0, 46202, 1, 10);
INSERT INTO "m_member_love_panel_cell" VALUES (452202, 1, 46202, 3, 10);
INSERT INTO "m_member_love_panel_cell" VALUES (453202, 2, 46202, 2, 10);
INSERT INTO "m_member_love_panel_cell" VALUES (454202, 3, 46202, 6, 50);
INSERT INTO "m_member_love_panel_cell" VALUES (455202, 4, 46202, 11, 50);
INSERT INTO "m_member_love_panel_cell" VALUES (461202, 0, 47202, 1, 10);
INSERT INTO "m_member_love_panel_cell" VALUES (462202, 1, 47202, 3, 10);
INSERT INTO "m_member_love_panel_cell" VALUES (463202, 2, 47202, 2, 10);
INSERT INTO "m_member_love_panel_cell" VALUES (464202, 3, 47202, 4, 50);
INSERT INTO "m_member_love_panel_cell" VALUES (465202, 4, 47202, 15, 2);
INSERT INTO "m_member_love_panel_cell" VALUES (471202, 0, 48202, 1, 10);
INSERT INTO "m_member_love_panel_cell" VALUES (472202, 1, 48202, 3, 10);
INSERT INTO "m_member_love_panel_cell" VALUES (473202, 2, 43202, 2, 10);
INSERT INTO "m_member_love_panel_cell" VALUES (474202, 3, 48202, 6, 50);
INSERT INTO "m_member_love_panel_cell" VALUES (475202, 4, 48202, 9, 50);
INSERT INTO "m_member_love_panel_cell" VALUES (481202, 0, 49202, 1, 10);
INSERT INTO "m_member_love_panel_cell" VALUES (482202, 1, 49202, 3, 10);
INSERT INTO "m_member_love_panel_cell" VALUES (483202, 2, 49202, 2, 10);
INSERT INTO "m_member_love_panel_cell" VALUES (484202, 3, 49202, 8, 50);
INSERT INTO "m_member_love_panel_cell" VALUES (485202, 4, 49202, 4, 50);
INSERT INTO "m_member_love_panel_cell" VALUES (491202, 0, 50202, 1, 10);
INSERT INTO "m_member_love_panel_cell" VALUES (492202, 1, 50202, 3, 10);
INSERT INTO "m_member_love_panel_cell" VALUES (493202, 2, 50202, 2, 10);
INSERT INTO "m_member_love_panel_cell" VALUES (494202, 3, 50202, 7, 20);
INSERT INTO "m_member_love_panel_cell" VALUES (495202, 4, 50202, 5, 500);
-- placeholder source content or we don't need this, for what tho?
INSERT INTO "m_member_love_panel_cell_source_content" VALUES (321202, 1002701, 10, 0, 69);
INSERT INTO "m_member_love_panel_cell_source_content" VALUES (322202, 1002702, 10, 0, 69);
INSERT INTO "m_member_love_panel_cell_source_content" VALUES (323202, 1002703, 10, 0, 69);
INSERT INTO "m_member_love_panel_cell_source_content" VALUES (324202, 1002704, 10, 0, 69);
INSERT INTO "m_member_love_panel_cell_source_content" VALUES (325202, 1002705, 10, 0, 69);
INSERT INTO "m_member_love_panel_cell_source_content" VALUES (331202, 1002701, 10, 0, 69);
INSERT INTO "m_member_love_panel_cell_source_content" VALUES (332202, 1002702, 10, 0, 69);
INSERT INTO "m_member_love_panel_cell_source_content" VALUES (333202, 1002703, 10, 0, 69);
INSERT INTO "m_member_love_panel_cell_source_content" VALUES (334202, 1002704, 10, 0, 69);
INSERT INTO "m_member_love_panel_cell_source_content" VALUES (335202, 1002705, 10, 0, 69);
INSERT INTO "m_member_love_panel_cell_source_content" VALUES (341202, 1002701, 10, 0, 69);
INSERT INTO "m_member_love_panel_cell_source_content" VALUES (342202, 1002702, 10, 0, 69);
INSERT INTO "m_member_love_panel_cell_source_content" VALUES (343202, 1002703, 10, 0, 69);
INSERT INTO "m_member_love_panel_cell_source_content" VALUES (344202, 1002704, 10, 0, 69);
INSERT INTO "m_member_love_panel_cell_source_content" VALUES (345202, 1002705, 10, 0, 69);
INSERT INTO "m_member_love_panel_cell_source_content" VALUES (351202, 1002701, 10, 0, 69);
INSERT INTO "m_member_love_panel_cell_source_content" VALUES (352202, 1002702, 10, 0, 69);
INSERT INTO "m_member_love_panel_cell_source_content" VALUES (353202, 1002703, 10, 0, 69);
INSERT INTO "m_member_love_panel_cell_source_content" VALUES (354202, 1002704, 10, 0, 69);
INSERT INTO "m_member_love_panel_cell_source_content" VALUES (355202, 1002705, 10, 0, 69);
INSERT INTO "m_member_love_panel_cell_source_content" VALUES (361202, 1002701, 10, 0, 69);
INSERT INTO "m_member_love_panel_cell_source_content" VALUES (362202, 1002702, 10, 0, 69);
INSERT INTO "m_member_love_panel_cell_source_content" VALUES (363202, 1002703, 10, 0, 69);
INSERT INTO "m_member_love_panel_cell_source_content" VALUES (364202, 1002704, 10, 0, 69);
INSERT INTO "m_member_love_panel_cell_source_content" VALUES (365202, 1002705, 10, 0, 69);
INSERT INTO "m_member_love_panel_cell_source_content" VALUES (371202, 1002701, 10, 0, 69);
INSERT INTO "m_member_love_panel_cell_source_content" VALUES (372202, 1002702, 10, 0, 69);
INSERT INTO "m_member_love_panel_cell_source_content" VALUES (373202, 1002703, 10, 0, 69);
INSERT INTO "m_member_love_panel_cell_source_content" VALUES (374202, 1002704, 10, 0, 69);
INSERT INTO "m_member_love_panel_cell_source_content" VALUES (375202, 1002705, 10, 0, 69);
INSERT INTO "m_member_love_panel_cell_source_content" VALUES (381202, 1002701, 10, 0, 69);
INSERT INTO "m_member_love_panel_cell_source_content" VALUES (382202, 1002702, 10, 0, 69);
INSERT INTO "m_member_love_panel_cell_source_content" VALUES (383202, 1002703, 10, 0, 69);
INSERT INTO "m_member_love_panel_cell_source_content" VALUES (384202, 1002704, 10, 0, 69);
INSERT INTO "m_member_love_panel_cell_source_content" VALUES (385202, 1002705, 10, 0, 69);
INSERT INTO "m_member_love_panel_cell_source_content" VALUES (391202, 1002701, 10, 0, 69);
INSERT INTO "m_member_love_panel_cell_source_content" VALUES (392202, 1002702, 10, 0, 69);
INSERT INTO "m_member_love_panel_cell_source_content" VALUES (393202, 1002703, 10, 0, 69);
INSERT INTO "m_member_love_panel_cell_source_content" VALUES (394202, 1002704, 10, 0, 69);
INSERT INTO "m_member_love_panel_cell_source_content" VALUES (395202, 1002705, 10, 0, 69);
INSERT INTO "m_member_love_panel_cell_source_content" VALUES (401202, 1002701, 10, 0, 69);
INSERT INTO "m_member_love_panel_cell_source_content" VALUES (402202, 1002702, 10, 0, 69);
INSERT INTO "m_member_love_panel_cell_source_content" VALUES (403202, 1002703, 10, 0, 69);
INSERT INTO "m_member_love_panel_cell_source_content" VALUES (404202, 1002704, 10, 0, 69);
INSERT INTO "m_member_love_panel_cell_source_content" VALUES (405202, 1002705, 10, 0, 69);
INSERT INTO "m_member_love_panel_cell_source_content" VALUES (411202, 1002701, 10, 0, 69);
INSERT INTO "m_member_love_panel_cell_source_content" VALUES (412202, 1002702, 10, 0, 69);
INSERT INTO "m_member_love_panel_cell_source_content" VALUES (413202, 1002703, 10, 0, 69);
INSERT INTO "m_member_love_panel_cell_source_content" VALUES (414202, 1002704, 10, 0, 69);
INSERT INTO "m_member_love_panel_cell_source_content" VALUES (415202, 1002705, 10, 0, 69);
INSERT INTO "m_member_love_panel_cell_source_content" VALUES (421202, 1002701, 10, 0, 69);
INSERT INTO "m_member_love_panel_cell_source_content" VALUES (422202, 1002702, 10, 0, 69);
INSERT INTO "m_member_love_panel_cell_source_content" VALUES (423202, 1002703, 10, 0, 69);
INSERT INTO "m_member_love_panel_cell_source_content" VALUES (424202, 1002704, 10, 0, 69);
INSERT INTO "m_member_love_panel_cell_source_content" VALUES (425202, 1002705, 10, 0, 69);
INSERT INTO "m_member_love_panel_cell_source_content" VALUES (431202, 1002701, 10, 0, 69);
INSERT INTO "m_member_love_panel_cell_source_content" VALUES (432202, 1002702, 10, 0, 69);
INSERT INTO "m_member_love_panel_cell_source_content" VALUES (433202, 1002703, 10, 0, 69);
INSERT INTO "m_member_love_panel_cell_source_content" VALUES (434202, 1002704, 10, 0, 69);
INSERT INTO "m_member_love_panel_cell_source_content" VALUES (435202, 1002705, 10, 0, 69);
INSERT INTO "m_member_love_panel_cell_source_content" VALUES (441202, 1002701, 10, 0, 69);
INSERT INTO "m_member_love_panel_cell_source_content" VALUES (442202, 1002702, 10, 0, 69);
INSERT INTO "m_member_love_panel_cell_source_content" VALUES (443202, 1002703, 10, 0, 69);
INSERT INTO "m_member_love_panel_cell_source_content" VALUES (444202, 1002704, 10, 0, 69);
INSERT INTO "m_member_love_panel_cell_source_content" VALUES (445202, 1002705, 10, 0, 69);
INSERT INTO "m_member_love_panel_cell_source_content" VALUES (451202, 1002701, 10, 0, 69);
INSERT INTO "m_member_love_panel_cell_source_content" VALUES (452202, 1002702, 10, 0, 69);
INSERT INTO "m_member_love_panel_cell_source_content" VALUES (453202, 1002703, 10, 0, 69);
INSERT INTO "m_member_love_panel_cell_source_content" VALUES (454202, 1002704, 10, 0, 69);
INSERT INTO "m_member_love_panel_cell_source_content" VALUES (455202, 1002705, 10, 0, 69);
INSERT INTO "m_member_love_panel_cell_source_content" VALUES (461202, 1002701, 10, 0, 69);
INSERT INTO "m_member_love_panel_cell_source_content" VALUES (462202, 1002702, 10, 0, 69);
INSERT INTO "m_member_love_panel_cell_source_content" VALUES (463202, 1002703, 10, 0, 69);
INSERT INTO "m_member_love_panel_cell_source_content" VALUES (464202, 1002704, 10, 0, 69);
INSERT INTO "m_member_love_panel_cell_source_content" VALUES (465202, 1002705, 10, 0, 69);
INSERT INTO "m_member_love_panel_cell_source_content" VALUES (471202, 1002701, 10, 0, 69);
INSERT INTO "m_member_love_panel_cell_source_content" VALUES (472202, 1002702, 10, 0, 69);
INSERT INTO "m_member_love_panel_cell_source_content" VALUES (473202, 1002703, 10, 0, 69);
INSERT INTO "m_member_love_panel_cell_source_content" VALUES (474202, 1002704, 10, 0, 69);
INSERT INTO "m_member_love_panel_cell_source_content" VALUES (475202, 1002705, 10, 0, 69);
INSERT INTO "m_member_love_panel_cell_source_content" VALUES (481202, 1002701, 10, 0, 69);
INSERT INTO "m_member_love_panel_cell_source_content" VALUES (482202, 1002702, 10, 0, 69);
INSERT INTO "m_member_love_panel_cell_source_content" VALUES (483202, 1002703, 10, 0, 69);
INSERT INTO "m_member_love_panel_cell_source_content" VALUES (484202, 1002704, 10, 0, 69);
INSERT INTO "m_member_love_panel_cell_source_content" VALUES (485202, 1002705, 10, 0, 69);
INSERT INTO "m_member_love_panel_cell_source_content" VALUES (491202, 1002701, 10, 0, 69);
INSERT INTO "m_member_love_panel_cell_source_content" VALUES (492202, 1002702, 10, 0, 69);
INSERT INTO "m_member_love_panel_cell_source_content" VALUES (493202, 1002703, 10, 0, 69);
INSERT INTO "m_member_love_panel_cell_source_content" VALUES (494202, 1002704, 10, 0, 69);
INSERT INTO "m_member_love_panel_cell_source_content" VALUES (495202, 1002705, 10, 0, 69);
-- add missing reward love panel
-- GPT need: loop create copy, find "001" and replace all [002 - 009, 101 - 109, 201 - 212]
INSERT INTO "m_member_love_panel" VALUES (33203,420,1);
INSERT INTO "m_member_love_panel" VALUES (34203,440,1);
INSERT INTO "m_member_love_panel" VALUES (35203,460,1);
INSERT INTO "m_member_love_panel" VALUES (36203,480,1);
INSERT INTO "m_member_love_panel" VALUES (37203,500,1);
INSERT INTO "m_member_love_panel" VALUES (38203,520,1);
INSERT INTO "m_member_love_panel" VALUES (39203,540,1);
INSERT INTO "m_member_love_panel" VALUES (40203,560,1);
INSERT INTO "m_member_love_panel" VALUES (41203,580,1);
INSERT INTO "m_member_love_panel" VALUES (42203,600,1);
INSERT INTO "m_member_love_panel" VALUES (43203,620,1);
INSERT INTO "m_member_love_panel" VALUES (44203,640,1);
INSERT INTO "m_member_love_panel" VALUES (45203,660,1);
INSERT INTO "m_member_love_panel" VALUES (46203,680,1);
INSERT INTO "m_member_love_panel" VALUES (47203,700,1);
INSERT INTO "m_member_love_panel" VALUES (48203,720,1);
INSERT INTO "m_member_love_panel" VALUES (49203,740,1);
INSERT INTO "m_member_love_panel" VALUES (50203,760,1);
INSERT INTO "m_member_love_panel_bonus" VALUES (33203,3,100);
INSERT INTO "m_member_love_panel_bonus" VALUES (34203,7,100);
INSERT INTO "m_member_love_panel_bonus" VALUES (35203,6,200);
INSERT INTO "m_member_love_panel_bonus" VALUES (36203,4,100);
INSERT INTO "m_member_love_panel_bonus" VALUES (37203,5,2000);
INSERT INTO "m_member_love_panel_bonus" VALUES (38203,12,500);
INSERT INTO "m_member_love_panel_bonus" VALUES (39203,7,100);
INSERT INTO "m_member_love_panel_bonus" VALUES (40203,13,6);
INSERT INTO "m_member_love_panel_bonus" VALUES (40203,14,4);
INSERT INTO "m_member_love_panel_bonus" VALUES (40203,15,2);
INSERT INTO "m_member_love_panel_bonus" VALUES (41203,1,100);
INSERT INTO "m_member_love_panel_bonus" VALUES (42203,2,100);
INSERT INTO "m_member_love_panel_bonus" VALUES (43203,3,100);
INSERT INTO "m_member_love_panel_bonus" VALUES (44203,7,100);
INSERT INTO "m_member_love_panel_bonus" VALUES (45203,6,200);
INSERT INTO "m_member_love_panel_bonus" VALUES (46203,4,100);
INSERT INTO "m_member_love_panel_bonus" VALUES (47203,5,2000);
INSERT INTO "m_member_love_panel_bonus" VALUES (48203,12,500);
INSERT INTO "m_member_love_panel_bonus" VALUES (49203,7,100);
INSERT INTO "m_member_love_panel_bonus" VALUES (50203,13,6);
INSERT INTO "m_member_love_panel_bonus" VALUES (50203,14,4);
INSERT INTO "m_member_love_panel_bonus" VALUES (50203,15,2);
--
INSERT INTO "m_member_love_panel_cell" VALUES (321203, 0, 33203, 1, 10);
INSERT INTO "m_member_love_panel_cell" VALUES (322203, 1, 33203, 3, 10);
INSERT INTO "m_member_love_panel_cell" VALUES (323203, 2, 33203, 2, 10);
INSERT INTO "m_member_love_panel_cell" VALUES (324203, 3, 33203, 7, 20);
INSERT INTO "m_member_love_panel_cell" VALUES (325203, 4, 33203, 12, 250);
INSERT INTO "m_member_love_panel_cell" VALUES (331203, 0, 34203, 1, 10);
INSERT INTO "m_member_love_panel_cell" VALUES (332203, 1, 34203, 3, 10);
INSERT INTO "m_member_love_panel_cell" VALUES (333203, 2, 34203, 2, 10);
INSERT INTO "m_member_love_panel_cell" VALUES (334203, 3, 34203, 10, 50);
INSERT INTO "m_member_love_panel_cell" VALUES (335203, 4, 34203, 14, 4);
INSERT INTO "m_member_love_panel_cell" VALUES (341203, 0, 35203, 1, 10);
INSERT INTO "m_member_love_panel_cell" VALUES (342203, 1, 35203, 3, 10);
INSERT INTO "m_member_love_panel_cell" VALUES (343203, 2, 35203, 2, 10);
INSERT INTO "m_member_love_panel_cell" VALUES (344203, 3, 35203, 5, 500);
INSERT INTO "m_member_love_panel_cell" VALUES (345203, 4, 35203, 7, 20);
INSERT INTO "m_member_love_panel_cell" VALUES (351203, 0, 36203, 1, 10);
INSERT INTO "m_member_love_panel_cell" VALUES (352203, 1, 36203, 3, 10);
INSERT INTO "m_member_love_panel_cell" VALUES (353203, 2, 36203, 2, 10);
INSERT INTO "m_member_love_panel_cell" VALUES (354203, 3, 36203, 6, 50);
INSERT INTO "m_member_love_panel_cell" VALUES (355203, 4, 36203, 11, 50);
INSERT INTO "m_member_love_panel_cell" VALUES (361203, 0, 37203, 1, 10);
INSERT INTO "m_member_love_panel_cell" VALUES (362203, 1, 37203, 3, 10);
INSERT INTO "m_member_love_panel_cell" VALUES (363203, 2, 37203, 2, 10);
INSERT INTO "m_member_love_panel_cell" VALUES (364203, 3, 37203, 4, 50);
INSERT INTO "m_member_love_panel_cell" VALUES (365203, 4, 37203, 15, 2);
INSERT INTO "m_member_love_panel_cell" VALUES (371203, 0, 38203, 1, 10);
INSERT INTO "m_member_love_panel_cell" VALUES (372203, 1, 38203, 3, 10);
INSERT INTO "m_member_love_panel_cell" VALUES (373203, 2, 33203, 2, 10);
INSERT INTO "m_member_love_panel_cell" VALUES (374203, 3, 38203, 6, 50);
INSERT INTO "m_member_love_panel_cell" VALUES (375203, 4, 38203, 9, 50);
INSERT INTO "m_member_love_panel_cell" VALUES (381203, 0, 39203, 1, 10);
INSERT INTO "m_member_love_panel_cell" VALUES (382203, 1, 39203, 3, 10);
INSERT INTO "m_member_love_panel_cell" VALUES (383203, 2, 39203, 2, 10);
INSERT INTO "m_member_love_panel_cell" VALUES (384203, 3, 39203, 8, 50);
INSERT INTO "m_member_love_panel_cell" VALUES (385203, 4, 39203, 4, 50);
INSERT INTO "m_member_love_panel_cell" VALUES (391203, 0, 40203, 1, 10);
INSERT INTO "m_member_love_panel_cell" VALUES (392203, 1, 40203, 3, 10);
INSERT INTO "m_member_love_panel_cell" VALUES (393203, 2, 40203, 2, 10);
INSERT INTO "m_member_love_panel_cell" VALUES (394203, 3, 40203, 7, 20);
INSERT INTO "m_member_love_panel_cell" VALUES (395203, 4, 40203, 5, 500);
--
INSERT INTO "m_member_love_panel_cell" VALUES (401203, 0, 41203, 1, 10);
INSERT INTO "m_member_love_panel_cell" VALUES (402203, 1, 41203, 3, 10);
INSERT INTO "m_member_love_panel_cell" VALUES (403203, 2, 41203, 2, 10);
INSERT INTO "m_member_love_panel_cell" VALUES (404203, 3, 41203, 4, 50);
INSERT INTO "m_member_love_panel_cell" VALUES (405203, 4, 41203, 6, 50);
INSERT INTO "m_member_love_panel_cell" VALUES (411203, 0, 42203, 1, 10);
INSERT INTO "m_member_love_panel_cell" VALUES (412203, 1, 42203, 3, 10);
INSERT INTO "m_member_love_panel_cell" VALUES (413203, 2, 42203, 2, 10);
INSERT INTO "m_member_love_panel_cell" VALUES (414203, 3, 42203, 5, 500);
INSERT INTO "m_member_love_panel_cell" VALUES (415203, 4, 42203, 13, 6);
INSERT INTO "m_member_love_panel_cell" VALUES (421203, 0, 43203, 1, 10);
INSERT INTO "m_member_love_panel_cell" VALUES (422203, 1, 43203, 3, 10);
INSERT INTO "m_member_love_panel_cell" VALUES (423203, 2, 43203, 2, 10);
INSERT INTO "m_member_love_panel_cell" VALUES (424203, 3, 43203, 7, 20);
INSERT INTO "m_member_love_panel_cell" VALUES (425203, 4, 43203, 12, 250);
INSERT INTO "m_member_love_panel_cell" VALUES (431203, 0, 44203, 1, 10);
INSERT INTO "m_member_love_panel_cell" VALUES (432203, 1, 44203, 3, 10);
INSERT INTO "m_member_love_panel_cell" VALUES (433203, 2, 44203, 2, 10);
INSERT INTO "m_member_love_panel_cell" VALUES (434203, 3, 44203, 10, 50);
INSERT INTO "m_member_love_panel_cell" VALUES (435203, 4, 44203, 14, 4);
INSERT INTO "m_member_love_panel_cell" VALUES (441203, 0, 45203, 1, 10);
INSERT INTO "m_member_love_panel_cell" VALUES (442203, 1, 45203, 3, 10);
INSERT INTO "m_member_love_panel_cell" VALUES (443203, 2, 45203, 2, 10);
INSERT INTO "m_member_love_panel_cell" VALUES (444203, 3, 45203, 5, 500);
INSERT INTO "m_member_love_panel_cell" VALUES (445203, 4, 45203, 7, 20);
INSERT INTO "m_member_love_panel_cell" VALUES (451203, 0, 46203, 1, 10);
INSERT INTO "m_member_love_panel_cell" VALUES (452203, 1, 46203, 3, 10);
INSERT INTO "m_member_love_panel_cell" VALUES (453203, 2, 46203, 2, 10);
INSERT INTO "m_member_love_panel_cell" VALUES (454203, 3, 46203, 6, 50);
INSERT INTO "m_member_love_panel_cell" VALUES (455203, 4, 46203, 11, 50);
INSERT INTO "m_member_love_panel_cell" VALUES (461203, 0, 47203, 1, 10);
INSERT INTO "m_member_love_panel_cell" VALUES (462203, 1, 47203, 3, 10);
INSERT INTO "m_member_love_panel_cell" VALUES (463203, 2, 47203, 2, 10);
INSERT INTO "m_member_love_panel_cell" VALUES (464203, 3, 47203, 4, 50);
INSERT INTO "m_member_love_panel_cell" VALUES (465203, 4, 47203, 15, 2);
INSERT INTO "m_member_love_panel_cell" VALUES (471203, 0, 48203, 1, 10);
INSERT INTO "m_member_love_panel_cell" VALUES (472203, 1, 48203, 3, 10);
INSERT INTO "m_member_love_panel_cell" VALUES (473203, 2, 43203, 2, 10);
INSERT INTO "m_member_love_panel_cell" VALUES (474203, 3, 48203, 6, 50);
INSERT INTO "m_member_love_panel_cell" VALUES (475203, 4, 48203, 9, 50);
INSERT INTO "m_member_love_panel_cell" VALUES (481203, 0, 49203, 1, 10);
INSERT INTO "m_member_love_panel_cell" VALUES (482203, 1, 49203, 3, 10);
INSERT INTO "m_member_love_panel_cell" VALUES (483203, 2, 49203, 2, 10);
INSERT INTO "m_member_love_panel_cell" VALUES (484203, 3, 49203, 8, 50);
INSERT INTO "m_member_love_panel_cell" VALUES (485203, 4, 49203, 4, 50);
INSERT INTO "m_member_love_panel_cell" VALUES (491203, 0, 50203, 1, 10);
INSERT INTO "m_member_love_panel_cell" VALUES (492203, 1, 50203, 3, 10);
INSERT INTO "m_member_love_panel_cell" VALUES (493203, 2, 50203, 2, 10);
INSERT INTO "m_member_love_panel_cell" VALUES (494203, 3, 50203, 7, 20);
INSERT INTO "m_member_love_panel_cell" VALUES (495203, 4, 50203, 5, 500);
-- placeholder source content or we don't need this, for what tho?
INSERT INTO "m_member_love_panel_cell_source_content" VALUES (321203, 1002701, 10, 0, 69);
INSERT INTO "m_member_love_panel_cell_source_content" VALUES (322203, 1002702, 10, 0, 69);
INSERT INTO "m_member_love_panel_cell_source_content" VALUES (323203, 1002703, 10, 0, 69);
INSERT INTO "m_member_love_panel_cell_source_content" VALUES (324203, 1002704, 10, 0, 69);
INSERT INTO "m_member_love_panel_cell_source_content" VALUES (325203, 1002705, 10, 0, 69);
INSERT INTO "m_member_love_panel_cell_source_content" VALUES (331203, 1002701, 10, 0, 69);
INSERT INTO "m_member_love_panel_cell_source_content" VALUES (332203, 1002702, 10, 0, 69);
INSERT INTO "m_member_love_panel_cell_source_content" VALUES (333203, 1002703, 10, 0, 69);
INSERT INTO "m_member_love_panel_cell_source_content" VALUES (334203, 1002704, 10, 0, 69);
INSERT INTO "m_member_love_panel_cell_source_content" VALUES (335203, 1002705, 10, 0, 69);
INSERT INTO "m_member_love_panel_cell_source_content" VALUES (341203, 1002701, 10, 0, 69);
INSERT INTO "m_member_love_panel_cell_source_content" VALUES (342203, 1002702, 10, 0, 69);
INSERT INTO "m_member_love_panel_cell_source_content" VALUES (343203, 1002703, 10, 0, 69);
INSERT INTO "m_member_love_panel_cell_source_content" VALUES (344203, 1002704, 10, 0, 69);
INSERT INTO "m_member_love_panel_cell_source_content" VALUES (345203, 1002705, 10, 0, 69);
INSERT INTO "m_member_love_panel_cell_source_content" VALUES (351203, 1002701, 10, 0, 69);
INSERT INTO "m_member_love_panel_cell_source_content" VALUES (352203, 1002702, 10, 0, 69);
INSERT INTO "m_member_love_panel_cell_source_content" VALUES (353203, 1002703, 10, 0, 69);
INSERT INTO "m_member_love_panel_cell_source_content" VALUES (354203, 1002704, 10, 0, 69);
INSERT INTO "m_member_love_panel_cell_source_content" VALUES (355203, 1002705, 10, 0, 69);
INSERT INTO "m_member_love_panel_cell_source_content" VALUES (361203, 1002701, 10, 0, 69);
INSERT INTO "m_member_love_panel_cell_source_content" VALUES (362203, 1002702, 10, 0, 69);
INSERT INTO "m_member_love_panel_cell_source_content" VALUES (363203, 1002703, 10, 0, 69);
INSERT INTO "m_member_love_panel_cell_source_content" VALUES (364203, 1002704, 10, 0, 69);
INSERT INTO "m_member_love_panel_cell_source_content" VALUES (365203, 1002705, 10, 0, 69);
INSERT INTO "m_member_love_panel_cell_source_content" VALUES (371203, 1002701, 10, 0, 69);
INSERT INTO "m_member_love_panel_cell_source_content" VALUES (372203, 1002702, 10, 0, 69);
INSERT INTO "m_member_love_panel_cell_source_content" VALUES (373203, 1002703, 10, 0, 69);
INSERT INTO "m_member_love_panel_cell_source_content" VALUES (374203, 1002704, 10, 0, 69);
INSERT INTO "m_member_love_panel_cell_source_content" VALUES (375203, 1002705, 10, 0, 69);
INSERT INTO "m_member_love_panel_cell_source_content" VALUES (381203, 1002701, 10, 0, 69);
INSERT INTO "m_member_love_panel_cell_source_content" VALUES (382203, 1002702, 10, 0, 69);
INSERT INTO "m_member_love_panel_cell_source_content" VALUES (383203, 1002703, 10, 0, 69);
INSERT INTO "m_member_love_panel_cell_source_content" VALUES (384203, 1002704, 10, 0, 69);
INSERT INTO "m_member_love_panel_cell_source_content" VALUES (385203, 1002705, 10, 0, 69);
INSERT INTO "m_member_love_panel_cell_source_content" VALUES (391203, 1002701, 10, 0, 69);
INSERT INTO "m_member_love_panel_cell_source_content" VALUES (392203, 1002702, 10, 0, 69);
INSERT INTO "m_member_love_panel_cell_source_content" VALUES (393203, 1002703, 10, 0, 69);
INSERT INTO "m_member_love_panel_cell_source_content" VALUES (394203, 1002704, 10, 0, 69);
INSERT INTO "m_member_love_panel_cell_source_content" VALUES (395203, 1002705, 10, 0, 69);
INSERT INTO "m_member_love_panel_cell_source_content" VALUES (401203, 1002701, 10, 0, 69);
INSERT INTO "m_member_love_panel_cell_source_content" VALUES (402203, 1002702, 10, 0, 69);
INSERT INTO "m_member_love_panel_cell_source_content" VALUES (403203, 1002703, 10, 0, 69);
INSERT INTO "m_member_love_panel_cell_source_content" VALUES (404203, 1002704, 10, 0, 69);
INSERT INTO "m_member_love_panel_cell_source_content" VALUES (405203, 1002705, 10, 0, 69);
INSERT INTO "m_member_love_panel_cell_source_content" VALUES (411203, 1002701, 10, 0, 69);
INSERT INTO "m_member_love_panel_cell_source_content" VALUES (412203, 1002702, 10, 0, 69);
INSERT INTO "m_member_love_panel_cell_source_content" VALUES (413203, 1002703, 10, 0, 69);
INSERT INTO "m_member_love_panel_cell_source_content" VALUES (414203, 1002704, 10, 0, 69);
INSERT INTO "m_member_love_panel_cell_source_content" VALUES (415203, 1002705, 10, 0, 69);
INSERT INTO "m_member_love_panel_cell_source_content" VALUES (421203, 1002701, 10, 0, 69);
INSERT INTO "m_member_love_panel_cell_source_content" VALUES (422203, 1002702, 10, 0, 69);
INSERT INTO "m_member_love_panel_cell_source_content" VALUES (423203, 1002703, 10, 0, 69);
INSERT INTO "m_member_love_panel_cell_source_content" VALUES (424203, 1002704, 10, 0, 69);
INSERT INTO "m_member_love_panel_cell_source_content" VALUES (425203, 1002705, 10, 0, 69);
INSERT INTO "m_member_love_panel_cell_source_content" VALUES (431203, 1002701, 10, 0, 69);
INSERT INTO "m_member_love_panel_cell_source_content" VALUES (432203, 1002702, 10, 0, 69);
INSERT INTO "m_member_love_panel_cell_source_content" VALUES (433203, 1002703, 10, 0, 69);
INSERT INTO "m_member_love_panel_cell_source_content" VALUES (434203, 1002704, 10, 0, 69);
INSERT INTO "m_member_love_panel_cell_source_content" VALUES (435203, 1002705, 10, 0, 69);
INSERT INTO "m_member_love_panel_cell_source_content" VALUES (441203, 1002701, 10, 0, 69);
INSERT INTO "m_member_love_panel_cell_source_content" VALUES (442203, 1002702, 10, 0, 69);
INSERT INTO "m_member_love_panel_cell_source_content" VALUES (443203, 1002703, 10, 0, 69);
INSERT INTO "m_member_love_panel_cell_source_content" VALUES (444203, 1002704, 10, 0, 69);
INSERT INTO "m_member_love_panel_cell_source_content" VALUES (445203, 1002705, 10, 0, 69);
INSERT INTO "m_member_love_panel_cell_source_content" VALUES (451203, 1002701, 10, 0, 69);
INSERT INTO "m_member_love_panel_cell_source_content" VALUES (452203, 1002702, 10, 0, 69);
INSERT INTO "m_member_love_panel_cell_source_content" VALUES (453203, 1002703, 10, 0, 69);
INSERT INTO "m_member_love_panel_cell_source_content" VALUES (454203, 1002704, 10, 0, 69);
INSERT INTO "m_member_love_panel_cell_source_content" VALUES (455203, 1002705, 10, 0, 69);
INSERT INTO "m_member_love_panel_cell_source_content" VALUES (461203, 1002701, 10, 0, 69);
INSERT INTO "m_member_love_panel_cell_source_content" VALUES (462203, 1002702, 10, 0, 69);
INSERT INTO "m_member_love_panel_cell_source_content" VALUES (463203, 1002703, 10, 0, 69);
INSERT INTO "m_member_love_panel_cell_source_content" VALUES (464203, 1002704, 10, 0, 69);
INSERT INTO "m_member_love_panel_cell_source_content" VALUES (465203, 1002705, 10, 0, 69);
INSERT INTO "m_member_love_panel_cell_source_content" VALUES (471203, 1002701, 10, 0, 69);
INSERT INTO "m_member_love_panel_cell_source_content" VALUES (472203, 1002702, 10, 0, 69);
INSERT INTO "m_member_love_panel_cell_source_content" VALUES (473203, 1002703, 10, 0, 69);
INSERT INTO "m_member_love_panel_cell_source_content" VALUES (474203, 1002704, 10, 0, 69);
INSERT INTO "m_member_love_panel_cell_source_content" VALUES (475203, 1002705, 10, 0, 69);
INSERT INTO "m_member_love_panel_cell_source_content" VALUES (481203, 1002701, 10, 0, 69);
INSERT INTO "m_member_love_panel_cell_source_content" VALUES (482203, 1002702, 10, 0, 69);
INSERT INTO "m_member_love_panel_cell_source_content" VALUES (483203, 1002703, 10, 0, 69);
INSERT INTO "m_member_love_panel_cell_source_content" VALUES (484203, 1002704, 10, 0, 69);
INSERT INTO "m_member_love_panel_cell_source_content" VALUES (485203, 1002705, 10, 0, 69);
INSERT INTO "m_member_love_panel_cell_source_content" VALUES (491203, 1002701, 10, 0, 69);
INSERT INTO "m_member_love_panel_cell_source_content" VALUES (492203, 1002702, 10, 0, 69);
INSERT INTO "m_member_love_panel_cell_source_content" VALUES (493203, 1002703, 10, 0, 69);
INSERT INTO "m_member_love_panel_cell_source_content" VALUES (494203, 1002704, 10, 0, 69);
INSERT INTO "m_member_love_panel_cell_source_content" VALUES (495203, 1002705, 10, 0, 69);
-- add missing reward love panel
-- GPT need: loop create copy, find "001" and replace all [002 - 009, 101 - 109, 201 - 212]
INSERT INTO "m_member_love_panel" VALUES (33204,420,1);
INSERT INTO "m_member_love_panel" VALUES (34204,440,1);
INSERT INTO "m_member_love_panel" VALUES (35204,460,1);
INSERT INTO "m_member_love_panel" VALUES (36204,480,1);
INSERT INTO "m_member_love_panel" VALUES (37204,500,1);
INSERT INTO "m_member_love_panel" VALUES (38204,520,1);
INSERT INTO "m_member_love_panel" VALUES (39204,540,1);
INSERT INTO "m_member_love_panel" VALUES (40204,560,1);
INSERT INTO "m_member_love_panel" VALUES (41204,580,1);
INSERT INTO "m_member_love_panel" VALUES (42204,600,1);
INSERT INTO "m_member_love_panel" VALUES (43204,620,1);
INSERT INTO "m_member_love_panel" VALUES (44204,640,1);
INSERT INTO "m_member_love_panel" VALUES (45204,660,1);
INSERT INTO "m_member_love_panel" VALUES (46204,680,1);
INSERT INTO "m_member_love_panel" VALUES (47204,700,1);
INSERT INTO "m_member_love_panel" VALUES (48204,720,1);
INSERT INTO "m_member_love_panel" VALUES (49204,740,1);
INSERT INTO "m_member_love_panel" VALUES (50204,760,1);
INSERT INTO "m_member_love_panel_bonus" VALUES (33204,3,100);
INSERT INTO "m_member_love_panel_bonus" VALUES (34204,7,100);
INSERT INTO "m_member_love_panel_bonus" VALUES (35204,6,200);
INSERT INTO "m_member_love_panel_bonus" VALUES (36204,4,100);
INSERT INTO "m_member_love_panel_bonus" VALUES (37204,5,2000);
INSERT INTO "m_member_love_panel_bonus" VALUES (38204,12,500);
INSERT INTO "m_member_love_panel_bonus" VALUES (39204,7,100);
INSERT INTO "m_member_love_panel_bonus" VALUES (40204,13,6);
INSERT INTO "m_member_love_panel_bonus" VALUES (40204,14,4);
INSERT INTO "m_member_love_panel_bonus" VALUES (40204,15,2);
INSERT INTO "m_member_love_panel_bonus" VALUES (41204,1,100);
INSERT INTO "m_member_love_panel_bonus" VALUES (42204,2,100);
INSERT INTO "m_member_love_panel_bonus" VALUES (43204,3,100);
INSERT INTO "m_member_love_panel_bonus" VALUES (44204,7,100);
INSERT INTO "m_member_love_panel_bonus" VALUES (45204,6,200);
INSERT INTO "m_member_love_panel_bonus" VALUES (46204,4,100);
INSERT INTO "m_member_love_panel_bonus" VALUES (47204,5,2000);
INSERT INTO "m_member_love_panel_bonus" VALUES (48204,12,500);
INSERT INTO "m_member_love_panel_bonus" VALUES (49204,7,100);
INSERT INTO "m_member_love_panel_bonus" VALUES (50204,13,6);
INSERT INTO "m_member_love_panel_bonus" VALUES (50204,14,4);
INSERT INTO "m_member_love_panel_bonus" VALUES (50204,15,2);
--
INSERT INTO "m_member_love_panel_cell" VALUES (321204, 0, 33204, 1, 10);
INSERT INTO "m_member_love_panel_cell" VALUES (322204, 1, 33204, 3, 10);
INSERT INTO "m_member_love_panel_cell" VALUES (323204, 2, 33204, 2, 10);
INSERT INTO "m_member_love_panel_cell" VALUES (324204, 3, 33204, 7, 20);
INSERT INTO "m_member_love_panel_cell" VALUES (325204, 4, 33204, 12, 250);
INSERT INTO "m_member_love_panel_cell" VALUES (331204, 0, 34204, 1, 10);
INSERT INTO "m_member_love_panel_cell" VALUES (332204, 1, 34204, 3, 10);
INSERT INTO "m_member_love_panel_cell" VALUES (333204, 2, 34204, 2, 10);
INSERT INTO "m_member_love_panel_cell" VALUES (334204, 3, 34204, 10, 50);
INSERT INTO "m_member_love_panel_cell" VALUES (335204, 4, 34204, 14, 4);
INSERT INTO "m_member_love_panel_cell" VALUES (341204, 0, 35204, 1, 10);
INSERT INTO "m_member_love_panel_cell" VALUES (342204, 1, 35204, 3, 10);
INSERT INTO "m_member_love_panel_cell" VALUES (343204, 2, 35204, 2, 10);
INSERT INTO "m_member_love_panel_cell" VALUES (344204, 3, 35204, 5, 500);
INSERT INTO "m_member_love_panel_cell" VALUES (345204, 4, 35204, 7, 20);
INSERT INTO "m_member_love_panel_cell" VALUES (351204, 0, 36204, 1, 10);
INSERT INTO "m_member_love_panel_cell" VALUES (352204, 1, 36204, 3, 10);
INSERT INTO "m_member_love_panel_cell" VALUES (353204, 2, 36204, 2, 10);
INSERT INTO "m_member_love_panel_cell" VALUES (354204, 3, 36204, 6, 50);
INSERT INTO "m_member_love_panel_cell" VALUES (355204, 4, 36204, 11, 50);
INSERT INTO "m_member_love_panel_cell" VALUES (361204, 0, 37204, 1, 10);
INSERT INTO "m_member_love_panel_cell" VALUES (362204, 1, 37204, 3, 10);
INSERT INTO "m_member_love_panel_cell" VALUES (363204, 2, 37204, 2, 10);
INSERT INTO "m_member_love_panel_cell" VALUES (364204, 3, 37204, 4, 50);
INSERT INTO "m_member_love_panel_cell" VALUES (365204, 4, 37204, 15, 2);
INSERT INTO "m_member_love_panel_cell" VALUES (371204, 0, 38204, 1, 10);
INSERT INTO "m_member_love_panel_cell" VALUES (372204, 1, 38204, 3, 10);
INSERT INTO "m_member_love_panel_cell" VALUES (373204, 2, 33204, 2, 10);
INSERT INTO "m_member_love_panel_cell" VALUES (374204, 3, 38204, 6, 50);
INSERT INTO "m_member_love_panel_cell" VALUES (375204, 4, 38204, 9, 50);
INSERT INTO "m_member_love_panel_cell" VALUES (381204, 0, 39204, 1, 10);
INSERT INTO "m_member_love_panel_cell" VALUES (382204, 1, 39204, 3, 10);
INSERT INTO "m_member_love_panel_cell" VALUES (383204, 2, 39204, 2, 10);
INSERT INTO "m_member_love_panel_cell" VALUES (384204, 3, 39204, 8, 50);
INSERT INTO "m_member_love_panel_cell" VALUES (385204, 4, 39204, 4, 50);
INSERT INTO "m_member_love_panel_cell" VALUES (391204, 0, 40204, 1, 10);
INSERT INTO "m_member_love_panel_cell" VALUES (392204, 1, 40204, 3, 10);
INSERT INTO "m_member_love_panel_cell" VALUES (393204, 2, 40204, 2, 10);
INSERT INTO "m_member_love_panel_cell" VALUES (394204, 3, 40204, 7, 20);
INSERT INTO "m_member_love_panel_cell" VALUES (395204, 4, 40204, 5, 500);
--
INSERT INTO "m_member_love_panel_cell" VALUES (401204, 0, 41204, 1, 10);
INSERT INTO "m_member_love_panel_cell" VALUES (402204, 1, 41204, 3, 10);
INSERT INTO "m_member_love_panel_cell" VALUES (403204, 2, 41204, 2, 10);
INSERT INTO "m_member_love_panel_cell" VALUES (404204, 3, 41204, 4, 50);
INSERT INTO "m_member_love_panel_cell" VALUES (405204, 4, 41204, 6, 50);
INSERT INTO "m_member_love_panel_cell" VALUES (411204, 0, 42204, 1, 10);
INSERT INTO "m_member_love_panel_cell" VALUES (412204, 1, 42204, 3, 10);
INSERT INTO "m_member_love_panel_cell" VALUES (413204, 2, 42204, 2, 10);
INSERT INTO "m_member_love_panel_cell" VALUES (414204, 3, 42204, 5, 500);
INSERT INTO "m_member_love_panel_cell" VALUES (415204, 4, 42204, 13, 6);
INSERT INTO "m_member_love_panel_cell" VALUES (421204, 0, 43204, 1, 10);
INSERT INTO "m_member_love_panel_cell" VALUES (422204, 1, 43204, 3, 10);
INSERT INTO "m_member_love_panel_cell" VALUES (423204, 2, 43204, 2, 10);
INSERT INTO "m_member_love_panel_cell" VALUES (424204, 3, 43204, 7, 20);
INSERT INTO "m_member_love_panel_cell" VALUES (425204, 4, 43204, 12, 250);
INSERT INTO "m_member_love_panel_cell" VALUES (431204, 0, 44204, 1, 10);
INSERT INTO "m_member_love_panel_cell" VALUES (432204, 1, 44204, 3, 10);
INSERT INTO "m_member_love_panel_cell" VALUES (433204, 2, 44204, 2, 10);
INSERT INTO "m_member_love_panel_cell" VALUES (434204, 3, 44204, 10, 50);
INSERT INTO "m_member_love_panel_cell" VALUES (435204, 4, 44204, 14, 4);
INSERT INTO "m_member_love_panel_cell" VALUES (441204, 0, 45204, 1, 10);
INSERT INTO "m_member_love_panel_cell" VALUES (442204, 1, 45204, 3, 10);
INSERT INTO "m_member_love_panel_cell" VALUES (443204, 2, 45204, 2, 10);
INSERT INTO "m_member_love_panel_cell" VALUES (444204, 3, 45204, 5, 500);
INSERT INTO "m_member_love_panel_cell" VALUES (445204, 4, 45204, 7, 20);
INSERT INTO "m_member_love_panel_cell" VALUES (451204, 0, 46204, 1, 10);
INSERT INTO "m_member_love_panel_cell" VALUES (452204, 1, 46204, 3, 10);
INSERT INTO "m_member_love_panel_cell" VALUES (453204, 2, 46204, 2, 10);
INSERT INTO "m_member_love_panel_cell" VALUES (454204, 3, 46204, 6, 50);
INSERT INTO "m_member_love_panel_cell" VALUES (455204, 4, 46204, 11, 50);
INSERT INTO "m_member_love_panel_cell" VALUES (461204, 0, 47204, 1, 10);
INSERT INTO "m_member_love_panel_cell" VALUES (462204, 1, 47204, 3, 10);
INSERT INTO "m_member_love_panel_cell" VALUES (463204, 2, 47204, 2, 10);
INSERT INTO "m_member_love_panel_cell" VALUES (464204, 3, 47204, 4, 50);
INSERT INTO "m_member_love_panel_cell" VALUES (465204, 4, 47204, 15, 2);
INSERT INTO "m_member_love_panel_cell" VALUES (471204, 0, 48204, 1, 10);
INSERT INTO "m_member_love_panel_cell" VALUES (472204, 1, 48204, 3, 10);
INSERT INTO "m_member_love_panel_cell" VALUES (473204, 2, 43204, 2, 10);
INSERT INTO "m_member_love_panel_cell" VALUES (474204, 3, 48204, 6, 50);
INSERT INTO "m_member_love_panel_cell" VALUES (475204, 4, 48204, 9, 50);
INSERT INTO "m_member_love_panel_cell" VALUES (481204, 0, 49204, 1, 10);
INSERT INTO "m_member_love_panel_cell" VALUES (482204, 1, 49204, 3, 10);
INSERT INTO "m_member_love_panel_cell" VALUES (483204, 2, 49204, 2, 10);
INSERT INTO "m_member_love_panel_cell" VALUES (484204, 3, 49204, 8, 50);
INSERT INTO "m_member_love_panel_cell" VALUES (485204, 4, 49204, 4, 50);
INSERT INTO "m_member_love_panel_cell" VALUES (491204, 0, 50204, 1, 10);
INSERT INTO "m_member_love_panel_cell" VALUES (492204, 1, 50204, 3, 10);
INSERT INTO "m_member_love_panel_cell" VALUES (493204, 2, 50204, 2, 10);
INSERT INTO "m_member_love_panel_cell" VALUES (494204, 3, 50204, 7, 20);
INSERT INTO "m_member_love_panel_cell" VALUES (495204, 4, 50204, 5, 500);
-- placeholder source content or we don't need this, for what tho?
INSERT INTO "m_member_love_panel_cell_source_content" VALUES (321204, 1002701, 10, 0, 69);
INSERT INTO "m_member_love_panel_cell_source_content" VALUES (322204, 1002702, 10, 0, 69);
INSERT INTO "m_member_love_panel_cell_source_content" VALUES (323204, 1002703, 10, 0, 69);
INSERT INTO "m_member_love_panel_cell_source_content" VALUES (324204, 1002704, 10, 0, 69);
INSERT INTO "m_member_love_panel_cell_source_content" VALUES (325204, 1002705, 10, 0, 69);
INSERT INTO "m_member_love_panel_cell_source_content" VALUES (331204, 1002701, 10, 0, 69);
INSERT INTO "m_member_love_panel_cell_source_content" VALUES (332204, 1002702, 10, 0, 69);
INSERT INTO "m_member_love_panel_cell_source_content" VALUES (333204, 1002703, 10, 0, 69);
INSERT INTO "m_member_love_panel_cell_source_content" VALUES (334204, 1002704, 10, 0, 69);
INSERT INTO "m_member_love_panel_cell_source_content" VALUES (335204, 1002705, 10, 0, 69);
INSERT INTO "m_member_love_panel_cell_source_content" VALUES (341204, 1002701, 10, 0, 69);
INSERT INTO "m_member_love_panel_cell_source_content" VALUES (342204, 1002702, 10, 0, 69);
INSERT INTO "m_member_love_panel_cell_source_content" VALUES (343204, 1002703, 10, 0, 69);
INSERT INTO "m_member_love_panel_cell_source_content" VALUES (344204, 1002704, 10, 0, 69);
INSERT INTO "m_member_love_panel_cell_source_content" VALUES (345204, 1002705, 10, 0, 69);
INSERT INTO "m_member_love_panel_cell_source_content" VALUES (351204, 1002701, 10, 0, 69);
INSERT INTO "m_member_love_panel_cell_source_content" VALUES (352204, 1002702, 10, 0, 69);
INSERT INTO "m_member_love_panel_cell_source_content" VALUES (353204, 1002703, 10, 0, 69);
INSERT INTO "m_member_love_panel_cell_source_content" VALUES (354204, 1002704, 10, 0, 69);
INSERT INTO "m_member_love_panel_cell_source_content" VALUES (355204, 1002705, 10, 0, 69);
INSERT INTO "m_member_love_panel_cell_source_content" VALUES (361204, 1002701, 10, 0, 69);
INSERT INTO "m_member_love_panel_cell_source_content" VALUES (362204, 1002702, 10, 0, 69);
INSERT INTO "m_member_love_panel_cell_source_content" VALUES (363204, 1002703, 10, 0, 69);
INSERT INTO "m_member_love_panel_cell_source_content" VALUES (364204, 1002704, 10, 0, 69);
INSERT INTO "m_member_love_panel_cell_source_content" VALUES (365204, 1002705, 10, 0, 69);
INSERT INTO "m_member_love_panel_cell_source_content" VALUES (371204, 1002701, 10, 0, 69);
INSERT INTO "m_member_love_panel_cell_source_content" VALUES (372204, 1002702, 10, 0, 69);
INSERT INTO "m_member_love_panel_cell_source_content" VALUES (373204, 1002703, 10, 0, 69);
INSERT INTO "m_member_love_panel_cell_source_content" VALUES (374204, 1002704, 10, 0, 69);
INSERT INTO "m_member_love_panel_cell_source_content" VALUES (375204, 1002705, 10, 0, 69);
INSERT INTO "m_member_love_panel_cell_source_content" VALUES (381204, 1002701, 10, 0, 69);
INSERT INTO "m_member_love_panel_cell_source_content" VALUES (382204, 1002702, 10, 0, 69);
INSERT INTO "m_member_love_panel_cell_source_content" VALUES (383204, 1002703, 10, 0, 69);
INSERT INTO "m_member_love_panel_cell_source_content" VALUES (384204, 1002704, 10, 0, 69);
INSERT INTO "m_member_love_panel_cell_source_content" VALUES (385204, 1002705, 10, 0, 69);
INSERT INTO "m_member_love_panel_cell_source_content" VALUES (391204, 1002701, 10, 0, 69);
INSERT INTO "m_member_love_panel_cell_source_content" VALUES (392204, 1002702, 10, 0, 69);
INSERT INTO "m_member_love_panel_cell_source_content" VALUES (393204, 1002703, 10, 0, 69);
INSERT INTO "m_member_love_panel_cell_source_content" VALUES (394204, 1002704, 10, 0, 69);
INSERT INTO "m_member_love_panel_cell_source_content" VALUES (395204, 1002705, 10, 0, 69);
INSERT INTO "m_member_love_panel_cell_source_content" VALUES (401204, 1002701, 10, 0, 69);
INSERT INTO "m_member_love_panel_cell_source_content" VALUES (402204, 1002702, 10, 0, 69);
INSERT INTO "m_member_love_panel_cell_source_content" VALUES (403204, 1002703, 10, 0, 69);
INSERT INTO "m_member_love_panel_cell_source_content" VALUES (404204, 1002704, 10, 0, 69);
INSERT INTO "m_member_love_panel_cell_source_content" VALUES (405204, 1002705, 10, 0, 69);
INSERT INTO "m_member_love_panel_cell_source_content" VALUES (411204, 1002701, 10, 0, 69);
INSERT INTO "m_member_love_panel_cell_source_content" VALUES (412204, 1002702, 10, 0, 69);
INSERT INTO "m_member_love_panel_cell_source_content" VALUES (413204, 1002703, 10, 0, 69);
INSERT INTO "m_member_love_panel_cell_source_content" VALUES (414204, 1002704, 10, 0, 69);
INSERT INTO "m_member_love_panel_cell_source_content" VALUES (415204, 1002705, 10, 0, 69);
INSERT INTO "m_member_love_panel_cell_source_content" VALUES (421204, 1002701, 10, 0, 69);
INSERT INTO "m_member_love_panel_cell_source_content" VALUES (422204, 1002702, 10, 0, 69);
INSERT INTO "m_member_love_panel_cell_source_content" VALUES (423204, 1002703, 10, 0, 69);
INSERT INTO "m_member_love_panel_cell_source_content" VALUES (424204, 1002704, 10, 0, 69);
INSERT INTO "m_member_love_panel_cell_source_content" VALUES (425204, 1002705, 10, 0, 69);
INSERT INTO "m_member_love_panel_cell_source_content" VALUES (431204, 1002701, 10, 0, 69);
INSERT INTO "m_member_love_panel_cell_source_content" VALUES (432204, 1002702, 10, 0, 69);
INSERT INTO "m_member_love_panel_cell_source_content" VALUES (433204, 1002703, 10, 0, 69);
INSERT INTO "m_member_love_panel_cell_source_content" VALUES (434204, 1002704, 10, 0, 69);
INSERT INTO "m_member_love_panel_cell_source_content" VALUES (435204, 1002705, 10, 0, 69);
INSERT INTO "m_member_love_panel_cell_source_content" VALUES (441204, 1002701, 10, 0, 69);
INSERT INTO "m_member_love_panel_cell_source_content" VALUES (442204, 1002702, 10, 0, 69);
INSERT INTO "m_member_love_panel_cell_source_content" VALUES (443204, 1002703, 10, 0, 69);
INSERT INTO "m_member_love_panel_cell_source_content" VALUES (444204, 1002704, 10, 0, 69);
INSERT INTO "m_member_love_panel_cell_source_content" VALUES (445204, 1002705, 10, 0, 69);
INSERT INTO "m_member_love_panel_cell_source_content" VALUES (451204, 1002701, 10, 0, 69);
INSERT INTO "m_member_love_panel_cell_source_content" VALUES (452204, 1002702, 10, 0, 69);
INSERT INTO "m_member_love_panel_cell_source_content" VALUES (453204, 1002703, 10, 0, 69);
INSERT INTO "m_member_love_panel_cell_source_content" VALUES (454204, 1002704, 10, 0, 69);
INSERT INTO "m_member_love_panel_cell_source_content" VALUES (455204, 1002705, 10, 0, 69);
INSERT INTO "m_member_love_panel_cell_source_content" VALUES (461204, 1002701, 10, 0, 69);
INSERT INTO "m_member_love_panel_cell_source_content" VALUES (462204, 1002702, 10, 0, 69);
INSERT INTO "m_member_love_panel_cell_source_content" VALUES (463204, 1002703, 10, 0, 69);
INSERT INTO "m_member_love_panel_cell_source_content" VALUES (464204, 1002704, 10, 0, 69);
INSERT INTO "m_member_love_panel_cell_source_content" VALUES (465204, 1002705, 10, 0, 69);
INSERT INTO "m_member_love_panel_cell_source_content" VALUES (471204, 1002701, 10, 0, 69);
INSERT INTO "m_member_love_panel_cell_source_content" VALUES (472204, 1002702, 10, 0, 69);
INSERT INTO "m_member_love_panel_cell_source_content" VALUES (473204, 1002703, 10, 0, 69);
INSERT INTO "m_member_love_panel_cell_source_content" VALUES (474204, 1002704, 10, 0, 69);
INSERT INTO "m_member_love_panel_cell_source_content" VALUES (475204, 1002705, 10, 0, 69);
INSERT INTO "m_member_love_panel_cell_source_content" VALUES (481204, 1002701, 10, 0, 69);
INSERT INTO "m_member_love_panel_cell_source_content" VALUES (482204, 1002702, 10, 0, 69);
INSERT INTO "m_member_love_panel_cell_source_content" VALUES (483204, 1002703, 10, 0, 69);
INSERT INTO "m_member_love_panel_cell_source_content" VALUES (484204, 1002704, 10, 0, 69);
INSERT INTO "m_member_love_panel_cell_source_content" VALUES (485204, 1002705, 10, 0, 69);
INSERT INTO "m_member_love_panel_cell_source_content" VALUES (491204, 1002701, 10, 0, 69);
INSERT INTO "m_member_love_panel_cell_source_content" VALUES (492204, 1002702, 10, 0, 69);
INSERT INTO "m_member_love_panel_cell_source_content" VALUES (493204, 1002703, 10, 0, 69);
INSERT INTO "m_member_love_panel_cell_source_content" VALUES (494204, 1002704, 10, 0, 69);
INSERT INTO "m_member_love_panel_cell_source_content" VALUES (495204, 1002705, 10, 0, 69);
-- add missing reward love panel
-- GPT need: loop create copy, find "001" and replace all [002 - 009, 101 - 109, 201 - 212]
INSERT INTO "m_member_love_panel" VALUES (33205,420,1);
INSERT INTO "m_member_love_panel" VALUES (34205,440,1);
INSERT INTO "m_member_love_panel" VALUES (35205,460,1);
INSERT INTO "m_member_love_panel" VALUES (36205,480,1);
INSERT INTO "m_member_love_panel" VALUES (37205,500,1);
INSERT INTO "m_member_love_panel" VALUES (38205,520,1);
INSERT INTO "m_member_love_panel" VALUES (39205,540,1);
INSERT INTO "m_member_love_panel" VALUES (40205,560,1);
INSERT INTO "m_member_love_panel" VALUES (41205,580,1);
INSERT INTO "m_member_love_panel" VALUES (42205,600,1);
INSERT INTO "m_member_love_panel" VALUES (43205,620,1);
INSERT INTO "m_member_love_panel" VALUES (44205,640,1);
INSERT INTO "m_member_love_panel" VALUES (45205,660,1);
INSERT INTO "m_member_love_panel" VALUES (46205,680,1);
INSERT INTO "m_member_love_panel" VALUES (47205,700,1);
INSERT INTO "m_member_love_panel" VALUES (48205,720,1);
INSERT INTO "m_member_love_panel" VALUES (49205,740,1);
INSERT INTO "m_member_love_panel" VALUES (50205,760,1);
INSERT INTO "m_member_love_panel_bonus" VALUES (33205,3,100);
INSERT INTO "m_member_love_panel_bonus" VALUES (34205,7,100);
INSERT INTO "m_member_love_panel_bonus" VALUES (35205,6,200);
INSERT INTO "m_member_love_panel_bonus" VALUES (36205,4,100);
INSERT INTO "m_member_love_panel_bonus" VALUES (37205,5,2000);
INSERT INTO "m_member_love_panel_bonus" VALUES (38205,12,500);
INSERT INTO "m_member_love_panel_bonus" VALUES (39205,7,100);
INSERT INTO "m_member_love_panel_bonus" VALUES (40205,13,6);
INSERT INTO "m_member_love_panel_bonus" VALUES (40205,14,4);
INSERT INTO "m_member_love_panel_bonus" VALUES (40205,15,2);
INSERT INTO "m_member_love_panel_bonus" VALUES (41205,1,100);
INSERT INTO "m_member_love_panel_bonus" VALUES (42205,2,100);
INSERT INTO "m_member_love_panel_bonus" VALUES (43205,3,100);
INSERT INTO "m_member_love_panel_bonus" VALUES (44205,7,100);
INSERT INTO "m_member_love_panel_bonus" VALUES (45205,6,200);
INSERT INTO "m_member_love_panel_bonus" VALUES (46205,4,100);
INSERT INTO "m_member_love_panel_bonus" VALUES (47205,5,2000);
INSERT INTO "m_member_love_panel_bonus" VALUES (48205,12,500);
INSERT INTO "m_member_love_panel_bonus" VALUES (49205,7,100);
INSERT INTO "m_member_love_panel_bonus" VALUES (50205,13,6);
INSERT INTO "m_member_love_panel_bonus" VALUES (50205,14,4);
INSERT INTO "m_member_love_panel_bonus" VALUES (50205,15,2);
--
INSERT INTO "m_member_love_panel_cell" VALUES (321205, 0, 33205, 1, 10);
INSERT INTO "m_member_love_panel_cell" VALUES (322205, 1, 33205, 3, 10);
INSERT INTO "m_member_love_panel_cell" VALUES (323205, 2, 33205, 2, 10);
INSERT INTO "m_member_love_panel_cell" VALUES (324205, 3, 33205, 7, 20);
INSERT INTO "m_member_love_panel_cell" VALUES (325205, 4, 33205, 12, 250);
INSERT INTO "m_member_love_panel_cell" VALUES (331205, 0, 34205, 1, 10);
INSERT INTO "m_member_love_panel_cell" VALUES (332205, 1, 34205, 3, 10);
INSERT INTO "m_member_love_panel_cell" VALUES (333205, 2, 34205, 2, 10);
INSERT INTO "m_member_love_panel_cell" VALUES (334205, 3, 34205, 10, 50);
INSERT INTO "m_member_love_panel_cell" VALUES (335205, 4, 34205, 14, 4);
INSERT INTO "m_member_love_panel_cell" VALUES (341205, 0, 35205, 1, 10);
INSERT INTO "m_member_love_panel_cell" VALUES (342205, 1, 35205, 3, 10);
INSERT INTO "m_member_love_panel_cell" VALUES (343205, 2, 35205, 2, 10);
INSERT INTO "m_member_love_panel_cell" VALUES (344205, 3, 35205, 5, 500);
INSERT INTO "m_member_love_panel_cell" VALUES (345205, 4, 35205, 7, 20);
INSERT INTO "m_member_love_panel_cell" VALUES (351205, 0, 36205, 1, 10);
INSERT INTO "m_member_love_panel_cell" VALUES (352205, 1, 36205, 3, 10);
INSERT INTO "m_member_love_panel_cell" VALUES (353205, 2, 36205, 2, 10);
INSERT INTO "m_member_love_panel_cell" VALUES (354205, 3, 36205, 6, 50);
INSERT INTO "m_member_love_panel_cell" VALUES (355205, 4, 36205, 11, 50);
INSERT INTO "m_member_love_panel_cell" VALUES (361205, 0, 37205, 1, 10);
INSERT INTO "m_member_love_panel_cell" VALUES (362205, 1, 37205, 3, 10);
INSERT INTO "m_member_love_panel_cell" VALUES (363205, 2, 37205, 2, 10);
INSERT INTO "m_member_love_panel_cell" VALUES (364205, 3, 37205, 4, 50);
INSERT INTO "m_member_love_panel_cell" VALUES (365205, 4, 37205, 15, 2);
INSERT INTO "m_member_love_panel_cell" VALUES (371205, 0, 38205, 1, 10);
INSERT INTO "m_member_love_panel_cell" VALUES (372205, 1, 38205, 3, 10);
INSERT INTO "m_member_love_panel_cell" VALUES (373205, 2, 33205, 2, 10);
INSERT INTO "m_member_love_panel_cell" VALUES (374205, 3, 38205, 6, 50);
INSERT INTO "m_member_love_panel_cell" VALUES (375205, 4, 38205, 9, 50);
INSERT INTO "m_member_love_panel_cell" VALUES (381205, 0, 39205, 1, 10);
INSERT INTO "m_member_love_panel_cell" VALUES (382205, 1, 39205, 3, 10);
INSERT INTO "m_member_love_panel_cell" VALUES (383205, 2, 39205, 2, 10);
INSERT INTO "m_member_love_panel_cell" VALUES (384205, 3, 39205, 8, 50);
INSERT INTO "m_member_love_panel_cell" VALUES (385205, 4, 39205, 4, 50);
INSERT INTO "m_member_love_panel_cell" VALUES (391205, 0, 40205, 1, 10);
INSERT INTO "m_member_love_panel_cell" VALUES (392205, 1, 40205, 3, 10);
INSERT INTO "m_member_love_panel_cell" VALUES (393205, 2, 40205, 2, 10);
INSERT INTO "m_member_love_panel_cell" VALUES (394205, 3, 40205, 7, 20);
INSERT INTO "m_member_love_panel_cell" VALUES (395205, 4, 40205, 5, 500);
--
INSERT INTO "m_member_love_panel_cell" VALUES (401205, 0, 41205, 1, 10);
INSERT INTO "m_member_love_panel_cell" VALUES (402205, 1, 41205, 3, 10);
INSERT INTO "m_member_love_panel_cell" VALUES (403205, 2, 41205, 2, 10);
INSERT INTO "m_member_love_panel_cell" VALUES (404205, 3, 41205, 4, 50);
INSERT INTO "m_member_love_panel_cell" VALUES (405205, 4, 41205, 6, 50);
INSERT INTO "m_member_love_panel_cell" VALUES (411205, 0, 42205, 1, 10);
INSERT INTO "m_member_love_panel_cell" VALUES (412205, 1, 42205, 3, 10);
INSERT INTO "m_member_love_panel_cell" VALUES (413205, 2, 42205, 2, 10);
INSERT INTO "m_member_love_panel_cell" VALUES (414205, 3, 42205, 5, 500);
INSERT INTO "m_member_love_panel_cell" VALUES (415205, 4, 42205, 13, 6);
INSERT INTO "m_member_love_panel_cell" VALUES (421205, 0, 43205, 1, 10);
INSERT INTO "m_member_love_panel_cell" VALUES (422205, 1, 43205, 3, 10);
INSERT INTO "m_member_love_panel_cell" VALUES (423205, 2, 43205, 2, 10);
INSERT INTO "m_member_love_panel_cell" VALUES (424205, 3, 43205, 7, 20);
INSERT INTO "m_member_love_panel_cell" VALUES (425205, 4, 43205, 12, 250);
INSERT INTO "m_member_love_panel_cell" VALUES (431205, 0, 44205, 1, 10);
INSERT INTO "m_member_love_panel_cell" VALUES (432205, 1, 44205, 3, 10);
INSERT INTO "m_member_love_panel_cell" VALUES (433205, 2, 44205, 2, 10);
INSERT INTO "m_member_love_panel_cell" VALUES (434205, 3, 44205, 10, 50);
INSERT INTO "m_member_love_panel_cell" VALUES (435205, 4, 44205, 14, 4);
INSERT INTO "m_member_love_panel_cell" VALUES (441205, 0, 45205, 1, 10);
INSERT INTO "m_member_love_panel_cell" VALUES (442205, 1, 45205, 3, 10);
INSERT INTO "m_member_love_panel_cell" VALUES (443205, 2, 45205, 2, 10);
INSERT INTO "m_member_love_panel_cell" VALUES (444205, 3, 45205, 5, 500);
INSERT INTO "m_member_love_panel_cell" VALUES (445205, 4, 45205, 7, 20);
INSERT INTO "m_member_love_panel_cell" VALUES (451205, 0, 46205, 1, 10);
INSERT INTO "m_member_love_panel_cell" VALUES (452205, 1, 46205, 3, 10);
INSERT INTO "m_member_love_panel_cell" VALUES (453205, 2, 46205, 2, 10);
INSERT INTO "m_member_love_panel_cell" VALUES (454205, 3, 46205, 6, 50);
INSERT INTO "m_member_love_panel_cell" VALUES (455205, 4, 46205, 11, 50);
INSERT INTO "m_member_love_panel_cell" VALUES (461205, 0, 47205, 1, 10);
INSERT INTO "m_member_love_panel_cell" VALUES (462205, 1, 47205, 3, 10);
INSERT INTO "m_member_love_panel_cell" VALUES (463205, 2, 47205, 2, 10);
INSERT INTO "m_member_love_panel_cell" VALUES (464205, 3, 47205, 4, 50);
INSERT INTO "m_member_love_panel_cell" VALUES (465205, 4, 47205, 15, 2);
INSERT INTO "m_member_love_panel_cell" VALUES (471205, 0, 48205, 1, 10);
INSERT INTO "m_member_love_panel_cell" VALUES (472205, 1, 48205, 3, 10);
INSERT INTO "m_member_love_panel_cell" VALUES (473205, 2, 43205, 2, 10);
INSERT INTO "m_member_love_panel_cell" VALUES (474205, 3, 48205, 6, 50);
INSERT INTO "m_member_love_panel_cell" VALUES (475205, 4, 48205, 9, 50);
INSERT INTO "m_member_love_panel_cell" VALUES (481205, 0, 49205, 1, 10);
INSERT INTO "m_member_love_panel_cell" VALUES (482205, 1, 49205, 3, 10);
INSERT INTO "m_member_love_panel_cell" VALUES (483205, 2, 49205, 2, 10);
INSERT INTO "m_member_love_panel_cell" VALUES (484205, 3, 49205, 8, 50);
INSERT INTO "m_member_love_panel_cell" VALUES (485205, 4, 49205, 4, 50);
INSERT INTO "m_member_love_panel_cell" VALUES (491205, 0, 50205, 1, 10);
INSERT INTO "m_member_love_panel_cell" VALUES (492205, 1, 50205, 3, 10);
INSERT INTO "m_member_love_panel_cell" VALUES (493205, 2, 50205, 2, 10);
INSERT INTO "m_member_love_panel_cell" VALUES (494205, 3, 50205, 7, 20);
INSERT INTO "m_member_love_panel_cell" VALUES (495205, 4, 50205, 5, 500);
-- placeholder source content or we don't need this, for what tho?
INSERT INTO "m_member_love_panel_cell_source_content" VALUES (321205, 1002701, 10, 0, 69);
INSERT INTO "m_member_love_panel_cell_source_content" VALUES (322205, 1002702, 10, 0, 69);
INSERT INTO "m_member_love_panel_cell_source_content" VALUES (323205, 1002703, 10, 0, 69);
INSERT INTO "m_member_love_panel_cell_source_content" VALUES (324205, 1002704, 10, 0, 69);
INSERT INTO "m_member_love_panel_cell_source_content" VALUES (325205, 1002705, 10, 0, 69);
INSERT INTO "m_member_love_panel_cell_source_content" VALUES (331205, 1002701, 10, 0, 69);
INSERT INTO "m_member_love_panel_cell_source_content" VALUES (332205, 1002702, 10, 0, 69);
INSERT INTO "m_member_love_panel_cell_source_content" VALUES (333205, 1002703, 10, 0, 69);
INSERT INTO "m_member_love_panel_cell_source_content" VALUES (334205, 1002704, 10, 0, 69);
INSERT INTO "m_member_love_panel_cell_source_content" VALUES (335205, 1002705, 10, 0, 69);
INSERT INTO "m_member_love_panel_cell_source_content" VALUES (341205, 1002701, 10, 0, 69);
INSERT INTO "m_member_love_panel_cell_source_content" VALUES (342205, 1002702, 10, 0, 69);
INSERT INTO "m_member_love_panel_cell_source_content" VALUES (343205, 1002703, 10, 0, 69);
INSERT INTO "m_member_love_panel_cell_source_content" VALUES (344205, 1002704, 10, 0, 69);
INSERT INTO "m_member_love_panel_cell_source_content" VALUES (345205, 1002705, 10, 0, 69);
INSERT INTO "m_member_love_panel_cell_source_content" VALUES (351205, 1002701, 10, 0, 69);
INSERT INTO "m_member_love_panel_cell_source_content" VALUES (352205, 1002702, 10, 0, 69);
INSERT INTO "m_member_love_panel_cell_source_content" VALUES (353205, 1002703, 10, 0, 69);
INSERT INTO "m_member_love_panel_cell_source_content" VALUES (354205, 1002704, 10, 0, 69);
INSERT INTO "m_member_love_panel_cell_source_content" VALUES (355205, 1002705, 10, 0, 69);
INSERT INTO "m_member_love_panel_cell_source_content" VALUES (361205, 1002701, 10, 0, 69);
INSERT INTO "m_member_love_panel_cell_source_content" VALUES (362205, 1002702, 10, 0, 69);
INSERT INTO "m_member_love_panel_cell_source_content" VALUES (363205, 1002703, 10, 0, 69);
INSERT INTO "m_member_love_panel_cell_source_content" VALUES (364205, 1002704, 10, 0, 69);
INSERT INTO "m_member_love_panel_cell_source_content" VALUES (365205, 1002705, 10, 0, 69);
INSERT INTO "m_member_love_panel_cell_source_content" VALUES (371205, 1002701, 10, 0, 69);
INSERT INTO "m_member_love_panel_cell_source_content" VALUES (372205, 1002702, 10, 0, 69);
INSERT INTO "m_member_love_panel_cell_source_content" VALUES (373205, 1002703, 10, 0, 69);
INSERT INTO "m_member_love_panel_cell_source_content" VALUES (374205, 1002704, 10, 0, 69);
INSERT INTO "m_member_love_panel_cell_source_content" VALUES (375205, 1002705, 10, 0, 69);
INSERT INTO "m_member_love_panel_cell_source_content" VALUES (381205, 1002701, 10, 0, 69);
INSERT INTO "m_member_love_panel_cell_source_content" VALUES (382205, 1002702, 10, 0, 69);
INSERT INTO "m_member_love_panel_cell_source_content" VALUES (383205, 1002703, 10, 0, 69);
INSERT INTO "m_member_love_panel_cell_source_content" VALUES (384205, 1002704, 10, 0, 69);
INSERT INTO "m_member_love_panel_cell_source_content" VALUES (385205, 1002705, 10, 0, 69);
INSERT INTO "m_member_love_panel_cell_source_content" VALUES (391205, 1002701, 10, 0, 69);
INSERT INTO "m_member_love_panel_cell_source_content" VALUES (392205, 1002702, 10, 0, 69);
INSERT INTO "m_member_love_panel_cell_source_content" VALUES (393205, 1002703, 10, 0, 69);
INSERT INTO "m_member_love_panel_cell_source_content" VALUES (394205, 1002704, 10, 0, 69);
INSERT INTO "m_member_love_panel_cell_source_content" VALUES (395205, 1002705, 10, 0, 69);
INSERT INTO "m_member_love_panel_cell_source_content" VALUES (401205, 1002701, 10, 0, 69);
INSERT INTO "m_member_love_panel_cell_source_content" VALUES (402205, 1002702, 10, 0, 69);
INSERT INTO "m_member_love_panel_cell_source_content" VALUES (403205, 1002703, 10, 0, 69);
INSERT INTO "m_member_love_panel_cell_source_content" VALUES (404205, 1002704, 10, 0, 69);
INSERT INTO "m_member_love_panel_cell_source_content" VALUES (405205, 1002705, 10, 0, 69);
INSERT INTO "m_member_love_panel_cell_source_content" VALUES (411205, 1002701, 10, 0, 69);
INSERT INTO "m_member_love_panel_cell_source_content" VALUES (412205, 1002702, 10, 0, 69);
INSERT INTO "m_member_love_panel_cell_source_content" VALUES (413205, 1002703, 10, 0, 69);
INSERT INTO "m_member_love_panel_cell_source_content" VALUES (414205, 1002704, 10, 0, 69);
INSERT INTO "m_member_love_panel_cell_source_content" VALUES (415205, 1002705, 10, 0, 69);
INSERT INTO "m_member_love_panel_cell_source_content" VALUES (421205, 1002701, 10, 0, 69);
INSERT INTO "m_member_love_panel_cell_source_content" VALUES (422205, 1002702, 10, 0, 69);
INSERT INTO "m_member_love_panel_cell_source_content" VALUES (423205, 1002703, 10, 0, 69);
INSERT INTO "m_member_love_panel_cell_source_content" VALUES (424205, 1002704, 10, 0, 69);
INSERT INTO "m_member_love_panel_cell_source_content" VALUES (425205, 1002705, 10, 0, 69);
INSERT INTO "m_member_love_panel_cell_source_content" VALUES (431205, 1002701, 10, 0, 69);
INSERT INTO "m_member_love_panel_cell_source_content" VALUES (432205, 1002702, 10, 0, 69);
INSERT INTO "m_member_love_panel_cell_source_content" VALUES (433205, 1002703, 10, 0, 69);
INSERT INTO "m_member_love_panel_cell_source_content" VALUES (434205, 1002704, 10, 0, 69);
INSERT INTO "m_member_love_panel_cell_source_content" VALUES (435205, 1002705, 10, 0, 69);
INSERT INTO "m_member_love_panel_cell_source_content" VALUES (441205, 1002701, 10, 0, 69);
INSERT INTO "m_member_love_panel_cell_source_content" VALUES (442205, 1002702, 10, 0, 69);
INSERT INTO "m_member_love_panel_cell_source_content" VALUES (443205, 1002703, 10, 0, 69);
INSERT INTO "m_member_love_panel_cell_source_content" VALUES (444205, 1002704, 10, 0, 69);
INSERT INTO "m_member_love_panel_cell_source_content" VALUES (445205, 1002705, 10, 0, 69);
INSERT INTO "m_member_love_panel_cell_source_content" VALUES (451205, 1002701, 10, 0, 69);
INSERT INTO "m_member_love_panel_cell_source_content" VALUES (452205, 1002702, 10, 0, 69);
INSERT INTO "m_member_love_panel_cell_source_content" VALUES (453205, 1002703, 10, 0, 69);
INSERT INTO "m_member_love_panel_cell_source_content" VALUES (454205, 1002704, 10, 0, 69);
INSERT INTO "m_member_love_panel_cell_source_content" VALUES (455205, 1002705, 10, 0, 69);
INSERT INTO "m_member_love_panel_cell_source_content" VALUES (461205, 1002701, 10, 0, 69);
INSERT INTO "m_member_love_panel_cell_source_content" VALUES (462205, 1002702, 10, 0, 69);
INSERT INTO "m_member_love_panel_cell_source_content" VALUES (463205, 1002703, 10, 0, 69);
INSERT INTO "m_member_love_panel_cell_source_content" VALUES (464205, 1002704, 10, 0, 69);
INSERT INTO "m_member_love_panel_cell_source_content" VALUES (465205, 1002705, 10, 0, 69);
INSERT INTO "m_member_love_panel_cell_source_content" VALUES (471205, 1002701, 10, 0, 69);
INSERT INTO "m_member_love_panel_cell_source_content" VALUES (472205, 1002702, 10, 0, 69);
INSERT INTO "m_member_love_panel_cell_source_content" VALUES (473205, 1002703, 10, 0, 69);
INSERT INTO "m_member_love_panel_cell_source_content" VALUES (474205, 1002704, 10, 0, 69);
INSERT INTO "m_member_love_panel_cell_source_content" VALUES (475205, 1002705, 10, 0, 69);
INSERT INTO "m_member_love_panel_cell_source_content" VALUES (481205, 1002701, 10, 0, 69);
INSERT INTO "m_member_love_panel_cell_source_content" VALUES (482205, 1002702, 10, 0, 69);
INSERT INTO "m_member_love_panel_cell_source_content" VALUES (483205, 1002703, 10, 0, 69);
INSERT INTO "m_member_love_panel_cell_source_content" VALUES (484205, 1002704, 10, 0, 69);
INSERT INTO "m_member_love_panel_cell_source_content" VALUES (485205, 1002705, 10, 0, 69);
INSERT INTO "m_member_love_panel_cell_source_content" VALUES (491205, 1002701, 10, 0, 69);
INSERT INTO "m_member_love_panel_cell_source_content" VALUES (492205, 1002702, 10, 0, 69);
INSERT INTO "m_member_love_panel_cell_source_content" VALUES (493205, 1002703, 10, 0, 69);
INSERT INTO "m_member_love_panel_cell_source_content" VALUES (494205, 1002704, 10, 0, 69);
INSERT INTO "m_member_love_panel_cell_source_content" VALUES (495205, 1002705, 10, 0, 69);
-- add missing reward love panel
-- GPT need: loop create copy, find "001" and replace all [002 - 009, 101 - 109, 201 - 212]
INSERT INTO "m_member_love_panel" VALUES (33206,420,1);
INSERT INTO "m_member_love_panel" VALUES (34206,440,1);
INSERT INTO "m_member_love_panel" VALUES (35206,460,1);
INSERT INTO "m_member_love_panel" VALUES (36206,480,1);
INSERT INTO "m_member_love_panel" VALUES (37206,500,1);
INSERT INTO "m_member_love_panel" VALUES (38206,520,1);
INSERT INTO "m_member_love_panel" VALUES (39206,540,1);
INSERT INTO "m_member_love_panel" VALUES (40206,560,1);
INSERT INTO "m_member_love_panel" VALUES (41206,580,1);
INSERT INTO "m_member_love_panel" VALUES (42206,600,1);
INSERT INTO "m_member_love_panel" VALUES (43206,620,1);
INSERT INTO "m_member_love_panel" VALUES (44206,640,1);
INSERT INTO "m_member_love_panel" VALUES (45206,660,1);
INSERT INTO "m_member_love_panel" VALUES (46206,680,1);
INSERT INTO "m_member_love_panel" VALUES (47206,700,1);
INSERT INTO "m_member_love_panel" VALUES (48206,720,1);
INSERT INTO "m_member_love_panel" VALUES (49206,740,1);
INSERT INTO "m_member_love_panel" VALUES (50206,760,1);
INSERT INTO "m_member_love_panel_bonus" VALUES (33206,3,100);
INSERT INTO "m_member_love_panel_bonus" VALUES (34206,7,100);
INSERT INTO "m_member_love_panel_bonus" VALUES (35206,6,200);
INSERT INTO "m_member_love_panel_bonus" VALUES (36206,4,100);
INSERT INTO "m_member_love_panel_bonus" VALUES (37206,5,2000);
INSERT INTO "m_member_love_panel_bonus" VALUES (38206,12,500);
INSERT INTO "m_member_love_panel_bonus" VALUES (39206,7,100);
INSERT INTO "m_member_love_panel_bonus" VALUES (40206,13,6);
INSERT INTO "m_member_love_panel_bonus" VALUES (40206,14,4);
INSERT INTO "m_member_love_panel_bonus" VALUES (40206,15,2);
INSERT INTO "m_member_love_panel_bonus" VALUES (41206,1,100);
INSERT INTO "m_member_love_panel_bonus" VALUES (42206,2,100);
INSERT INTO "m_member_love_panel_bonus" VALUES (43206,3,100);
INSERT INTO "m_member_love_panel_bonus" VALUES (44206,7,100);
INSERT INTO "m_member_love_panel_bonus" VALUES (45206,6,200);
INSERT INTO "m_member_love_panel_bonus" VALUES (46206,4,100);
INSERT INTO "m_member_love_panel_bonus" VALUES (47206,5,2000);
INSERT INTO "m_member_love_panel_bonus" VALUES (48206,12,500);
INSERT INTO "m_member_love_panel_bonus" VALUES (49206,7,100);
INSERT INTO "m_member_love_panel_bonus" VALUES (50206,13,6);
INSERT INTO "m_member_love_panel_bonus" VALUES (50206,14,4);
INSERT INTO "m_member_love_panel_bonus" VALUES (50206,15,2);
--
INSERT INTO "m_member_love_panel_cell" VALUES (321206, 0, 33206, 1, 10);
INSERT INTO "m_member_love_panel_cell" VALUES (322206, 1, 33206, 3, 10);
INSERT INTO "m_member_love_panel_cell" VALUES (323206, 2, 33206, 2, 10);
INSERT INTO "m_member_love_panel_cell" VALUES (324206, 3, 33206, 7, 20);
INSERT INTO "m_member_love_panel_cell" VALUES (325206, 4, 33206, 12, 250);
INSERT INTO "m_member_love_panel_cell" VALUES (331206, 0, 34206, 1, 10);
INSERT INTO "m_member_love_panel_cell" VALUES (332206, 1, 34206, 3, 10);
INSERT INTO "m_member_love_panel_cell" VALUES (333206, 2, 34206, 2, 10);
INSERT INTO "m_member_love_panel_cell" VALUES (334206, 3, 34206, 10, 50);
INSERT INTO "m_member_love_panel_cell" VALUES (335206, 4, 34206, 14, 4);
INSERT INTO "m_member_love_panel_cell" VALUES (341206, 0, 35206, 1, 10);
INSERT INTO "m_member_love_panel_cell" VALUES (342206, 1, 35206, 3, 10);
INSERT INTO "m_member_love_panel_cell" VALUES (343206, 2, 35206, 2, 10);
INSERT INTO "m_member_love_panel_cell" VALUES (344206, 3, 35206, 5, 500);
INSERT INTO "m_member_love_panel_cell" VALUES (345206, 4, 35206, 7, 20);
INSERT INTO "m_member_love_panel_cell" VALUES (351206, 0, 36206, 1, 10);
INSERT INTO "m_member_love_panel_cell" VALUES (352206, 1, 36206, 3, 10);
INSERT INTO "m_member_love_panel_cell" VALUES (353206, 2, 36206, 2, 10);
INSERT INTO "m_member_love_panel_cell" VALUES (354206, 3, 36206, 6, 50);
INSERT INTO "m_member_love_panel_cell" VALUES (355206, 4, 36206, 11, 50);
INSERT INTO "m_member_love_panel_cell" VALUES (361206, 0, 37206, 1, 10);
INSERT INTO "m_member_love_panel_cell" VALUES (362206, 1, 37206, 3, 10);
INSERT INTO "m_member_love_panel_cell" VALUES (363206, 2, 37206, 2, 10);
INSERT INTO "m_member_love_panel_cell" VALUES (364206, 3, 37206, 4, 50);
INSERT INTO "m_member_love_panel_cell" VALUES (365206, 4, 37206, 15, 2);
INSERT INTO "m_member_love_panel_cell" VALUES (371206, 0, 38206, 1, 10);
INSERT INTO "m_member_love_panel_cell" VALUES (372206, 1, 38206, 3, 10);
INSERT INTO "m_member_love_panel_cell" VALUES (373206, 2, 33206, 2, 10);
INSERT INTO "m_member_love_panel_cell" VALUES (374206, 3, 38206, 6, 50);
INSERT INTO "m_member_love_panel_cell" VALUES (375206, 4, 38206, 9, 50);
INSERT INTO "m_member_love_panel_cell" VALUES (381206, 0, 39206, 1, 10);
INSERT INTO "m_member_love_panel_cell" VALUES (382206, 1, 39206, 3, 10);
INSERT INTO "m_member_love_panel_cell" VALUES (383206, 2, 39206, 2, 10);
INSERT INTO "m_member_love_panel_cell" VALUES (384206, 3, 39206, 8, 50);
INSERT INTO "m_member_love_panel_cell" VALUES (385206, 4, 39206, 4, 50);
INSERT INTO "m_member_love_panel_cell" VALUES (391206, 0, 40206, 1, 10);
INSERT INTO "m_member_love_panel_cell" VALUES (392206, 1, 40206, 3, 10);
INSERT INTO "m_member_love_panel_cell" VALUES (393206, 2, 40206, 2, 10);
INSERT INTO "m_member_love_panel_cell" VALUES (394206, 3, 40206, 7, 20);
INSERT INTO "m_member_love_panel_cell" VALUES (395206, 4, 40206, 5, 500);
--
INSERT INTO "m_member_love_panel_cell" VALUES (401206, 0, 41206, 1, 10);
INSERT INTO "m_member_love_panel_cell" VALUES (402206, 1, 41206, 3, 10);
INSERT INTO "m_member_love_panel_cell" VALUES (403206, 2, 41206, 2, 10);
INSERT INTO "m_member_love_panel_cell" VALUES (404206, 3, 41206, 4, 50);
INSERT INTO "m_member_love_panel_cell" VALUES (405206, 4, 41206, 6, 50);
INSERT INTO "m_member_love_panel_cell" VALUES (411206, 0, 42206, 1, 10);
INSERT INTO "m_member_love_panel_cell" VALUES (412206, 1, 42206, 3, 10);
INSERT INTO "m_member_love_panel_cell" VALUES (413206, 2, 42206, 2, 10);
INSERT INTO "m_member_love_panel_cell" VALUES (414206, 3, 42206, 5, 500);
INSERT INTO "m_member_love_panel_cell" VALUES (415206, 4, 42206, 13, 6);
INSERT INTO "m_member_love_panel_cell" VALUES (421206, 0, 43206, 1, 10);
INSERT INTO "m_member_love_panel_cell" VALUES (422206, 1, 43206, 3, 10);
INSERT INTO "m_member_love_panel_cell" VALUES (423206, 2, 43206, 2, 10);
INSERT INTO "m_member_love_panel_cell" VALUES (424206, 3, 43206, 7, 20);
INSERT INTO "m_member_love_panel_cell" VALUES (425206, 4, 43206, 12, 250);
INSERT INTO "m_member_love_panel_cell" VALUES (431206, 0, 44206, 1, 10);
INSERT INTO "m_member_love_panel_cell" VALUES (432206, 1, 44206, 3, 10);
INSERT INTO "m_member_love_panel_cell" VALUES (433206, 2, 44206, 2, 10);
INSERT INTO "m_member_love_panel_cell" VALUES (434206, 3, 44206, 10, 50);
INSERT INTO "m_member_love_panel_cell" VALUES (435206, 4, 44206, 14, 4);
INSERT INTO "m_member_love_panel_cell" VALUES (441206, 0, 45206, 1, 10);
INSERT INTO "m_member_love_panel_cell" VALUES (442206, 1, 45206, 3, 10);
INSERT INTO "m_member_love_panel_cell" VALUES (443206, 2, 45206, 2, 10);
INSERT INTO "m_member_love_panel_cell" VALUES (444206, 3, 45206, 5, 500);
INSERT INTO "m_member_love_panel_cell" VALUES (445206, 4, 45206, 7, 20);
INSERT INTO "m_member_love_panel_cell" VALUES (451206, 0, 46206, 1, 10);
INSERT INTO "m_member_love_panel_cell" VALUES (452206, 1, 46206, 3, 10);
INSERT INTO "m_member_love_panel_cell" VALUES (453206, 2, 46206, 2, 10);
INSERT INTO "m_member_love_panel_cell" VALUES (454206, 3, 46206, 6, 50);
INSERT INTO "m_member_love_panel_cell" VALUES (455206, 4, 46206, 11, 50);
INSERT INTO "m_member_love_panel_cell" VALUES (461206, 0, 47206, 1, 10);
INSERT INTO "m_member_love_panel_cell" VALUES (462206, 1, 47206, 3, 10);
INSERT INTO "m_member_love_panel_cell" VALUES (463206, 2, 47206, 2, 10);
INSERT INTO "m_member_love_panel_cell" VALUES (464206, 3, 47206, 4, 50);
INSERT INTO "m_member_love_panel_cell" VALUES (465206, 4, 47206, 15, 2);
INSERT INTO "m_member_love_panel_cell" VALUES (471206, 0, 48206, 1, 10);
INSERT INTO "m_member_love_panel_cell" VALUES (472206, 1, 48206, 3, 10);
INSERT INTO "m_member_love_panel_cell" VALUES (473206, 2, 43206, 2, 10);
INSERT INTO "m_member_love_panel_cell" VALUES (474206, 3, 48206, 6, 50);
INSERT INTO "m_member_love_panel_cell" VALUES (475206, 4, 48206, 9, 50);
INSERT INTO "m_member_love_panel_cell" VALUES (481206, 0, 49206, 1, 10);
INSERT INTO "m_member_love_panel_cell" VALUES (482206, 1, 49206, 3, 10);
INSERT INTO "m_member_love_panel_cell" VALUES (483206, 2, 49206, 2, 10);
INSERT INTO "m_member_love_panel_cell" VALUES (484206, 3, 49206, 8, 50);
INSERT INTO "m_member_love_panel_cell" VALUES (485206, 4, 49206, 4, 50);
INSERT INTO "m_member_love_panel_cell" VALUES (491206, 0, 50206, 1, 10);
INSERT INTO "m_member_love_panel_cell" VALUES (492206, 1, 50206, 3, 10);
INSERT INTO "m_member_love_panel_cell" VALUES (493206, 2, 50206, 2, 10);
INSERT INTO "m_member_love_panel_cell" VALUES (494206, 3, 50206, 7, 20);
INSERT INTO "m_member_love_panel_cell" VALUES (495206, 4, 50206, 5, 500);
-- placeholder source content or we don't need this, for what tho?
INSERT INTO "m_member_love_panel_cell_source_content" VALUES (321206, 1002701, 10, 0, 69);
INSERT INTO "m_member_love_panel_cell_source_content" VALUES (322206, 1002702, 10, 0, 69);
INSERT INTO "m_member_love_panel_cell_source_content" VALUES (323206, 1002703, 10, 0, 69);
INSERT INTO "m_member_love_panel_cell_source_content" VALUES (324206, 1002704, 10, 0, 69);
INSERT INTO "m_member_love_panel_cell_source_content" VALUES (325206, 1002705, 10, 0, 69);
INSERT INTO "m_member_love_panel_cell_source_content" VALUES (331206, 1002701, 10, 0, 69);
INSERT INTO "m_member_love_panel_cell_source_content" VALUES (332206, 1002702, 10, 0, 69);
INSERT INTO "m_member_love_panel_cell_source_content" VALUES (333206, 1002703, 10, 0, 69);
INSERT INTO "m_member_love_panel_cell_source_content" VALUES (334206, 1002704, 10, 0, 69);
INSERT INTO "m_member_love_panel_cell_source_content" VALUES (335206, 1002705, 10, 0, 69);
INSERT INTO "m_member_love_panel_cell_source_content" VALUES (341206, 1002701, 10, 0, 69);
INSERT INTO "m_member_love_panel_cell_source_content" VALUES (342206, 1002702, 10, 0, 69);
INSERT INTO "m_member_love_panel_cell_source_content" VALUES (343206, 1002703, 10, 0, 69);
INSERT INTO "m_member_love_panel_cell_source_content" VALUES (344206, 1002704, 10, 0, 69);
INSERT INTO "m_member_love_panel_cell_source_content" VALUES (345206, 1002705, 10, 0, 69);
INSERT INTO "m_member_love_panel_cell_source_content" VALUES (351206, 1002701, 10, 0, 69);
INSERT INTO "m_member_love_panel_cell_source_content" VALUES (352206, 1002702, 10, 0, 69);
INSERT INTO "m_member_love_panel_cell_source_content" VALUES (353206, 1002703, 10, 0, 69);
INSERT INTO "m_member_love_panel_cell_source_content" VALUES (354206, 1002704, 10, 0, 69);
INSERT INTO "m_member_love_panel_cell_source_content" VALUES (355206, 1002705, 10, 0, 69);
INSERT INTO "m_member_love_panel_cell_source_content" VALUES (361206, 1002701, 10, 0, 69);
INSERT INTO "m_member_love_panel_cell_source_content" VALUES (362206, 1002702, 10, 0, 69);
INSERT INTO "m_member_love_panel_cell_source_content" VALUES (363206, 1002703, 10, 0, 69);
INSERT INTO "m_member_love_panel_cell_source_content" VALUES (364206, 1002704, 10, 0, 69);
INSERT INTO "m_member_love_panel_cell_source_content" VALUES (365206, 1002705, 10, 0, 69);
INSERT INTO "m_member_love_panel_cell_source_content" VALUES (371206, 1002701, 10, 0, 69);
INSERT INTO "m_member_love_panel_cell_source_content" VALUES (372206, 1002702, 10, 0, 69);
INSERT INTO "m_member_love_panel_cell_source_content" VALUES (373206, 1002703, 10, 0, 69);
INSERT INTO "m_member_love_panel_cell_source_content" VALUES (374206, 1002704, 10, 0, 69);
INSERT INTO "m_member_love_panel_cell_source_content" VALUES (375206, 1002705, 10, 0, 69);
INSERT INTO "m_member_love_panel_cell_source_content" VALUES (381206, 1002701, 10, 0, 69);
INSERT INTO "m_member_love_panel_cell_source_content" VALUES (382206, 1002702, 10, 0, 69);
INSERT INTO "m_member_love_panel_cell_source_content" VALUES (383206, 1002703, 10, 0, 69);
INSERT INTO "m_member_love_panel_cell_source_content" VALUES (384206, 1002704, 10, 0, 69);
INSERT INTO "m_member_love_panel_cell_source_content" VALUES (385206, 1002705, 10, 0, 69);
INSERT INTO "m_member_love_panel_cell_source_content" VALUES (391206, 1002701, 10, 0, 69);
INSERT INTO "m_member_love_panel_cell_source_content" VALUES (392206, 1002702, 10, 0, 69);
INSERT INTO "m_member_love_panel_cell_source_content" VALUES (393206, 1002703, 10, 0, 69);
INSERT INTO "m_member_love_panel_cell_source_content" VALUES (394206, 1002704, 10, 0, 69);
INSERT INTO "m_member_love_panel_cell_source_content" VALUES (395206, 1002705, 10, 0, 69);
INSERT INTO "m_member_love_panel_cell_source_content" VALUES (401206, 1002701, 10, 0, 69);
INSERT INTO "m_member_love_panel_cell_source_content" VALUES (402206, 1002702, 10, 0, 69);
INSERT INTO "m_member_love_panel_cell_source_content" VALUES (403206, 1002703, 10, 0, 69);
INSERT INTO "m_member_love_panel_cell_source_content" VALUES (404206, 1002704, 10, 0, 69);
INSERT INTO "m_member_love_panel_cell_source_content" VALUES (405206, 1002705, 10, 0, 69);
INSERT INTO "m_member_love_panel_cell_source_content" VALUES (411206, 1002701, 10, 0, 69);
INSERT INTO "m_member_love_panel_cell_source_content" VALUES (412206, 1002702, 10, 0, 69);
INSERT INTO "m_member_love_panel_cell_source_content" VALUES (413206, 1002703, 10, 0, 69);
INSERT INTO "m_member_love_panel_cell_source_content" VALUES (414206, 1002704, 10, 0, 69);
INSERT INTO "m_member_love_panel_cell_source_content" VALUES (415206, 1002705, 10, 0, 69);
INSERT INTO "m_member_love_panel_cell_source_content" VALUES (421206, 1002701, 10, 0, 69);
INSERT INTO "m_member_love_panel_cell_source_content" VALUES (422206, 1002702, 10, 0, 69);
INSERT INTO "m_member_love_panel_cell_source_content" VALUES (423206, 1002703, 10, 0, 69);
INSERT INTO "m_member_love_panel_cell_source_content" VALUES (424206, 1002704, 10, 0, 69);
INSERT INTO "m_member_love_panel_cell_source_content" VALUES (425206, 1002705, 10, 0, 69);
INSERT INTO "m_member_love_panel_cell_source_content" VALUES (431206, 1002701, 10, 0, 69);
INSERT INTO "m_member_love_panel_cell_source_content" VALUES (432206, 1002702, 10, 0, 69);
INSERT INTO "m_member_love_panel_cell_source_content" VALUES (433206, 1002703, 10, 0, 69);
INSERT INTO "m_member_love_panel_cell_source_content" VALUES (434206, 1002704, 10, 0, 69);
INSERT INTO "m_member_love_panel_cell_source_content" VALUES (435206, 1002705, 10, 0, 69);
INSERT INTO "m_member_love_panel_cell_source_content" VALUES (441206, 1002701, 10, 0, 69);
INSERT INTO "m_member_love_panel_cell_source_content" VALUES (442206, 1002702, 10, 0, 69);
INSERT INTO "m_member_love_panel_cell_source_content" VALUES (443206, 1002703, 10, 0, 69);
INSERT INTO "m_member_love_panel_cell_source_content" VALUES (444206, 1002704, 10, 0, 69);
INSERT INTO "m_member_love_panel_cell_source_content" VALUES (445206, 1002705, 10, 0, 69);
INSERT INTO "m_member_love_panel_cell_source_content" VALUES (451206, 1002701, 10, 0, 69);
INSERT INTO "m_member_love_panel_cell_source_content" VALUES (452206, 1002702, 10, 0, 69);
INSERT INTO "m_member_love_panel_cell_source_content" VALUES (453206, 1002703, 10, 0, 69);
INSERT INTO "m_member_love_panel_cell_source_content" VALUES (454206, 1002704, 10, 0, 69);
INSERT INTO "m_member_love_panel_cell_source_content" VALUES (455206, 1002705, 10, 0, 69);
INSERT INTO "m_member_love_panel_cell_source_content" VALUES (461206, 1002701, 10, 0, 69);
INSERT INTO "m_member_love_panel_cell_source_content" VALUES (462206, 1002702, 10, 0, 69);
INSERT INTO "m_member_love_panel_cell_source_content" VALUES (463206, 1002703, 10, 0, 69);
INSERT INTO "m_member_love_panel_cell_source_content" VALUES (464206, 1002704, 10, 0, 69);
INSERT INTO "m_member_love_panel_cell_source_content" VALUES (465206, 1002705, 10, 0, 69);
INSERT INTO "m_member_love_panel_cell_source_content" VALUES (471206, 1002701, 10, 0, 69);
INSERT INTO "m_member_love_panel_cell_source_content" VALUES (472206, 1002702, 10, 0, 69);
INSERT INTO "m_member_love_panel_cell_source_content" VALUES (473206, 1002703, 10, 0, 69);
INSERT INTO "m_member_love_panel_cell_source_content" VALUES (474206, 1002704, 10, 0, 69);
INSERT INTO "m_member_love_panel_cell_source_content" VALUES (475206, 1002705, 10, 0, 69);
INSERT INTO "m_member_love_panel_cell_source_content" VALUES (481206, 1002701, 10, 0, 69);
INSERT INTO "m_member_love_panel_cell_source_content" VALUES (482206, 1002702, 10, 0, 69);
INSERT INTO "m_member_love_panel_cell_source_content" VALUES (483206, 1002703, 10, 0, 69);
INSERT INTO "m_member_love_panel_cell_source_content" VALUES (484206, 1002704, 10, 0, 69);
INSERT INTO "m_member_love_panel_cell_source_content" VALUES (485206, 1002705, 10, 0, 69);
INSERT INTO "m_member_love_panel_cell_source_content" VALUES (491206, 1002701, 10, 0, 69);
INSERT INTO "m_member_love_panel_cell_source_content" VALUES (492206, 1002702, 10, 0, 69);
INSERT INTO "m_member_love_panel_cell_source_content" VALUES (493206, 1002703, 10, 0, 69);
INSERT INTO "m_member_love_panel_cell_source_content" VALUES (494206, 1002704, 10, 0, 69);
INSERT INTO "m_member_love_panel_cell_source_content" VALUES (495206, 1002705, 10, 0, 69);
-- add missing reward love panel
-- GPT need: loop create copy, find "001" and replace all [002 - 009, 101 - 109, 201 - 212]
INSERT INTO "m_member_love_panel" VALUES (33207,420,1);
INSERT INTO "m_member_love_panel" VALUES (34207,440,1);
INSERT INTO "m_member_love_panel" VALUES (35207,460,1);
INSERT INTO "m_member_love_panel" VALUES (36207,480,1);
INSERT INTO "m_member_love_panel" VALUES (37207,500,1);
INSERT INTO "m_member_love_panel" VALUES (38207,520,1);
INSERT INTO "m_member_love_panel" VALUES (39207,540,1);
INSERT INTO "m_member_love_panel" VALUES (40207,560,1);
INSERT INTO "m_member_love_panel" VALUES (41207,580,1);
INSERT INTO "m_member_love_panel" VALUES (42207,600,1);
INSERT INTO "m_member_love_panel" VALUES (43207,620,1);
INSERT INTO "m_member_love_panel" VALUES (44207,640,1);
INSERT INTO "m_member_love_panel" VALUES (45207,660,1);
INSERT INTO "m_member_love_panel" VALUES (46207,680,1);
INSERT INTO "m_member_love_panel" VALUES (47207,700,1);
INSERT INTO "m_member_love_panel" VALUES (48207,720,1);
INSERT INTO "m_member_love_panel" VALUES (49207,740,1);
INSERT INTO "m_member_love_panel" VALUES (50207,760,1);
INSERT INTO "m_member_love_panel_bonus" VALUES (33207,3,100);
INSERT INTO "m_member_love_panel_bonus" VALUES (34207,7,100);
INSERT INTO "m_member_love_panel_bonus" VALUES (35207,6,200);
INSERT INTO "m_member_love_panel_bonus" VALUES (36207,4,100);
INSERT INTO "m_member_love_panel_bonus" VALUES (37207,5,2000);
INSERT INTO "m_member_love_panel_bonus" VALUES (38207,12,500);
INSERT INTO "m_member_love_panel_bonus" VALUES (39207,7,100);
INSERT INTO "m_member_love_panel_bonus" VALUES (40207,13,6);
INSERT INTO "m_member_love_panel_bonus" VALUES (40207,14,4);
INSERT INTO "m_member_love_panel_bonus" VALUES (40207,15,2);
INSERT INTO "m_member_love_panel_bonus" VALUES (41207,1,100);
INSERT INTO "m_member_love_panel_bonus" VALUES (42207,2,100);
INSERT INTO "m_member_love_panel_bonus" VALUES (43207,3,100);
INSERT INTO "m_member_love_panel_bonus" VALUES (44207,7,100);
INSERT INTO "m_member_love_panel_bonus" VALUES (45207,6,200);
INSERT INTO "m_member_love_panel_bonus" VALUES (46207,4,100);
INSERT INTO "m_member_love_panel_bonus" VALUES (47207,5,2000);
INSERT INTO "m_member_love_panel_bonus" VALUES (48207,12,500);
INSERT INTO "m_member_love_panel_bonus" VALUES (49207,7,100);
INSERT INTO "m_member_love_panel_bonus" VALUES (50207,13,6);
INSERT INTO "m_member_love_panel_bonus" VALUES (50207,14,4);
INSERT INTO "m_member_love_panel_bonus" VALUES (50207,15,2);
--
INSERT INTO "m_member_love_panel_cell" VALUES (321207, 0, 33207, 1, 10);
INSERT INTO "m_member_love_panel_cell" VALUES (322207, 1, 33207, 3, 10);
INSERT INTO "m_member_love_panel_cell" VALUES (323207, 2, 33207, 2, 10);
INSERT INTO "m_member_love_panel_cell" VALUES (324207, 3, 33207, 7, 20);
INSERT INTO "m_member_love_panel_cell" VALUES (325207, 4, 33207, 12, 250);
INSERT INTO "m_member_love_panel_cell" VALUES (331207, 0, 34207, 1, 10);
INSERT INTO "m_member_love_panel_cell" VALUES (332207, 1, 34207, 3, 10);
INSERT INTO "m_member_love_panel_cell" VALUES (333207, 2, 34207, 2, 10);
INSERT INTO "m_member_love_panel_cell" VALUES (334207, 3, 34207, 10, 50);
INSERT INTO "m_member_love_panel_cell" VALUES (335207, 4, 34207, 14, 4);
INSERT INTO "m_member_love_panel_cell" VALUES (341207, 0, 35207, 1, 10);
INSERT INTO "m_member_love_panel_cell" VALUES (342207, 1, 35207, 3, 10);
INSERT INTO "m_member_love_panel_cell" VALUES (343207, 2, 35207, 2, 10);
INSERT INTO "m_member_love_panel_cell" VALUES (344207, 3, 35207, 5, 500);
INSERT INTO "m_member_love_panel_cell" VALUES (345207, 4, 35207, 7, 20);
INSERT INTO "m_member_love_panel_cell" VALUES (351207, 0, 36207, 1, 10);
INSERT INTO "m_member_love_panel_cell" VALUES (352207, 1, 36207, 3, 10);
INSERT INTO "m_member_love_panel_cell" VALUES (353207, 2, 36207, 2, 10);
INSERT INTO "m_member_love_panel_cell" VALUES (354207, 3, 36207, 6, 50);
INSERT INTO "m_member_love_panel_cell" VALUES (355207, 4, 36207, 11, 50);
INSERT INTO "m_member_love_panel_cell" VALUES (361207, 0, 37207, 1, 10);
INSERT INTO "m_member_love_panel_cell" VALUES (362207, 1, 37207, 3, 10);
INSERT INTO "m_member_love_panel_cell" VALUES (363207, 2, 37207, 2, 10);
INSERT INTO "m_member_love_panel_cell" VALUES (364207, 3, 37207, 4, 50);
INSERT INTO "m_member_love_panel_cell" VALUES (365207, 4, 37207, 15, 2);
INSERT INTO "m_member_love_panel_cell" VALUES (371207, 0, 38207, 1, 10);
INSERT INTO "m_member_love_panel_cell" VALUES (372207, 1, 38207, 3, 10);
INSERT INTO "m_member_love_panel_cell" VALUES (373207, 2, 33207, 2, 10);
INSERT INTO "m_member_love_panel_cell" VALUES (374207, 3, 38207, 6, 50);
INSERT INTO "m_member_love_panel_cell" VALUES (375207, 4, 38207, 9, 50);
INSERT INTO "m_member_love_panel_cell" VALUES (381207, 0, 39207, 1, 10);
INSERT INTO "m_member_love_panel_cell" VALUES (382207, 1, 39207, 3, 10);
INSERT INTO "m_member_love_panel_cell" VALUES (383207, 2, 39207, 2, 10);
INSERT INTO "m_member_love_panel_cell" VALUES (384207, 3, 39207, 8, 50);
INSERT INTO "m_member_love_panel_cell" VALUES (385207, 4, 39207, 4, 50);
INSERT INTO "m_member_love_panel_cell" VALUES (391207, 0, 40207, 1, 10);
INSERT INTO "m_member_love_panel_cell" VALUES (392207, 1, 40207, 3, 10);
INSERT INTO "m_member_love_panel_cell" VALUES (393207, 2, 40207, 2, 10);
INSERT INTO "m_member_love_panel_cell" VALUES (394207, 3, 40207, 7, 20);
INSERT INTO "m_member_love_panel_cell" VALUES (395207, 4, 40207, 5, 500);
--
INSERT INTO "m_member_love_panel_cell" VALUES (401207, 0, 41207, 1, 10);
INSERT INTO "m_member_love_panel_cell" VALUES (402207, 1, 41207, 3, 10);
INSERT INTO "m_member_love_panel_cell" VALUES (403207, 2, 41207, 2, 10);
INSERT INTO "m_member_love_panel_cell" VALUES (404207, 3, 41207, 4, 50);
INSERT INTO "m_member_love_panel_cell" VALUES (405207, 4, 41207, 6, 50);
INSERT INTO "m_member_love_panel_cell" VALUES (411207, 0, 42207, 1, 10);
INSERT INTO "m_member_love_panel_cell" VALUES (412207, 1, 42207, 3, 10);
INSERT INTO "m_member_love_panel_cell" VALUES (413207, 2, 42207, 2, 10);
INSERT INTO "m_member_love_panel_cell" VALUES (414207, 3, 42207, 5, 500);
INSERT INTO "m_member_love_panel_cell" VALUES (415207, 4, 42207, 13, 6);
INSERT INTO "m_member_love_panel_cell" VALUES (421207, 0, 43207, 1, 10);
INSERT INTO "m_member_love_panel_cell" VALUES (422207, 1, 43207, 3, 10);
INSERT INTO "m_member_love_panel_cell" VALUES (423207, 2, 43207, 2, 10);
INSERT INTO "m_member_love_panel_cell" VALUES (424207, 3, 43207, 7, 20);
INSERT INTO "m_member_love_panel_cell" VALUES (425207, 4, 43207, 12, 250);
INSERT INTO "m_member_love_panel_cell" VALUES (431207, 0, 44207, 1, 10);
INSERT INTO "m_member_love_panel_cell" VALUES (432207, 1, 44207, 3, 10);
INSERT INTO "m_member_love_panel_cell" VALUES (433207, 2, 44207, 2, 10);
INSERT INTO "m_member_love_panel_cell" VALUES (434207, 3, 44207, 10, 50);
INSERT INTO "m_member_love_panel_cell" VALUES (435207, 4, 44207, 14, 4);
INSERT INTO "m_member_love_panel_cell" VALUES (441207, 0, 45207, 1, 10);
INSERT INTO "m_member_love_panel_cell" VALUES (442207, 1, 45207, 3, 10);
INSERT INTO "m_member_love_panel_cell" VALUES (443207, 2, 45207, 2, 10);
INSERT INTO "m_member_love_panel_cell" VALUES (444207, 3, 45207, 5, 500);
INSERT INTO "m_member_love_panel_cell" VALUES (445207, 4, 45207, 7, 20);
INSERT INTO "m_member_love_panel_cell" VALUES (451207, 0, 46207, 1, 10);
INSERT INTO "m_member_love_panel_cell" VALUES (452207, 1, 46207, 3, 10);
INSERT INTO "m_member_love_panel_cell" VALUES (453207, 2, 46207, 2, 10);
INSERT INTO "m_member_love_panel_cell" VALUES (454207, 3, 46207, 6, 50);
INSERT INTO "m_member_love_panel_cell" VALUES (455207, 4, 46207, 11, 50);
INSERT INTO "m_member_love_panel_cell" VALUES (461207, 0, 47207, 1, 10);
INSERT INTO "m_member_love_panel_cell" VALUES (462207, 1, 47207, 3, 10);
INSERT INTO "m_member_love_panel_cell" VALUES (463207, 2, 47207, 2, 10);
INSERT INTO "m_member_love_panel_cell" VALUES (464207, 3, 47207, 4, 50);
INSERT INTO "m_member_love_panel_cell" VALUES (465207, 4, 47207, 15, 2);
INSERT INTO "m_member_love_panel_cell" VALUES (471207, 0, 48207, 1, 10);
INSERT INTO "m_member_love_panel_cell" VALUES (472207, 1, 48207, 3, 10);
INSERT INTO "m_member_love_panel_cell" VALUES (473207, 2, 43207, 2, 10);
INSERT INTO "m_member_love_panel_cell" VALUES (474207, 3, 48207, 6, 50);
INSERT INTO "m_member_love_panel_cell" VALUES (475207, 4, 48207, 9, 50);
INSERT INTO "m_member_love_panel_cell" VALUES (481207, 0, 49207, 1, 10);
INSERT INTO "m_member_love_panel_cell" VALUES (482207, 1, 49207, 3, 10);
INSERT INTO "m_member_love_panel_cell" VALUES (483207, 2, 49207, 2, 10);
INSERT INTO "m_member_love_panel_cell" VALUES (484207, 3, 49207, 8, 50);
INSERT INTO "m_member_love_panel_cell" VALUES (485207, 4, 49207, 4, 50);
INSERT INTO "m_member_love_panel_cell" VALUES (491207, 0, 50207, 1, 10);
INSERT INTO "m_member_love_panel_cell" VALUES (492207, 1, 50207, 3, 10);
INSERT INTO "m_member_love_panel_cell" VALUES (493207, 2, 50207, 2, 10);
INSERT INTO "m_member_love_panel_cell" VALUES (494207, 3, 50207, 7, 20);
INSERT INTO "m_member_love_panel_cell" VALUES (495207, 4, 50207, 5, 500);
-- placeholder source content or we don't need this, for what tho?
INSERT INTO "m_member_love_panel_cell_source_content" VALUES (321207, 1002701, 10, 0, 69);
INSERT INTO "m_member_love_panel_cell_source_content" VALUES (322207, 1002702, 10, 0, 69);
INSERT INTO "m_member_love_panel_cell_source_content" VALUES (323207, 1002703, 10, 0, 69);
INSERT INTO "m_member_love_panel_cell_source_content" VALUES (324207, 1002704, 10, 0, 69);
INSERT INTO "m_member_love_panel_cell_source_content" VALUES (325207, 1002705, 10, 0, 69);
INSERT INTO "m_member_love_panel_cell_source_content" VALUES (331207, 1002701, 10, 0, 69);
INSERT INTO "m_member_love_panel_cell_source_content" VALUES (332207, 1002702, 10, 0, 69);
INSERT INTO "m_member_love_panel_cell_source_content" VALUES (333207, 1002703, 10, 0, 69);
INSERT INTO "m_member_love_panel_cell_source_content" VALUES (334207, 1002704, 10, 0, 69);
INSERT INTO "m_member_love_panel_cell_source_content" VALUES (335207, 1002705, 10, 0, 69);
INSERT INTO "m_member_love_panel_cell_source_content" VALUES (341207, 1002701, 10, 0, 69);
INSERT INTO "m_member_love_panel_cell_source_content" VALUES (342207, 1002702, 10, 0, 69);
INSERT INTO "m_member_love_panel_cell_source_content" VALUES (343207, 1002703, 10, 0, 69);
INSERT INTO "m_member_love_panel_cell_source_content" VALUES (344207, 1002704, 10, 0, 69);
INSERT INTO "m_member_love_panel_cell_source_content" VALUES (345207, 1002705, 10, 0, 69);
INSERT INTO "m_member_love_panel_cell_source_content" VALUES (351207, 1002701, 10, 0, 69);
INSERT INTO "m_member_love_panel_cell_source_content" VALUES (352207, 1002702, 10, 0, 69);
INSERT INTO "m_member_love_panel_cell_source_content" VALUES (353207, 1002703, 10, 0, 69);
INSERT INTO "m_member_love_panel_cell_source_content" VALUES (354207, 1002704, 10, 0, 69);
INSERT INTO "m_member_love_panel_cell_source_content" VALUES (355207, 1002705, 10, 0, 69);
INSERT INTO "m_member_love_panel_cell_source_content" VALUES (361207, 1002701, 10, 0, 69);
INSERT INTO "m_member_love_panel_cell_source_content" VALUES (362207, 1002702, 10, 0, 69);
INSERT INTO "m_member_love_panel_cell_source_content" VALUES (363207, 1002703, 10, 0, 69);
INSERT INTO "m_member_love_panel_cell_source_content" VALUES (364207, 1002704, 10, 0, 69);
INSERT INTO "m_member_love_panel_cell_source_content" VALUES (365207, 1002705, 10, 0, 69);
INSERT INTO "m_member_love_panel_cell_source_content" VALUES (371207, 1002701, 10, 0, 69);
INSERT INTO "m_member_love_panel_cell_source_content" VALUES (372207, 1002702, 10, 0, 69);
INSERT INTO "m_member_love_panel_cell_source_content" VALUES (373207, 1002703, 10, 0, 69);
INSERT INTO "m_member_love_panel_cell_source_content" VALUES (374207, 1002704, 10, 0, 69);
INSERT INTO "m_member_love_panel_cell_source_content" VALUES (375207, 1002705, 10, 0, 69);
INSERT INTO "m_member_love_panel_cell_source_content" VALUES (381207, 1002701, 10, 0, 69);
INSERT INTO "m_member_love_panel_cell_source_content" VALUES (382207, 1002702, 10, 0, 69);
INSERT INTO "m_member_love_panel_cell_source_content" VALUES (383207, 1002703, 10, 0, 69);
INSERT INTO "m_member_love_panel_cell_source_content" VALUES (384207, 1002704, 10, 0, 69);
INSERT INTO "m_member_love_panel_cell_source_content" VALUES (385207, 1002705, 10, 0, 69);
INSERT INTO "m_member_love_panel_cell_source_content" VALUES (391207, 1002701, 10, 0, 69);
INSERT INTO "m_member_love_panel_cell_source_content" VALUES (392207, 1002702, 10, 0, 69);
INSERT INTO "m_member_love_panel_cell_source_content" VALUES (393207, 1002703, 10, 0, 69);
INSERT INTO "m_member_love_panel_cell_source_content" VALUES (394207, 1002704, 10, 0, 69);
INSERT INTO "m_member_love_panel_cell_source_content" VALUES (395207, 1002705, 10, 0, 69);
INSERT INTO "m_member_love_panel_cell_source_content" VALUES (401207, 1002701, 10, 0, 69);
INSERT INTO "m_member_love_panel_cell_source_content" VALUES (402207, 1002702, 10, 0, 69);
INSERT INTO "m_member_love_panel_cell_source_content" VALUES (403207, 1002703, 10, 0, 69);
INSERT INTO "m_member_love_panel_cell_source_content" VALUES (404207, 1002704, 10, 0, 69);
INSERT INTO "m_member_love_panel_cell_source_content" VALUES (405207, 1002705, 10, 0, 69);
INSERT INTO "m_member_love_panel_cell_source_content" VALUES (411207, 1002701, 10, 0, 69);
INSERT INTO "m_member_love_panel_cell_source_content" VALUES (412207, 1002702, 10, 0, 69);
INSERT INTO "m_member_love_panel_cell_source_content" VALUES (413207, 1002703, 10, 0, 69);
INSERT INTO "m_member_love_panel_cell_source_content" VALUES (414207, 1002704, 10, 0, 69);
INSERT INTO "m_member_love_panel_cell_source_content" VALUES (415207, 1002705, 10, 0, 69);
INSERT INTO "m_member_love_panel_cell_source_content" VALUES (421207, 1002701, 10, 0, 69);
INSERT INTO "m_member_love_panel_cell_source_content" VALUES (422207, 1002702, 10, 0, 69);
INSERT INTO "m_member_love_panel_cell_source_content" VALUES (423207, 1002703, 10, 0, 69);
INSERT INTO "m_member_love_panel_cell_source_content" VALUES (424207, 1002704, 10, 0, 69);
INSERT INTO "m_member_love_panel_cell_source_content" VALUES (425207, 1002705, 10, 0, 69);
INSERT INTO "m_member_love_panel_cell_source_content" VALUES (431207, 1002701, 10, 0, 69);
INSERT INTO "m_member_love_panel_cell_source_content" VALUES (432207, 1002702, 10, 0, 69);
INSERT INTO "m_member_love_panel_cell_source_content" VALUES (433207, 1002703, 10, 0, 69);
INSERT INTO "m_member_love_panel_cell_source_content" VALUES (434207, 1002704, 10, 0, 69);
INSERT INTO "m_member_love_panel_cell_source_content" VALUES (435207, 1002705, 10, 0, 69);
INSERT INTO "m_member_love_panel_cell_source_content" VALUES (441207, 1002701, 10, 0, 69);
INSERT INTO "m_member_love_panel_cell_source_content" VALUES (442207, 1002702, 10, 0, 69);
INSERT INTO "m_member_love_panel_cell_source_content" VALUES (443207, 1002703, 10, 0, 69);
INSERT INTO "m_member_love_panel_cell_source_content" VALUES (444207, 1002704, 10, 0, 69);
INSERT INTO "m_member_love_panel_cell_source_content" VALUES (445207, 1002705, 10, 0, 69);
INSERT INTO "m_member_love_panel_cell_source_content" VALUES (451207, 1002701, 10, 0, 69);
INSERT INTO "m_member_love_panel_cell_source_content" VALUES (452207, 1002702, 10, 0, 69);
INSERT INTO "m_member_love_panel_cell_source_content" VALUES (453207, 1002703, 10, 0, 69);
INSERT INTO "m_member_love_panel_cell_source_content" VALUES (454207, 1002704, 10, 0, 69);
INSERT INTO "m_member_love_panel_cell_source_content" VALUES (455207, 1002705, 10, 0, 69);
INSERT INTO "m_member_love_panel_cell_source_content" VALUES (461207, 1002701, 10, 0, 69);
INSERT INTO "m_member_love_panel_cell_source_content" VALUES (462207, 1002702, 10, 0, 69);
INSERT INTO "m_member_love_panel_cell_source_content" VALUES (463207, 1002703, 10, 0, 69);
INSERT INTO "m_member_love_panel_cell_source_content" VALUES (464207, 1002704, 10, 0, 69);
INSERT INTO "m_member_love_panel_cell_source_content" VALUES (465207, 1002705, 10, 0, 69);
INSERT INTO "m_member_love_panel_cell_source_content" VALUES (471207, 1002701, 10, 0, 69);
INSERT INTO "m_member_love_panel_cell_source_content" VALUES (472207, 1002702, 10, 0, 69);
INSERT INTO "m_member_love_panel_cell_source_content" VALUES (473207, 1002703, 10, 0, 69);
INSERT INTO "m_member_love_panel_cell_source_content" VALUES (474207, 1002704, 10, 0, 69);
INSERT INTO "m_member_love_panel_cell_source_content" VALUES (475207, 1002705, 10, 0, 69);
INSERT INTO "m_member_love_panel_cell_source_content" VALUES (481207, 1002701, 10, 0, 69);
INSERT INTO "m_member_love_panel_cell_source_content" VALUES (482207, 1002702, 10, 0, 69);
INSERT INTO "m_member_love_panel_cell_source_content" VALUES (483207, 1002703, 10, 0, 69);
INSERT INTO "m_member_love_panel_cell_source_content" VALUES (484207, 1002704, 10, 0, 69);
INSERT INTO "m_member_love_panel_cell_source_content" VALUES (485207, 1002705, 10, 0, 69);
INSERT INTO "m_member_love_panel_cell_source_content" VALUES (491207, 1002701, 10, 0, 69);
INSERT INTO "m_member_love_panel_cell_source_content" VALUES (492207, 1002702, 10, 0, 69);
INSERT INTO "m_member_love_panel_cell_source_content" VALUES (493207, 1002703, 10, 0, 69);
INSERT INTO "m_member_love_panel_cell_source_content" VALUES (494207, 1002704, 10, 0, 69);
INSERT INTO "m_member_love_panel_cell_source_content" VALUES (495207, 1002705, 10, 0, 69);
-- add missing reward love panel
-- GPT need: loop create copy, find "001" and replace all [002 - 009, 101 - 109, 201 - 212]
INSERT INTO "m_member_love_panel" VALUES (33208,420,1);
INSERT INTO "m_member_love_panel" VALUES (34208,440,1);
INSERT INTO "m_member_love_panel" VALUES (35208,460,1);
INSERT INTO "m_member_love_panel" VALUES (36208,480,1);
INSERT INTO "m_member_love_panel" VALUES (37208,500,1);
INSERT INTO "m_member_love_panel" VALUES (38208,520,1);
INSERT INTO "m_member_love_panel" VALUES (39208,540,1);
INSERT INTO "m_member_love_panel" VALUES (40208,560,1);
INSERT INTO "m_member_love_panel" VALUES (41208,580,1);
INSERT INTO "m_member_love_panel" VALUES (42208,600,1);
INSERT INTO "m_member_love_panel" VALUES (43208,620,1);
INSERT INTO "m_member_love_panel" VALUES (44208,640,1);
INSERT INTO "m_member_love_panel" VALUES (45208,660,1);
INSERT INTO "m_member_love_panel" VALUES (46208,680,1);
INSERT INTO "m_member_love_panel" VALUES (47208,700,1);
INSERT INTO "m_member_love_panel" VALUES (48208,720,1);
INSERT INTO "m_member_love_panel" VALUES (49208,740,1);
INSERT INTO "m_member_love_panel" VALUES (50208,760,1);
INSERT INTO "m_member_love_panel_bonus" VALUES (33208,3,100);
INSERT INTO "m_member_love_panel_bonus" VALUES (34208,7,100);
INSERT INTO "m_member_love_panel_bonus" VALUES (35208,6,200);
INSERT INTO "m_member_love_panel_bonus" VALUES (36208,4,100);
INSERT INTO "m_member_love_panel_bonus" VALUES (37208,5,2000);
INSERT INTO "m_member_love_panel_bonus" VALUES (38208,12,500);
INSERT INTO "m_member_love_panel_bonus" VALUES (39208,7,100);
INSERT INTO "m_member_love_panel_bonus" VALUES (40208,13,6);
INSERT INTO "m_member_love_panel_bonus" VALUES (40208,14,4);
INSERT INTO "m_member_love_panel_bonus" VALUES (40208,15,2);
INSERT INTO "m_member_love_panel_bonus" VALUES (41208,1,100);
INSERT INTO "m_member_love_panel_bonus" VALUES (42208,2,100);
INSERT INTO "m_member_love_panel_bonus" VALUES (43208,3,100);
INSERT INTO "m_member_love_panel_bonus" VALUES (44208,7,100);
INSERT INTO "m_member_love_panel_bonus" VALUES (45208,6,200);
INSERT INTO "m_member_love_panel_bonus" VALUES (46208,4,100);
INSERT INTO "m_member_love_panel_bonus" VALUES (47208,5,2000);
INSERT INTO "m_member_love_panel_bonus" VALUES (48208,12,500);
INSERT INTO "m_member_love_panel_bonus" VALUES (49208,7,100);
INSERT INTO "m_member_love_panel_bonus" VALUES (50208,13,6);
INSERT INTO "m_member_love_panel_bonus" VALUES (50208,14,4);
INSERT INTO "m_member_love_panel_bonus" VALUES (50208,15,2);
--
INSERT INTO "m_member_love_panel_cell" VALUES (321208, 0, 33208, 1, 10);
INSERT INTO "m_member_love_panel_cell" VALUES (322208, 1, 33208, 3, 10);
INSERT INTO "m_member_love_panel_cell" VALUES (323208, 2, 33208, 2, 10);
INSERT INTO "m_member_love_panel_cell" VALUES (324208, 3, 33208, 7, 20);
INSERT INTO "m_member_love_panel_cell" VALUES (325208, 4, 33208, 12, 250);
INSERT INTO "m_member_love_panel_cell" VALUES (331208, 0, 34208, 1, 10);
INSERT INTO "m_member_love_panel_cell" VALUES (332208, 1, 34208, 3, 10);
INSERT INTO "m_member_love_panel_cell" VALUES (333208, 2, 34208, 2, 10);
INSERT INTO "m_member_love_panel_cell" VALUES (334208, 3, 34208, 10, 50);
INSERT INTO "m_member_love_panel_cell" VALUES (335208, 4, 34208, 14, 4);
INSERT INTO "m_member_love_panel_cell" VALUES (341208, 0, 35208, 1, 10);
INSERT INTO "m_member_love_panel_cell" VALUES (342208, 1, 35208, 3, 10);
INSERT INTO "m_member_love_panel_cell" VALUES (343208, 2, 35208, 2, 10);
INSERT INTO "m_member_love_panel_cell" VALUES (344208, 3, 35208, 5, 500);
INSERT INTO "m_member_love_panel_cell" VALUES (345208, 4, 35208, 7, 20);
INSERT INTO "m_member_love_panel_cell" VALUES (351208, 0, 36208, 1, 10);
INSERT INTO "m_member_love_panel_cell" VALUES (352208, 1, 36208, 3, 10);
INSERT INTO "m_member_love_panel_cell" VALUES (353208, 2, 36208, 2, 10);
INSERT INTO "m_member_love_panel_cell" VALUES (354208, 3, 36208, 6, 50);
INSERT INTO "m_member_love_panel_cell" VALUES (355208, 4, 36208, 11, 50);
INSERT INTO "m_member_love_panel_cell" VALUES (361208, 0, 37208, 1, 10);
INSERT INTO "m_member_love_panel_cell" VALUES (362208, 1, 37208, 3, 10);
INSERT INTO "m_member_love_panel_cell" VALUES (363208, 2, 37208, 2, 10);
INSERT INTO "m_member_love_panel_cell" VALUES (364208, 3, 37208, 4, 50);
INSERT INTO "m_member_love_panel_cell" VALUES (365208, 4, 37208, 15, 2);
INSERT INTO "m_member_love_panel_cell" VALUES (371208, 0, 38208, 1, 10);
INSERT INTO "m_member_love_panel_cell" VALUES (372208, 1, 38208, 3, 10);
INSERT INTO "m_member_love_panel_cell" VALUES (373208, 2, 33208, 2, 10);
INSERT INTO "m_member_love_panel_cell" VALUES (374208, 3, 38208, 6, 50);
INSERT INTO "m_member_love_panel_cell" VALUES (375208, 4, 38208, 9, 50);
INSERT INTO "m_member_love_panel_cell" VALUES (381208, 0, 39208, 1, 10);
INSERT INTO "m_member_love_panel_cell" VALUES (382208, 1, 39208, 3, 10);
INSERT INTO "m_member_love_panel_cell" VALUES (383208, 2, 39208, 2, 10);
INSERT INTO "m_member_love_panel_cell" VALUES (384208, 3, 39208, 8, 50);
INSERT INTO "m_member_love_panel_cell" VALUES (385208, 4, 39208, 4, 50);
INSERT INTO "m_member_love_panel_cell" VALUES (391208, 0, 40208, 1, 10);
INSERT INTO "m_member_love_panel_cell" VALUES (392208, 1, 40208, 3, 10);
INSERT INTO "m_member_love_panel_cell" VALUES (393208, 2, 40208, 2, 10);
INSERT INTO "m_member_love_panel_cell" VALUES (394208, 3, 40208, 7, 20);
INSERT INTO "m_member_love_panel_cell" VALUES (395208, 4, 40208, 5, 500);
--
INSERT INTO "m_member_love_panel_cell" VALUES (401208, 0, 41208, 1, 10);
INSERT INTO "m_member_love_panel_cell" VALUES (402208, 1, 41208, 3, 10);
INSERT INTO "m_member_love_panel_cell" VALUES (403208, 2, 41208, 2, 10);
INSERT INTO "m_member_love_panel_cell" VALUES (404208, 3, 41208, 4, 50);
INSERT INTO "m_member_love_panel_cell" VALUES (405208, 4, 41208, 6, 50);
INSERT INTO "m_member_love_panel_cell" VALUES (411208, 0, 42208, 1, 10);
INSERT INTO "m_member_love_panel_cell" VALUES (412208, 1, 42208, 3, 10);
INSERT INTO "m_member_love_panel_cell" VALUES (413208, 2, 42208, 2, 10);
INSERT INTO "m_member_love_panel_cell" VALUES (414208, 3, 42208, 5, 500);
INSERT INTO "m_member_love_panel_cell" VALUES (415208, 4, 42208, 13, 6);
INSERT INTO "m_member_love_panel_cell" VALUES (421208, 0, 43208, 1, 10);
INSERT INTO "m_member_love_panel_cell" VALUES (422208, 1, 43208, 3, 10);
INSERT INTO "m_member_love_panel_cell" VALUES (423208, 2, 43208, 2, 10);
INSERT INTO "m_member_love_panel_cell" VALUES (424208, 3, 43208, 7, 20);
INSERT INTO "m_member_love_panel_cell" VALUES (425208, 4, 43208, 12, 250);
INSERT INTO "m_member_love_panel_cell" VALUES (431208, 0, 44208, 1, 10);
INSERT INTO "m_member_love_panel_cell" VALUES (432208, 1, 44208, 3, 10);
INSERT INTO "m_member_love_panel_cell" VALUES (433208, 2, 44208, 2, 10);
INSERT INTO "m_member_love_panel_cell" VALUES (434208, 3, 44208, 10, 50);
INSERT INTO "m_member_love_panel_cell" VALUES (435208, 4, 44208, 14, 4);
INSERT INTO "m_member_love_panel_cell" VALUES (441208, 0, 45208, 1, 10);
INSERT INTO "m_member_love_panel_cell" VALUES (442208, 1, 45208, 3, 10);
INSERT INTO "m_member_love_panel_cell" VALUES (443208, 2, 45208, 2, 10);
INSERT INTO "m_member_love_panel_cell" VALUES (444208, 3, 45208, 5, 500);
INSERT INTO "m_member_love_panel_cell" VALUES (445208, 4, 45208, 7, 20);
INSERT INTO "m_member_love_panel_cell" VALUES (451208, 0, 46208, 1, 10);
INSERT INTO "m_member_love_panel_cell" VALUES (452208, 1, 46208, 3, 10);
INSERT INTO "m_member_love_panel_cell" VALUES (453208, 2, 46208, 2, 10);
INSERT INTO "m_member_love_panel_cell" VALUES (454208, 3, 46208, 6, 50);
INSERT INTO "m_member_love_panel_cell" VALUES (455208, 4, 46208, 11, 50);
INSERT INTO "m_member_love_panel_cell" VALUES (461208, 0, 47208, 1, 10);
INSERT INTO "m_member_love_panel_cell" VALUES (462208, 1, 47208, 3, 10);
INSERT INTO "m_member_love_panel_cell" VALUES (463208, 2, 47208, 2, 10);
INSERT INTO "m_member_love_panel_cell" VALUES (464208, 3, 47208, 4, 50);
INSERT INTO "m_member_love_panel_cell" VALUES (465208, 4, 47208, 15, 2);
INSERT INTO "m_member_love_panel_cell" VALUES (471208, 0, 48208, 1, 10);
INSERT INTO "m_member_love_panel_cell" VALUES (472208, 1, 48208, 3, 10);
INSERT INTO "m_member_love_panel_cell" VALUES (473208, 2, 43208, 2, 10);
INSERT INTO "m_member_love_panel_cell" VALUES (474208, 3, 48208, 6, 50);
INSERT INTO "m_member_love_panel_cell" VALUES (475208, 4, 48208, 9, 50);
INSERT INTO "m_member_love_panel_cell" VALUES (481208, 0, 49208, 1, 10);
INSERT INTO "m_member_love_panel_cell" VALUES (482208, 1, 49208, 3, 10);
INSERT INTO "m_member_love_panel_cell" VALUES (483208, 2, 49208, 2, 10);
INSERT INTO "m_member_love_panel_cell" VALUES (484208, 3, 49208, 8, 50);
INSERT INTO "m_member_love_panel_cell" VALUES (485208, 4, 49208, 4, 50);
INSERT INTO "m_member_love_panel_cell" VALUES (491208, 0, 50208, 1, 10);
INSERT INTO "m_member_love_panel_cell" VALUES (492208, 1, 50208, 3, 10);
INSERT INTO "m_member_love_panel_cell" VALUES (493208, 2, 50208, 2, 10);
INSERT INTO "m_member_love_panel_cell" VALUES (494208, 3, 50208, 7, 20);
INSERT INTO "m_member_love_panel_cell" VALUES (495208, 4, 50208, 5, 500);
-- placeholder source content or we don't need this, for what tho?
INSERT INTO "m_member_love_panel_cell_source_content" VALUES (321208, 1002701, 10, 0, 69);
INSERT INTO "m_member_love_panel_cell_source_content" VALUES (322208, 1002702, 10, 0, 69);
INSERT INTO "m_member_love_panel_cell_source_content" VALUES (323208, 1002703, 10, 0, 69);
INSERT INTO "m_member_love_panel_cell_source_content" VALUES (324208, 1002704, 10, 0, 69);
INSERT INTO "m_member_love_panel_cell_source_content" VALUES (325208, 1002705, 10, 0, 69);
INSERT INTO "m_member_love_panel_cell_source_content" VALUES (331208, 1002701, 10, 0, 69);
INSERT INTO "m_member_love_panel_cell_source_content" VALUES (332208, 1002702, 10, 0, 69);
INSERT INTO "m_member_love_panel_cell_source_content" VALUES (333208, 1002703, 10, 0, 69);
INSERT INTO "m_member_love_panel_cell_source_content" VALUES (334208, 1002704, 10, 0, 69);
INSERT INTO "m_member_love_panel_cell_source_content" VALUES (335208, 1002705, 10, 0, 69);
INSERT INTO "m_member_love_panel_cell_source_content" VALUES (341208, 1002701, 10, 0, 69);
INSERT INTO "m_member_love_panel_cell_source_content" VALUES (342208, 1002702, 10, 0, 69);
INSERT INTO "m_member_love_panel_cell_source_content" VALUES (343208, 1002703, 10, 0, 69);
INSERT INTO "m_member_love_panel_cell_source_content" VALUES (344208, 1002704, 10, 0, 69);
INSERT INTO "m_member_love_panel_cell_source_content" VALUES (345208, 1002705, 10, 0, 69);
INSERT INTO "m_member_love_panel_cell_source_content" VALUES (351208, 1002701, 10, 0, 69);
INSERT INTO "m_member_love_panel_cell_source_content" VALUES (352208, 1002702, 10, 0, 69);
INSERT INTO "m_member_love_panel_cell_source_content" VALUES (353208, 1002703, 10, 0, 69);
INSERT INTO "m_member_love_panel_cell_source_content" VALUES (354208, 1002704, 10, 0, 69);
INSERT INTO "m_member_love_panel_cell_source_content" VALUES (355208, 1002705, 10, 0, 69);
INSERT INTO "m_member_love_panel_cell_source_content" VALUES (361208, 1002701, 10, 0, 69);
INSERT INTO "m_member_love_panel_cell_source_content" VALUES (362208, 1002702, 10, 0, 69);
INSERT INTO "m_member_love_panel_cell_source_content" VALUES (363208, 1002703, 10, 0, 69);
INSERT INTO "m_member_love_panel_cell_source_content" VALUES (364208, 1002704, 10, 0, 69);
INSERT INTO "m_member_love_panel_cell_source_content" VALUES (365208, 1002705, 10, 0, 69);
INSERT INTO "m_member_love_panel_cell_source_content" VALUES (371208, 1002701, 10, 0, 69);
INSERT INTO "m_member_love_panel_cell_source_content" VALUES (372208, 1002702, 10, 0, 69);
INSERT INTO "m_member_love_panel_cell_source_content" VALUES (373208, 1002703, 10, 0, 69);
INSERT INTO "m_member_love_panel_cell_source_content" VALUES (374208, 1002704, 10, 0, 69);
INSERT INTO "m_member_love_panel_cell_source_content" VALUES (375208, 1002705, 10, 0, 69);
INSERT INTO "m_member_love_panel_cell_source_content" VALUES (381208, 1002701, 10, 0, 69);
INSERT INTO "m_member_love_panel_cell_source_content" VALUES (382208, 1002702, 10, 0, 69);
INSERT INTO "m_member_love_panel_cell_source_content" VALUES (383208, 1002703, 10, 0, 69);
INSERT INTO "m_member_love_panel_cell_source_content" VALUES (384208, 1002704, 10, 0, 69);
INSERT INTO "m_member_love_panel_cell_source_content" VALUES (385208, 1002705, 10, 0, 69);
INSERT INTO "m_member_love_panel_cell_source_content" VALUES (391208, 1002701, 10, 0, 69);
INSERT INTO "m_member_love_panel_cell_source_content" VALUES (392208, 1002702, 10, 0, 69);
INSERT INTO "m_member_love_panel_cell_source_content" VALUES (393208, 1002703, 10, 0, 69);
INSERT INTO "m_member_love_panel_cell_source_content" VALUES (394208, 1002704, 10, 0, 69);
INSERT INTO "m_member_love_panel_cell_source_content" VALUES (395208, 1002705, 10, 0, 69);
INSERT INTO "m_member_love_panel_cell_source_content" VALUES (401208, 1002701, 10, 0, 69);
INSERT INTO "m_member_love_panel_cell_source_content" VALUES (402208, 1002702, 10, 0, 69);
INSERT INTO "m_member_love_panel_cell_source_content" VALUES (403208, 1002703, 10, 0, 69);
INSERT INTO "m_member_love_panel_cell_source_content" VALUES (404208, 1002704, 10, 0, 69);
INSERT INTO "m_member_love_panel_cell_source_content" VALUES (405208, 1002705, 10, 0, 69);
INSERT INTO "m_member_love_panel_cell_source_content" VALUES (411208, 1002701, 10, 0, 69);
INSERT INTO "m_member_love_panel_cell_source_content" VALUES (412208, 1002702, 10, 0, 69);
INSERT INTO "m_member_love_panel_cell_source_content" VALUES (413208, 1002703, 10, 0, 69);
INSERT INTO "m_member_love_panel_cell_source_content" VALUES (414208, 1002704, 10, 0, 69);
INSERT INTO "m_member_love_panel_cell_source_content" VALUES (415208, 1002705, 10, 0, 69);
INSERT INTO "m_member_love_panel_cell_source_content" VALUES (421208, 1002701, 10, 0, 69);
INSERT INTO "m_member_love_panel_cell_source_content" VALUES (422208, 1002702, 10, 0, 69);
INSERT INTO "m_member_love_panel_cell_source_content" VALUES (423208, 1002703, 10, 0, 69);
INSERT INTO "m_member_love_panel_cell_source_content" VALUES (424208, 1002704, 10, 0, 69);
INSERT INTO "m_member_love_panel_cell_source_content" VALUES (425208, 1002705, 10, 0, 69);
INSERT INTO "m_member_love_panel_cell_source_content" VALUES (431208, 1002701, 10, 0, 69);
INSERT INTO "m_member_love_panel_cell_source_content" VALUES (432208, 1002702, 10, 0, 69);
INSERT INTO "m_member_love_panel_cell_source_content" VALUES (433208, 1002703, 10, 0, 69);
INSERT INTO "m_member_love_panel_cell_source_content" VALUES (434208, 1002704, 10, 0, 69);
INSERT INTO "m_member_love_panel_cell_source_content" VALUES (435208, 1002705, 10, 0, 69);
INSERT INTO "m_member_love_panel_cell_source_content" VALUES (441208, 1002701, 10, 0, 69);
INSERT INTO "m_member_love_panel_cell_source_content" VALUES (442208, 1002702, 10, 0, 69);
INSERT INTO "m_member_love_panel_cell_source_content" VALUES (443208, 1002703, 10, 0, 69);
INSERT INTO "m_member_love_panel_cell_source_content" VALUES (444208, 1002704, 10, 0, 69);
INSERT INTO "m_member_love_panel_cell_source_content" VALUES (445208, 1002705, 10, 0, 69);
INSERT INTO "m_member_love_panel_cell_source_content" VALUES (451208, 1002701, 10, 0, 69);
INSERT INTO "m_member_love_panel_cell_source_content" VALUES (452208, 1002702, 10, 0, 69);
INSERT INTO "m_member_love_panel_cell_source_content" VALUES (453208, 1002703, 10, 0, 69);
INSERT INTO "m_member_love_panel_cell_source_content" VALUES (454208, 1002704, 10, 0, 69);
INSERT INTO "m_member_love_panel_cell_source_content" VALUES (455208, 1002705, 10, 0, 69);
INSERT INTO "m_member_love_panel_cell_source_content" VALUES (461208, 1002701, 10, 0, 69);
INSERT INTO "m_member_love_panel_cell_source_content" VALUES (462208, 1002702, 10, 0, 69);
INSERT INTO "m_member_love_panel_cell_source_content" VALUES (463208, 1002703, 10, 0, 69);
INSERT INTO "m_member_love_panel_cell_source_content" VALUES (464208, 1002704, 10, 0, 69);
INSERT INTO "m_member_love_panel_cell_source_content" VALUES (465208, 1002705, 10, 0, 69);
INSERT INTO "m_member_love_panel_cell_source_content" VALUES (471208, 1002701, 10, 0, 69);
INSERT INTO "m_member_love_panel_cell_source_content" VALUES (472208, 1002702, 10, 0, 69);
INSERT INTO "m_member_love_panel_cell_source_content" VALUES (473208, 1002703, 10, 0, 69);
INSERT INTO "m_member_love_panel_cell_source_content" VALUES (474208, 1002704, 10, 0, 69);
INSERT INTO "m_member_love_panel_cell_source_content" VALUES (475208, 1002705, 10, 0, 69);
INSERT INTO "m_member_love_panel_cell_source_content" VALUES (481208, 1002701, 10, 0, 69);
INSERT INTO "m_member_love_panel_cell_source_content" VALUES (482208, 1002702, 10, 0, 69);
INSERT INTO "m_member_love_panel_cell_source_content" VALUES (483208, 1002703, 10, 0, 69);
INSERT INTO "m_member_love_panel_cell_source_content" VALUES (484208, 1002704, 10, 0, 69);
INSERT INTO "m_member_love_panel_cell_source_content" VALUES (485208, 1002705, 10, 0, 69);
INSERT INTO "m_member_love_panel_cell_source_content" VALUES (491208, 1002701, 10, 0, 69);
INSERT INTO "m_member_love_panel_cell_source_content" VALUES (492208, 1002702, 10, 0, 69);
INSERT INTO "m_member_love_panel_cell_source_content" VALUES (493208, 1002703, 10, 0, 69);
INSERT INTO "m_member_love_panel_cell_source_content" VALUES (494208, 1002704, 10, 0, 69);
INSERT INTO "m_member_love_panel_cell_source_content" VALUES (495208, 1002705, 10, 0, 69);
-- add missing reward love panel
-- GPT need: loop create copy, find "001" and replace all [002 - 009, 101 - 109, 201 - 212]
INSERT INTO "m_member_love_panel" VALUES (33209,420,1);
INSERT INTO "m_member_love_panel" VALUES (34209,440,1);
INSERT INTO "m_member_love_panel" VALUES (35209,460,1);
INSERT INTO "m_member_love_panel" VALUES (36209,480,1);
INSERT INTO "m_member_love_panel" VALUES (37209,500,1);
INSERT INTO "m_member_love_panel" VALUES (38209,520,1);
INSERT INTO "m_member_love_panel" VALUES (39209,540,1);
INSERT INTO "m_member_love_panel" VALUES (40209,560,1);
INSERT INTO "m_member_love_panel" VALUES (41209,580,1);
INSERT INTO "m_member_love_panel" VALUES (42209,600,1);
INSERT INTO "m_member_love_panel" VALUES (43209,620,1);
INSERT INTO "m_member_love_panel" VALUES (44209,640,1);
INSERT INTO "m_member_love_panel" VALUES (45209,660,1);
INSERT INTO "m_member_love_panel" VALUES (46209,680,1);
INSERT INTO "m_member_love_panel" VALUES (47209,700,1);
INSERT INTO "m_member_love_panel" VALUES (48209,720,1);
INSERT INTO "m_member_love_panel" VALUES (49209,740,1);
INSERT INTO "m_member_love_panel" VALUES (50209,760,1);
INSERT INTO "m_member_love_panel_bonus" VALUES (33209,3,100);
INSERT INTO "m_member_love_panel_bonus" VALUES (34209,7,100);
INSERT INTO "m_member_love_panel_bonus" VALUES (35209,6,200);
INSERT INTO "m_member_love_panel_bonus" VALUES (36209,4,100);
INSERT INTO "m_member_love_panel_bonus" VALUES (37209,5,2000);
INSERT INTO "m_member_love_panel_bonus" VALUES (38209,12,500);
INSERT INTO "m_member_love_panel_bonus" VALUES (39209,7,100);
INSERT INTO "m_member_love_panel_bonus" VALUES (40209,13,6);
INSERT INTO "m_member_love_panel_bonus" VALUES (40209,14,4);
INSERT INTO "m_member_love_panel_bonus" VALUES (40209,15,2);
INSERT INTO "m_member_love_panel_bonus" VALUES (41209,1,100);
INSERT INTO "m_member_love_panel_bonus" VALUES (42209,2,100);
INSERT INTO "m_member_love_panel_bonus" VALUES (43209,3,100);
INSERT INTO "m_member_love_panel_bonus" VALUES (44209,7,100);
INSERT INTO "m_member_love_panel_bonus" VALUES (45209,6,200);
INSERT INTO "m_member_love_panel_bonus" VALUES (46209,4,100);
INSERT INTO "m_member_love_panel_bonus" VALUES (47209,5,2000);
INSERT INTO "m_member_love_panel_bonus" VALUES (48209,12,500);
INSERT INTO "m_member_love_panel_bonus" VALUES (49209,7,100);
INSERT INTO "m_member_love_panel_bonus" VALUES (50209,13,6);
INSERT INTO "m_member_love_panel_bonus" VALUES (50209,14,4);
INSERT INTO "m_member_love_panel_bonus" VALUES (50209,15,2);
--
INSERT INTO "m_member_love_panel_cell" VALUES (321209, 0, 33209, 1, 10);
INSERT INTO "m_member_love_panel_cell" VALUES (322209, 1, 33209, 3, 10);
INSERT INTO "m_member_love_panel_cell" VALUES (323209, 2, 33209, 2, 10);
INSERT INTO "m_member_love_panel_cell" VALUES (324209, 3, 33209, 7, 20);
INSERT INTO "m_member_love_panel_cell" VALUES (325209, 4, 33209, 12, 250);
INSERT INTO "m_member_love_panel_cell" VALUES (331209, 0, 34209, 1, 10);
INSERT INTO "m_member_love_panel_cell" VALUES (332209, 1, 34209, 3, 10);
INSERT INTO "m_member_love_panel_cell" VALUES (333209, 2, 34209, 2, 10);
INSERT INTO "m_member_love_panel_cell" VALUES (334209, 3, 34209, 10, 50);
INSERT INTO "m_member_love_panel_cell" VALUES (335209, 4, 34209, 14, 4);
INSERT INTO "m_member_love_panel_cell" VALUES (341209, 0, 35209, 1, 10);
INSERT INTO "m_member_love_panel_cell" VALUES (342209, 1, 35209, 3, 10);
INSERT INTO "m_member_love_panel_cell" VALUES (343209, 2, 35209, 2, 10);
INSERT INTO "m_member_love_panel_cell" VALUES (344209, 3, 35209, 5, 500);
INSERT INTO "m_member_love_panel_cell" VALUES (345209, 4, 35209, 7, 20);
INSERT INTO "m_member_love_panel_cell" VALUES (351209, 0, 36209, 1, 10);
INSERT INTO "m_member_love_panel_cell" VALUES (352209, 1, 36209, 3, 10);
INSERT INTO "m_member_love_panel_cell" VALUES (353209, 2, 36209, 2, 10);
INSERT INTO "m_member_love_panel_cell" VALUES (354209, 3, 36209, 6, 50);
INSERT INTO "m_member_love_panel_cell" VALUES (355209, 4, 36209, 11, 50);
INSERT INTO "m_member_love_panel_cell" VALUES (361209, 0, 37209, 1, 10);
INSERT INTO "m_member_love_panel_cell" VALUES (362209, 1, 37209, 3, 10);
INSERT INTO "m_member_love_panel_cell" VALUES (363209, 2, 37209, 2, 10);
INSERT INTO "m_member_love_panel_cell" VALUES (364209, 3, 37209, 4, 50);
INSERT INTO "m_member_love_panel_cell" VALUES (365209, 4, 37209, 15, 2);
INSERT INTO "m_member_love_panel_cell" VALUES (371209, 0, 38209, 1, 10);
INSERT INTO "m_member_love_panel_cell" VALUES (372209, 1, 38209, 3, 10);
INSERT INTO "m_member_love_panel_cell" VALUES (373209, 2, 33209, 2, 10);
INSERT INTO "m_member_love_panel_cell" VALUES (374209, 3, 38209, 6, 50);
INSERT INTO "m_member_love_panel_cell" VALUES (375209, 4, 38209, 9, 50);
INSERT INTO "m_member_love_panel_cell" VALUES (381209, 0, 39209, 1, 10);
INSERT INTO "m_member_love_panel_cell" VALUES (382209, 1, 39209, 3, 10);
INSERT INTO "m_member_love_panel_cell" VALUES (383209, 2, 39209, 2, 10);
INSERT INTO "m_member_love_panel_cell" VALUES (384209, 3, 39209, 8, 50);
INSERT INTO "m_member_love_panel_cell" VALUES (385209, 4, 39209, 4, 50);
INSERT INTO "m_member_love_panel_cell" VALUES (391209, 0, 40209, 1, 10);
INSERT INTO "m_member_love_panel_cell" VALUES (392209, 1, 40209, 3, 10);
INSERT INTO "m_member_love_panel_cell" VALUES (393209, 2, 40209, 2, 10);
INSERT INTO "m_member_love_panel_cell" VALUES (394209, 3, 40209, 7, 20);
INSERT INTO "m_member_love_panel_cell" VALUES (395209, 4, 40209, 5, 500);
--
INSERT INTO "m_member_love_panel_cell" VALUES (401209, 0, 41209, 1, 10);
INSERT INTO "m_member_love_panel_cell" VALUES (402209, 1, 41209, 3, 10);
INSERT INTO "m_member_love_panel_cell" VALUES (403209, 2, 41209, 2, 10);
INSERT INTO "m_member_love_panel_cell" VALUES (404209, 3, 41209, 4, 50);
INSERT INTO "m_member_love_panel_cell" VALUES (405209, 4, 41209, 6, 50);
INSERT INTO "m_member_love_panel_cell" VALUES (411209, 0, 42209, 1, 10);
INSERT INTO "m_member_love_panel_cell" VALUES (412209, 1, 42209, 3, 10);
INSERT INTO "m_member_love_panel_cell" VALUES (413209, 2, 42209, 2, 10);
INSERT INTO "m_member_love_panel_cell" VALUES (414209, 3, 42209, 5, 500);
INSERT INTO "m_member_love_panel_cell" VALUES (415209, 4, 42209, 13, 6);
INSERT INTO "m_member_love_panel_cell" VALUES (421209, 0, 43209, 1, 10);
INSERT INTO "m_member_love_panel_cell" VALUES (422209, 1, 43209, 3, 10);
INSERT INTO "m_member_love_panel_cell" VALUES (423209, 2, 43209, 2, 10);
INSERT INTO "m_member_love_panel_cell" VALUES (424209, 3, 43209, 7, 20);
INSERT INTO "m_member_love_panel_cell" VALUES (425209, 4, 43209, 12, 250);
INSERT INTO "m_member_love_panel_cell" VALUES (431209, 0, 44209, 1, 10);
INSERT INTO "m_member_love_panel_cell" VALUES (432209, 1, 44209, 3, 10);
INSERT INTO "m_member_love_panel_cell" VALUES (433209, 2, 44209, 2, 10);
INSERT INTO "m_member_love_panel_cell" VALUES (434209, 3, 44209, 10, 50);
INSERT INTO "m_member_love_panel_cell" VALUES (435209, 4, 44209, 14, 4);
INSERT INTO "m_member_love_panel_cell" VALUES (441209, 0, 45209, 1, 10);
INSERT INTO "m_member_love_panel_cell" VALUES (442209, 1, 45209, 3, 10);
INSERT INTO "m_member_love_panel_cell" VALUES (443209, 2, 45209, 2, 10);
INSERT INTO "m_member_love_panel_cell" VALUES (444209, 3, 45209, 5, 500);
INSERT INTO "m_member_love_panel_cell" VALUES (445209, 4, 45209, 7, 20);
INSERT INTO "m_member_love_panel_cell" VALUES (451209, 0, 46209, 1, 10);
INSERT INTO "m_member_love_panel_cell" VALUES (452209, 1, 46209, 3, 10);
INSERT INTO "m_member_love_panel_cell" VALUES (453209, 2, 46209, 2, 10);
INSERT INTO "m_member_love_panel_cell" VALUES (454209, 3, 46209, 6, 50);
INSERT INTO "m_member_love_panel_cell" VALUES (455209, 4, 46209, 11, 50);
INSERT INTO "m_member_love_panel_cell" VALUES (461209, 0, 47209, 1, 10);
INSERT INTO "m_member_love_panel_cell" VALUES (462209, 1, 47209, 3, 10);
INSERT INTO "m_member_love_panel_cell" VALUES (463209, 2, 47209, 2, 10);
INSERT INTO "m_member_love_panel_cell" VALUES (464209, 3, 47209, 4, 50);
INSERT INTO "m_member_love_panel_cell" VALUES (465209, 4, 47209, 15, 2);
INSERT INTO "m_member_love_panel_cell" VALUES (471209, 0, 48209, 1, 10);
INSERT INTO "m_member_love_panel_cell" VALUES (472209, 1, 48209, 3, 10);
INSERT INTO "m_member_love_panel_cell" VALUES (473209, 2, 43209, 2, 10);
INSERT INTO "m_member_love_panel_cell" VALUES (474209, 3, 48209, 6, 50);
INSERT INTO "m_member_love_panel_cell" VALUES (475209, 4, 48209, 9, 50);
INSERT INTO "m_member_love_panel_cell" VALUES (481209, 0, 49209, 1, 10);
INSERT INTO "m_member_love_panel_cell" VALUES (482209, 1, 49209, 3, 10);
INSERT INTO "m_member_love_panel_cell" VALUES (483209, 2, 49209, 2, 10);
INSERT INTO "m_member_love_panel_cell" VALUES (484209, 3, 49209, 8, 50);
INSERT INTO "m_member_love_panel_cell" VALUES (485209, 4, 49209, 4, 50);
INSERT INTO "m_member_love_panel_cell" VALUES (491209, 0, 50209, 1, 10);
INSERT INTO "m_member_love_panel_cell" VALUES (492209, 1, 50209, 3, 10);
INSERT INTO "m_member_love_panel_cell" VALUES (493209, 2, 50209, 2, 10);
INSERT INTO "m_member_love_panel_cell" VALUES (494209, 3, 50209, 7, 20);
INSERT INTO "m_member_love_panel_cell" VALUES (495209, 4, 50209, 5, 500);
-- placeholder source content or we don't need this, for what tho?
INSERT INTO "m_member_love_panel_cell_source_content" VALUES (321209, 1002701, 10, 0, 69);
INSERT INTO "m_member_love_panel_cell_source_content" VALUES (322209, 1002702, 10, 0, 69);
INSERT INTO "m_member_love_panel_cell_source_content" VALUES (323209, 1002703, 10, 0, 69);
INSERT INTO "m_member_love_panel_cell_source_content" VALUES (324209, 1002704, 10, 0, 69);
INSERT INTO "m_member_love_panel_cell_source_content" VALUES (325209, 1002705, 10, 0, 69);
INSERT INTO "m_member_love_panel_cell_source_content" VALUES (331209, 1002701, 10, 0, 69);
INSERT INTO "m_member_love_panel_cell_source_content" VALUES (332209, 1002702, 10, 0, 69);
INSERT INTO "m_member_love_panel_cell_source_content" VALUES (333209, 1002703, 10, 0, 69);
INSERT INTO "m_member_love_panel_cell_source_content" VALUES (334209, 1002704, 10, 0, 69);
INSERT INTO "m_member_love_panel_cell_source_content" VALUES (335209, 1002705, 10, 0, 69);
INSERT INTO "m_member_love_panel_cell_source_content" VALUES (341209, 1002701, 10, 0, 69);
INSERT INTO "m_member_love_panel_cell_source_content" VALUES (342209, 1002702, 10, 0, 69);
INSERT INTO "m_member_love_panel_cell_source_content" VALUES (343209, 1002703, 10, 0, 69);
INSERT INTO "m_member_love_panel_cell_source_content" VALUES (344209, 1002704, 10, 0, 69);
INSERT INTO "m_member_love_panel_cell_source_content" VALUES (345209, 1002705, 10, 0, 69);
INSERT INTO "m_member_love_panel_cell_source_content" VALUES (351209, 1002701, 10, 0, 69);
INSERT INTO "m_member_love_panel_cell_source_content" VALUES (352209, 1002702, 10, 0, 69);
INSERT INTO "m_member_love_panel_cell_source_content" VALUES (353209, 1002703, 10, 0, 69);
INSERT INTO "m_member_love_panel_cell_source_content" VALUES (354209, 1002704, 10, 0, 69);
INSERT INTO "m_member_love_panel_cell_source_content" VALUES (355209, 1002705, 10, 0, 69);
INSERT INTO "m_member_love_panel_cell_source_content" VALUES (361209, 1002701, 10, 0, 69);
INSERT INTO "m_member_love_panel_cell_source_content" VALUES (362209, 1002702, 10, 0, 69);
INSERT INTO "m_member_love_panel_cell_source_content" VALUES (363209, 1002703, 10, 0, 69);
INSERT INTO "m_member_love_panel_cell_source_content" VALUES (364209, 1002704, 10, 0, 69);
INSERT INTO "m_member_love_panel_cell_source_content" VALUES (365209, 1002705, 10, 0, 69);
INSERT INTO "m_member_love_panel_cell_source_content" VALUES (371209, 1002701, 10, 0, 69);
INSERT INTO "m_member_love_panel_cell_source_content" VALUES (372209, 1002702, 10, 0, 69);
INSERT INTO "m_member_love_panel_cell_source_content" VALUES (373209, 1002703, 10, 0, 69);
INSERT INTO "m_member_love_panel_cell_source_content" VALUES (374209, 1002704, 10, 0, 69);
INSERT INTO "m_member_love_panel_cell_source_content" VALUES (375209, 1002705, 10, 0, 69);
INSERT INTO "m_member_love_panel_cell_source_content" VALUES (381209, 1002701, 10, 0, 69);
INSERT INTO "m_member_love_panel_cell_source_content" VALUES (382209, 1002702, 10, 0, 69);
INSERT INTO "m_member_love_panel_cell_source_content" VALUES (383209, 1002703, 10, 0, 69);
INSERT INTO "m_member_love_panel_cell_source_content" VALUES (384209, 1002704, 10, 0, 69);
INSERT INTO "m_member_love_panel_cell_source_content" VALUES (385209, 1002705, 10, 0, 69);
INSERT INTO "m_member_love_panel_cell_source_content" VALUES (391209, 1002701, 10, 0, 69);
INSERT INTO "m_member_love_panel_cell_source_content" VALUES (392209, 1002702, 10, 0, 69);
INSERT INTO "m_member_love_panel_cell_source_content" VALUES (393209, 1002703, 10, 0, 69);
INSERT INTO "m_member_love_panel_cell_source_content" VALUES (394209, 1002704, 10, 0, 69);
INSERT INTO "m_member_love_panel_cell_source_content" VALUES (395209, 1002705, 10, 0, 69);
INSERT INTO "m_member_love_panel_cell_source_content" VALUES (401209, 1002701, 10, 0, 69);
INSERT INTO "m_member_love_panel_cell_source_content" VALUES (402209, 1002702, 10, 0, 69);
INSERT INTO "m_member_love_panel_cell_source_content" VALUES (403209, 1002703, 10, 0, 69);
INSERT INTO "m_member_love_panel_cell_source_content" VALUES (404209, 1002704, 10, 0, 69);
INSERT INTO "m_member_love_panel_cell_source_content" VALUES (405209, 1002705, 10, 0, 69);
INSERT INTO "m_member_love_panel_cell_source_content" VALUES (411209, 1002701, 10, 0, 69);
INSERT INTO "m_member_love_panel_cell_source_content" VALUES (412209, 1002702, 10, 0, 69);
INSERT INTO "m_member_love_panel_cell_source_content" VALUES (413209, 1002703, 10, 0, 69);
INSERT INTO "m_member_love_panel_cell_source_content" VALUES (414209, 1002704, 10, 0, 69);
INSERT INTO "m_member_love_panel_cell_source_content" VALUES (415209, 1002705, 10, 0, 69);
INSERT INTO "m_member_love_panel_cell_source_content" VALUES (421209, 1002701, 10, 0, 69);
INSERT INTO "m_member_love_panel_cell_source_content" VALUES (422209, 1002702, 10, 0, 69);
INSERT INTO "m_member_love_panel_cell_source_content" VALUES (423209, 1002703, 10, 0, 69);
INSERT INTO "m_member_love_panel_cell_source_content" VALUES (424209, 1002704, 10, 0, 69);
INSERT INTO "m_member_love_panel_cell_source_content" VALUES (425209, 1002705, 10, 0, 69);
INSERT INTO "m_member_love_panel_cell_source_content" VALUES (431209, 1002701, 10, 0, 69);
INSERT INTO "m_member_love_panel_cell_source_content" VALUES (432209, 1002702, 10, 0, 69);
INSERT INTO "m_member_love_panel_cell_source_content" VALUES (433209, 1002703, 10, 0, 69);
INSERT INTO "m_member_love_panel_cell_source_content" VALUES (434209, 1002704, 10, 0, 69);
INSERT INTO "m_member_love_panel_cell_source_content" VALUES (435209, 1002705, 10, 0, 69);
INSERT INTO "m_member_love_panel_cell_source_content" VALUES (441209, 1002701, 10, 0, 69);
INSERT INTO "m_member_love_panel_cell_source_content" VALUES (442209, 1002702, 10, 0, 69);
INSERT INTO "m_member_love_panel_cell_source_content" VALUES (443209, 1002703, 10, 0, 69);
INSERT INTO "m_member_love_panel_cell_source_content" VALUES (444209, 1002704, 10, 0, 69);
INSERT INTO "m_member_love_panel_cell_source_content" VALUES (445209, 1002705, 10, 0, 69);
INSERT INTO "m_member_love_panel_cell_source_content" VALUES (451209, 1002701, 10, 0, 69);
INSERT INTO "m_member_love_panel_cell_source_content" VALUES (452209, 1002702, 10, 0, 69);
INSERT INTO "m_member_love_panel_cell_source_content" VALUES (453209, 1002703, 10, 0, 69);
INSERT INTO "m_member_love_panel_cell_source_content" VALUES (454209, 1002704, 10, 0, 69);
INSERT INTO "m_member_love_panel_cell_source_content" VALUES (455209, 1002705, 10, 0, 69);
INSERT INTO "m_member_love_panel_cell_source_content" VALUES (461209, 1002701, 10, 0, 69);
INSERT INTO "m_member_love_panel_cell_source_content" VALUES (462209, 1002702, 10, 0, 69);
INSERT INTO "m_member_love_panel_cell_source_content" VALUES (463209, 1002703, 10, 0, 69);
INSERT INTO "m_member_love_panel_cell_source_content" VALUES (464209, 1002704, 10, 0, 69);
INSERT INTO "m_member_love_panel_cell_source_content" VALUES (465209, 1002705, 10, 0, 69);
INSERT INTO "m_member_love_panel_cell_source_content" VALUES (471209, 1002701, 10, 0, 69);
INSERT INTO "m_member_love_panel_cell_source_content" VALUES (472209, 1002702, 10, 0, 69);
INSERT INTO "m_member_love_panel_cell_source_content" VALUES (473209, 1002703, 10, 0, 69);
INSERT INTO "m_member_love_panel_cell_source_content" VALUES (474209, 1002704, 10, 0, 69);
INSERT INTO "m_member_love_panel_cell_source_content" VALUES (475209, 1002705, 10, 0, 69);
INSERT INTO "m_member_love_panel_cell_source_content" VALUES (481209, 1002701, 10, 0, 69);
INSERT INTO "m_member_love_panel_cell_source_content" VALUES (482209, 1002702, 10, 0, 69);
INSERT INTO "m_member_love_panel_cell_source_content" VALUES (483209, 1002703, 10, 0, 69);
INSERT INTO "m_member_love_panel_cell_source_content" VALUES (484209, 1002704, 10, 0, 69);
INSERT INTO "m_member_love_panel_cell_source_content" VALUES (485209, 1002705, 10, 0, 69);
INSERT INTO "m_member_love_panel_cell_source_content" VALUES (491209, 1002701, 10, 0, 69);
INSERT INTO "m_member_love_panel_cell_source_content" VALUES (492209, 1002702, 10, 0, 69);
INSERT INTO "m_member_love_panel_cell_source_content" VALUES (493209, 1002703, 10, 0, 69);
INSERT INTO "m_member_love_panel_cell_source_content" VALUES (494209, 1002704, 10, 0, 69);
INSERT INTO "m_member_love_panel_cell_source_content" VALUES (495209, 1002705, 10, 0, 69);
-- add missing reward love panel
-- GPT need: loop create copy, find "001" and replace all [002 - 009, 101 - 109, 201 - 212]
INSERT INTO "m_member_love_panel" VALUES (33210,420,1);
INSERT INTO "m_member_love_panel" VALUES (34210,440,1);
INSERT INTO "m_member_love_panel" VALUES (35210,460,1);
INSERT INTO "m_member_love_panel" VALUES (36210,480,1);
INSERT INTO "m_member_love_panel" VALUES (37210,500,1);
INSERT INTO "m_member_love_panel" VALUES (38210,520,1);
INSERT INTO "m_member_love_panel" VALUES (39210,540,1);
INSERT INTO "m_member_love_panel" VALUES (40210,560,1);
INSERT INTO "m_member_love_panel" VALUES (41210,580,1);
INSERT INTO "m_member_love_panel" VALUES (42210,600,1);
INSERT INTO "m_member_love_panel" VALUES (43210,620,1);
INSERT INTO "m_member_love_panel" VALUES (44210,640,1);
INSERT INTO "m_member_love_panel" VALUES (45210,660,1);
INSERT INTO "m_member_love_panel" VALUES (46210,680,1);
INSERT INTO "m_member_love_panel" VALUES (47210,700,1);
INSERT INTO "m_member_love_panel" VALUES (48210,720,1);
INSERT INTO "m_member_love_panel" VALUES (49210,740,1);
INSERT INTO "m_member_love_panel" VALUES (50210,760,1);
INSERT INTO "m_member_love_panel_bonus" VALUES (33210,3,100);
INSERT INTO "m_member_love_panel_bonus" VALUES (34210,7,100);
INSERT INTO "m_member_love_panel_bonus" VALUES (35210,6,200);
INSERT INTO "m_member_love_panel_bonus" VALUES (36210,4,100);
INSERT INTO "m_member_love_panel_bonus" VALUES (37210,5,2000);
INSERT INTO "m_member_love_panel_bonus" VALUES (38210,12,500);
INSERT INTO "m_member_love_panel_bonus" VALUES (39210,7,100);
INSERT INTO "m_member_love_panel_bonus" VALUES (40210,13,6);
INSERT INTO "m_member_love_panel_bonus" VALUES (40210,14,4);
INSERT INTO "m_member_love_panel_bonus" VALUES (40210,15,2);
INSERT INTO "m_member_love_panel_bonus" VALUES (41210,1,100);
INSERT INTO "m_member_love_panel_bonus" VALUES (42210,2,100);
INSERT INTO "m_member_love_panel_bonus" VALUES (43210,3,100);
INSERT INTO "m_member_love_panel_bonus" VALUES (44210,7,100);
INSERT INTO "m_member_love_panel_bonus" VALUES (45210,6,200);
INSERT INTO "m_member_love_panel_bonus" VALUES (46210,4,100);
INSERT INTO "m_member_love_panel_bonus" VALUES (47210,5,2000);
INSERT INTO "m_member_love_panel_bonus" VALUES (48210,12,500);
INSERT INTO "m_member_love_panel_bonus" VALUES (49210,7,100);
INSERT INTO "m_member_love_panel_bonus" VALUES (50210,13,6);
INSERT INTO "m_member_love_panel_bonus" VALUES (50210,14,4);
INSERT INTO "m_member_love_panel_bonus" VALUES (50210,15,2);
--
INSERT INTO "m_member_love_panel_cell" VALUES (321210, 0, 33210, 1, 10);
INSERT INTO "m_member_love_panel_cell" VALUES (322210, 1, 33210, 3, 10);
INSERT INTO "m_member_love_panel_cell" VALUES (323210, 2, 33210, 2, 10);
INSERT INTO "m_member_love_panel_cell" VALUES (324210, 3, 33210, 7, 20);
INSERT INTO "m_member_love_panel_cell" VALUES (325210, 4, 33210, 12, 250);
INSERT INTO "m_member_love_panel_cell" VALUES (331210, 0, 34210, 1, 10);
INSERT INTO "m_member_love_panel_cell" VALUES (332210, 1, 34210, 3, 10);
INSERT INTO "m_member_love_panel_cell" VALUES (333210, 2, 34210, 2, 10);
INSERT INTO "m_member_love_panel_cell" VALUES (334210, 3, 34210, 10, 50);
INSERT INTO "m_member_love_panel_cell" VALUES (335210, 4, 34210, 14, 4);
INSERT INTO "m_member_love_panel_cell" VALUES (341210, 0, 35210, 1, 10);
INSERT INTO "m_member_love_panel_cell" VALUES (342210, 1, 35210, 3, 10);
INSERT INTO "m_member_love_panel_cell" VALUES (343210, 2, 35210, 2, 10);
INSERT INTO "m_member_love_panel_cell" VALUES (344210, 3, 35210, 5, 500);
INSERT INTO "m_member_love_panel_cell" VALUES (345210, 4, 35210, 7, 20);
INSERT INTO "m_member_love_panel_cell" VALUES (351210, 0, 36210, 1, 10);
INSERT INTO "m_member_love_panel_cell" VALUES (352210, 1, 36210, 3, 10);
INSERT INTO "m_member_love_panel_cell" VALUES (353210, 2, 36210, 2, 10);
INSERT INTO "m_member_love_panel_cell" VALUES (354210, 3, 36210, 6, 50);
INSERT INTO "m_member_love_panel_cell" VALUES (355210, 4, 36210, 11, 50);
INSERT INTO "m_member_love_panel_cell" VALUES (361210, 0, 37210, 1, 10);
INSERT INTO "m_member_love_panel_cell" VALUES (362210, 1, 37210, 3, 10);
INSERT INTO "m_member_love_panel_cell" VALUES (363210, 2, 37210, 2, 10);
INSERT INTO "m_member_love_panel_cell" VALUES (364210, 3, 37210, 4, 50);
INSERT INTO "m_member_love_panel_cell" VALUES (365210, 4, 37210, 15, 2);
INSERT INTO "m_member_love_panel_cell" VALUES (371210, 0, 38210, 1, 10);
INSERT INTO "m_member_love_panel_cell" VALUES (372210, 1, 38210, 3, 10);
INSERT INTO "m_member_love_panel_cell" VALUES (373210, 2, 33210, 2, 10);
INSERT INTO "m_member_love_panel_cell" VALUES (374210, 3, 38210, 6, 50);
INSERT INTO "m_member_love_panel_cell" VALUES (375210, 4, 38210, 9, 50);
INSERT INTO "m_member_love_panel_cell" VALUES (381210, 0, 39210, 1, 10);
INSERT INTO "m_member_love_panel_cell" VALUES (382210, 1, 39210, 3, 10);
INSERT INTO "m_member_love_panel_cell" VALUES (383210, 2, 39210, 2, 10);
INSERT INTO "m_member_love_panel_cell" VALUES (384210, 3, 39210, 8, 50);
INSERT INTO "m_member_love_panel_cell" VALUES (385210, 4, 39210, 4, 50);
INSERT INTO "m_member_love_panel_cell" VALUES (391210, 0, 40210, 1, 10);
INSERT INTO "m_member_love_panel_cell" VALUES (392210, 1, 40210, 3, 10);
INSERT INTO "m_member_love_panel_cell" VALUES (393210, 2, 40210, 2, 10);
INSERT INTO "m_member_love_panel_cell" VALUES (394210, 3, 40210, 7, 20);
INSERT INTO "m_member_love_panel_cell" VALUES (395210, 4, 40210, 5, 500);
--
INSERT INTO "m_member_love_panel_cell" VALUES (401210, 0, 41210, 1, 10);
INSERT INTO "m_member_love_panel_cell" VALUES (402210, 1, 41210, 3, 10);
INSERT INTO "m_member_love_panel_cell" VALUES (403210, 2, 41210, 2, 10);
INSERT INTO "m_member_love_panel_cell" VALUES (404210, 3, 41210, 4, 50);
INSERT INTO "m_member_love_panel_cell" VALUES (405210, 4, 41210, 6, 50);
INSERT INTO "m_member_love_panel_cell" VALUES (411210, 0, 42210, 1, 10);
INSERT INTO "m_member_love_panel_cell" VALUES (412210, 1, 42210, 3, 10);
INSERT INTO "m_member_love_panel_cell" VALUES (413210, 2, 42210, 2, 10);
INSERT INTO "m_member_love_panel_cell" VALUES (414210, 3, 42210, 5, 500);
INSERT INTO "m_member_love_panel_cell" VALUES (415210, 4, 42210, 13, 6);
INSERT INTO "m_member_love_panel_cell" VALUES (421210, 0, 43210, 1, 10);
INSERT INTO "m_member_love_panel_cell" VALUES (422210, 1, 43210, 3, 10);
INSERT INTO "m_member_love_panel_cell" VALUES (423210, 2, 43210, 2, 10);
INSERT INTO "m_member_love_panel_cell" VALUES (424210, 3, 43210, 7, 20);
INSERT INTO "m_member_love_panel_cell" VALUES (425210, 4, 43210, 12, 250);
INSERT INTO "m_member_love_panel_cell" VALUES (431210, 0, 44210, 1, 10);
INSERT INTO "m_member_love_panel_cell" VALUES (432210, 1, 44210, 3, 10);
INSERT INTO "m_member_love_panel_cell" VALUES (433210, 2, 44210, 2, 10);
INSERT INTO "m_member_love_panel_cell" VALUES (434210, 3, 44210, 10, 50);
INSERT INTO "m_member_love_panel_cell" VALUES (435210, 4, 44210, 14, 4);
INSERT INTO "m_member_love_panel_cell" VALUES (441210, 0, 45210, 1, 10);
INSERT INTO "m_member_love_panel_cell" VALUES (442210, 1, 45210, 3, 10);
INSERT INTO "m_member_love_panel_cell" VALUES (443210, 2, 45210, 2, 10);
INSERT INTO "m_member_love_panel_cell" VALUES (444210, 3, 45210, 5, 500);
INSERT INTO "m_member_love_panel_cell" VALUES (445210, 4, 45210, 7, 20);
INSERT INTO "m_member_love_panel_cell" VALUES (451210, 0, 46210, 1, 10);
INSERT INTO "m_member_love_panel_cell" VALUES (452210, 1, 46210, 3, 10);
INSERT INTO "m_member_love_panel_cell" VALUES (453210, 2, 46210, 2, 10);
INSERT INTO "m_member_love_panel_cell" VALUES (454210, 3, 46210, 6, 50);
INSERT INTO "m_member_love_panel_cell" VALUES (455210, 4, 46210, 11, 50);
INSERT INTO "m_member_love_panel_cell" VALUES (461210, 0, 47210, 1, 10);
INSERT INTO "m_member_love_panel_cell" VALUES (462210, 1, 47210, 3, 10);
INSERT INTO "m_member_love_panel_cell" VALUES (463210, 2, 47210, 2, 10);
INSERT INTO "m_member_love_panel_cell" VALUES (464210, 3, 47210, 4, 50);
INSERT INTO "m_member_love_panel_cell" VALUES (465210, 4, 47210, 15, 2);
INSERT INTO "m_member_love_panel_cell" VALUES (471210, 0, 48210, 1, 10);
INSERT INTO "m_member_love_panel_cell" VALUES (472210, 1, 48210, 3, 10);
INSERT INTO "m_member_love_panel_cell" VALUES (473210, 2, 43210, 2, 10);
INSERT INTO "m_member_love_panel_cell" VALUES (474210, 3, 48210, 6, 50);
INSERT INTO "m_member_love_panel_cell" VALUES (475210, 4, 48210, 9, 50);
INSERT INTO "m_member_love_panel_cell" VALUES (481210, 0, 49210, 1, 10);
INSERT INTO "m_member_love_panel_cell" VALUES (482210, 1, 49210, 3, 10);
INSERT INTO "m_member_love_panel_cell" VALUES (483210, 2, 49210, 2, 10);
INSERT INTO "m_member_love_panel_cell" VALUES (484210, 3, 49210, 8, 50);
INSERT INTO "m_member_love_panel_cell" VALUES (485210, 4, 49210, 4, 50);
INSERT INTO "m_member_love_panel_cell" VALUES (491210, 0, 50210, 1, 10);
INSERT INTO "m_member_love_panel_cell" VALUES (492210, 1, 50210, 3, 10);
INSERT INTO "m_member_love_panel_cell" VALUES (493210, 2, 50210, 2, 10);
INSERT INTO "m_member_love_panel_cell" VALUES (494210, 3, 50210, 7, 20);
INSERT INTO "m_member_love_panel_cell" VALUES (495210, 4, 50210, 5, 500);
-- placeholder source content or we don't need this, for what tho?
INSERT INTO "m_member_love_panel_cell_source_content" VALUES (321210, 1002701, 10, 0, 69);
INSERT INTO "m_member_love_panel_cell_source_content" VALUES (322210, 1002702, 10, 0, 69);
INSERT INTO "m_member_love_panel_cell_source_content" VALUES (323210, 1002703, 10, 0, 69);
INSERT INTO "m_member_love_panel_cell_source_content" VALUES (324210, 1002704, 10, 0, 69);
INSERT INTO "m_member_love_panel_cell_source_content" VALUES (325210, 1002705, 10, 0, 69);
INSERT INTO "m_member_love_panel_cell_source_content" VALUES (331210, 1002701, 10, 0, 69);
INSERT INTO "m_member_love_panel_cell_source_content" VALUES (332210, 1002702, 10, 0, 69);
INSERT INTO "m_member_love_panel_cell_source_content" VALUES (333210, 1002703, 10, 0, 69);
INSERT INTO "m_member_love_panel_cell_source_content" VALUES (334210, 1002704, 10, 0, 69);
INSERT INTO "m_member_love_panel_cell_source_content" VALUES (335210, 1002705, 10, 0, 69);
INSERT INTO "m_member_love_panel_cell_source_content" VALUES (341210, 1002701, 10, 0, 69);
INSERT INTO "m_member_love_panel_cell_source_content" VALUES (342210, 1002702, 10, 0, 69);
INSERT INTO "m_member_love_panel_cell_source_content" VALUES (343210, 1002703, 10, 0, 69);
INSERT INTO "m_member_love_panel_cell_source_content" VALUES (344210, 1002704, 10, 0, 69);
INSERT INTO "m_member_love_panel_cell_source_content" VALUES (345210, 1002705, 10, 0, 69);
INSERT INTO "m_member_love_panel_cell_source_content" VALUES (351210, 1002701, 10, 0, 69);
INSERT INTO "m_member_love_panel_cell_source_content" VALUES (352210, 1002702, 10, 0, 69);
INSERT INTO "m_member_love_panel_cell_source_content" VALUES (353210, 1002703, 10, 0, 69);
INSERT INTO "m_member_love_panel_cell_source_content" VALUES (354210, 1002704, 10, 0, 69);
INSERT INTO "m_member_love_panel_cell_source_content" VALUES (355210, 1002705, 10, 0, 69);
INSERT INTO "m_member_love_panel_cell_source_content" VALUES (361210, 1002701, 10, 0, 69);
INSERT INTO "m_member_love_panel_cell_source_content" VALUES (362210, 1002702, 10, 0, 69);
INSERT INTO "m_member_love_panel_cell_source_content" VALUES (363210, 1002703, 10, 0, 69);
INSERT INTO "m_member_love_panel_cell_source_content" VALUES (364210, 1002704, 10, 0, 69);
INSERT INTO "m_member_love_panel_cell_source_content" VALUES (365210, 1002705, 10, 0, 69);
INSERT INTO "m_member_love_panel_cell_source_content" VALUES (371210, 1002701, 10, 0, 69);
INSERT INTO "m_member_love_panel_cell_source_content" VALUES (372210, 1002702, 10, 0, 69);
INSERT INTO "m_member_love_panel_cell_source_content" VALUES (373210, 1002703, 10, 0, 69);
INSERT INTO "m_member_love_panel_cell_source_content" VALUES (374210, 1002704, 10, 0, 69);
INSERT INTO "m_member_love_panel_cell_source_content" VALUES (375210, 1002705, 10, 0, 69);
INSERT INTO "m_member_love_panel_cell_source_content" VALUES (381210, 1002701, 10, 0, 69);
INSERT INTO "m_member_love_panel_cell_source_content" VALUES (382210, 1002702, 10, 0, 69);
INSERT INTO "m_member_love_panel_cell_source_content" VALUES (383210, 1002703, 10, 0, 69);
INSERT INTO "m_member_love_panel_cell_source_content" VALUES (384210, 1002704, 10, 0, 69);
INSERT INTO "m_member_love_panel_cell_source_content" VALUES (385210, 1002705, 10, 0, 69);
INSERT INTO "m_member_love_panel_cell_source_content" VALUES (391210, 1002701, 10, 0, 69);
INSERT INTO "m_member_love_panel_cell_source_content" VALUES (392210, 1002702, 10, 0, 69);
INSERT INTO "m_member_love_panel_cell_source_content" VALUES (393210, 1002703, 10, 0, 69);
INSERT INTO "m_member_love_panel_cell_source_content" VALUES (394210, 1002704, 10, 0, 69);
INSERT INTO "m_member_love_panel_cell_source_content" VALUES (395210, 1002705, 10, 0, 69);
INSERT INTO "m_member_love_panel_cell_source_content" VALUES (401210, 1002701, 10, 0, 69);
INSERT INTO "m_member_love_panel_cell_source_content" VALUES (402210, 1002702, 10, 0, 69);
INSERT INTO "m_member_love_panel_cell_source_content" VALUES (403210, 1002703, 10, 0, 69);
INSERT INTO "m_member_love_panel_cell_source_content" VALUES (404210, 1002704, 10, 0, 69);
INSERT INTO "m_member_love_panel_cell_source_content" VALUES (405210, 1002705, 10, 0, 69);
INSERT INTO "m_member_love_panel_cell_source_content" VALUES (411210, 1002701, 10, 0, 69);
INSERT INTO "m_member_love_panel_cell_source_content" VALUES (412210, 1002702, 10, 0, 69);
INSERT INTO "m_member_love_panel_cell_source_content" VALUES (413210, 1002703, 10, 0, 69);
INSERT INTO "m_member_love_panel_cell_source_content" VALUES (414210, 1002704, 10, 0, 69);
INSERT INTO "m_member_love_panel_cell_source_content" VALUES (415210, 1002705, 10, 0, 69);
INSERT INTO "m_member_love_panel_cell_source_content" VALUES (421210, 1002701, 10, 0, 69);
INSERT INTO "m_member_love_panel_cell_source_content" VALUES (422210, 1002702, 10, 0, 69);
INSERT INTO "m_member_love_panel_cell_source_content" VALUES (423210, 1002703, 10, 0, 69);
INSERT INTO "m_member_love_panel_cell_source_content" VALUES (424210, 1002704, 10, 0, 69);
INSERT INTO "m_member_love_panel_cell_source_content" VALUES (425210, 1002705, 10, 0, 69);
INSERT INTO "m_member_love_panel_cell_source_content" VALUES (431210, 1002701, 10, 0, 69);
INSERT INTO "m_member_love_panel_cell_source_content" VALUES (432210, 1002702, 10, 0, 69);
INSERT INTO "m_member_love_panel_cell_source_content" VALUES (433210, 1002703, 10, 0, 69);
INSERT INTO "m_member_love_panel_cell_source_content" VALUES (434210, 1002704, 10, 0, 69);
INSERT INTO "m_member_love_panel_cell_source_content" VALUES (435210, 1002705, 10, 0, 69);
INSERT INTO "m_member_love_panel_cell_source_content" VALUES (441210, 1002701, 10, 0, 69);
INSERT INTO "m_member_love_panel_cell_source_content" VALUES (442210, 1002702, 10, 0, 69);
INSERT INTO "m_member_love_panel_cell_source_content" VALUES (443210, 1002703, 10, 0, 69);
INSERT INTO "m_member_love_panel_cell_source_content" VALUES (444210, 1002704, 10, 0, 69);
INSERT INTO "m_member_love_panel_cell_source_content" VALUES (445210, 1002705, 10, 0, 69);
INSERT INTO "m_member_love_panel_cell_source_content" VALUES (451210, 1002701, 10, 0, 69);
INSERT INTO "m_member_love_panel_cell_source_content" VALUES (452210, 1002702, 10, 0, 69);
INSERT INTO "m_member_love_panel_cell_source_content" VALUES (453210, 1002703, 10, 0, 69);
INSERT INTO "m_member_love_panel_cell_source_content" VALUES (454210, 1002704, 10, 0, 69);
INSERT INTO "m_member_love_panel_cell_source_content" VALUES (455210, 1002705, 10, 0, 69);
INSERT INTO "m_member_love_panel_cell_source_content" VALUES (461210, 1002701, 10, 0, 69);
INSERT INTO "m_member_love_panel_cell_source_content" VALUES (462210, 1002702, 10, 0, 69);
INSERT INTO "m_member_love_panel_cell_source_content" VALUES (463210, 1002703, 10, 0, 69);
INSERT INTO "m_member_love_panel_cell_source_content" VALUES (464210, 1002704, 10, 0, 69);
INSERT INTO "m_member_love_panel_cell_source_content" VALUES (465210, 1002705, 10, 0, 69);
INSERT INTO "m_member_love_panel_cell_source_content" VALUES (471210, 1002701, 10, 0, 69);
INSERT INTO "m_member_love_panel_cell_source_content" VALUES (472210, 1002702, 10, 0, 69);
INSERT INTO "m_member_love_panel_cell_source_content" VALUES (473210, 1002703, 10, 0, 69);
INSERT INTO "m_member_love_panel_cell_source_content" VALUES (474210, 1002704, 10, 0, 69);
INSERT INTO "m_member_love_panel_cell_source_content" VALUES (475210, 1002705, 10, 0, 69);
INSERT INTO "m_member_love_panel_cell_source_content" VALUES (481210, 1002701, 10, 0, 69);
INSERT INTO "m_member_love_panel_cell_source_content" VALUES (482210, 1002702, 10, 0, 69);
INSERT INTO "m_member_love_panel_cell_source_content" VALUES (483210, 1002703, 10, 0, 69);
INSERT INTO "m_member_love_panel_cell_source_content" VALUES (484210, 1002704, 10, 0, 69);
INSERT INTO "m_member_love_panel_cell_source_content" VALUES (485210, 1002705, 10, 0, 69);
INSERT INTO "m_member_love_panel_cell_source_content" VALUES (491210, 1002701, 10, 0, 69);
INSERT INTO "m_member_love_panel_cell_source_content" VALUES (492210, 1002702, 10, 0, 69);
INSERT INTO "m_member_love_panel_cell_source_content" VALUES (493210, 1002703, 10, 0, 69);
INSERT INTO "m_member_love_panel_cell_source_content" VALUES (494210, 1002704, 10, 0, 69);
INSERT INTO "m_member_love_panel_cell_source_content" VALUES (495210, 1002705, 10, 0, 69);
-- add missing reward love panel
-- GPT need: loop create copy, find "001" and replace all [002 - 009, 101 - 109, 201 - 212]
INSERT INTO "m_member_love_panel" VALUES (33211,420,1);
INSERT INTO "m_member_love_panel" VALUES (34211,440,1);
INSERT INTO "m_member_love_panel" VALUES (35211,460,1);
INSERT INTO "m_member_love_panel" VALUES (36211,480,1);
INSERT INTO "m_member_love_panel" VALUES (37211,500,1);
INSERT INTO "m_member_love_panel" VALUES (38211,520,1);
INSERT INTO "m_member_love_panel" VALUES (39211,540,1);
INSERT INTO "m_member_love_panel" VALUES (40211,560,1);
INSERT INTO "m_member_love_panel" VALUES (41211,580,1);
INSERT INTO "m_member_love_panel" VALUES (42211,600,1);
INSERT INTO "m_member_love_panel" VALUES (43211,620,1);
INSERT INTO "m_member_love_panel" VALUES (44211,640,1);
INSERT INTO "m_member_love_panel" VALUES (45211,660,1);
INSERT INTO "m_member_love_panel" VALUES (46211,680,1);
INSERT INTO "m_member_love_panel" VALUES (47211,700,1);
INSERT INTO "m_member_love_panel" VALUES (48211,720,1);
INSERT INTO "m_member_love_panel" VALUES (49211,740,1);
INSERT INTO "m_member_love_panel" VALUES (50211,760,1);
INSERT INTO "m_member_love_panel_bonus" VALUES (33211,3,100);
INSERT INTO "m_member_love_panel_bonus" VALUES (34211,7,100);
INSERT INTO "m_member_love_panel_bonus" VALUES (35211,6,200);
INSERT INTO "m_member_love_panel_bonus" VALUES (36211,4,100);
INSERT INTO "m_member_love_panel_bonus" VALUES (37211,5,2000);
INSERT INTO "m_member_love_panel_bonus" VALUES (38211,12,500);
INSERT INTO "m_member_love_panel_bonus" VALUES (39211,7,100);
INSERT INTO "m_member_love_panel_bonus" VALUES (40211,13,6);
INSERT INTO "m_member_love_panel_bonus" VALUES (40211,14,4);
INSERT INTO "m_member_love_panel_bonus" VALUES (40211,15,2);
INSERT INTO "m_member_love_panel_bonus" VALUES (41211,1,100);
INSERT INTO "m_member_love_panel_bonus" VALUES (42211,2,100);
INSERT INTO "m_member_love_panel_bonus" VALUES (43211,3,100);
INSERT INTO "m_member_love_panel_bonus" VALUES (44211,7,100);
INSERT INTO "m_member_love_panel_bonus" VALUES (45211,6,200);
INSERT INTO "m_member_love_panel_bonus" VALUES (46211,4,100);
INSERT INTO "m_member_love_panel_bonus" VALUES (47211,5,2000);
INSERT INTO "m_member_love_panel_bonus" VALUES (48211,12,500);
INSERT INTO "m_member_love_panel_bonus" VALUES (49211,7,100);
INSERT INTO "m_member_love_panel_bonus" VALUES (50211,13,6);
INSERT INTO "m_member_love_panel_bonus" VALUES (50211,14,4);
INSERT INTO "m_member_love_panel_bonus" VALUES (50211,15,2);
--
INSERT INTO "m_member_love_panel_cell" VALUES (321211, 0, 33211, 1, 10);
INSERT INTO "m_member_love_panel_cell" VALUES (322211, 1, 33211, 3, 10);
INSERT INTO "m_member_love_panel_cell" VALUES (323211, 2, 33211, 2, 10);
INSERT INTO "m_member_love_panel_cell" VALUES (324211, 3, 33211, 7, 20);
INSERT INTO "m_member_love_panel_cell" VALUES (325211, 4, 33211, 12, 250);
INSERT INTO "m_member_love_panel_cell" VALUES (331211, 0, 34211, 1, 10);
INSERT INTO "m_member_love_panel_cell" VALUES (332211, 1, 34211, 3, 10);
INSERT INTO "m_member_love_panel_cell" VALUES (333211, 2, 34211, 2, 10);
INSERT INTO "m_member_love_panel_cell" VALUES (334211, 3, 34211, 10, 50);
INSERT INTO "m_member_love_panel_cell" VALUES (335211, 4, 34211, 14, 4);
INSERT INTO "m_member_love_panel_cell" VALUES (341211, 0, 35211, 1, 10);
INSERT INTO "m_member_love_panel_cell" VALUES (342211, 1, 35211, 3, 10);
INSERT INTO "m_member_love_panel_cell" VALUES (343211, 2, 35211, 2, 10);
INSERT INTO "m_member_love_panel_cell" VALUES (344211, 3, 35211, 5, 500);
INSERT INTO "m_member_love_panel_cell" VALUES (345211, 4, 35211, 7, 20);
INSERT INTO "m_member_love_panel_cell" VALUES (351211, 0, 36211, 1, 10);
INSERT INTO "m_member_love_panel_cell" VALUES (352211, 1, 36211, 3, 10);
INSERT INTO "m_member_love_panel_cell" VALUES (353211, 2, 36211, 2, 10);
INSERT INTO "m_member_love_panel_cell" VALUES (354211, 3, 36211, 6, 50);
INSERT INTO "m_member_love_panel_cell" VALUES (355211, 4, 36211, 11, 50);
INSERT INTO "m_member_love_panel_cell" VALUES (361211, 0, 37211, 1, 10);
INSERT INTO "m_member_love_panel_cell" VALUES (362211, 1, 37211, 3, 10);
INSERT INTO "m_member_love_panel_cell" VALUES (363211, 2, 37211, 2, 10);
INSERT INTO "m_member_love_panel_cell" VALUES (364211, 3, 37211, 4, 50);
INSERT INTO "m_member_love_panel_cell" VALUES (365211, 4, 37211, 15, 2);
INSERT INTO "m_member_love_panel_cell" VALUES (371211, 0, 38211, 1, 10);
INSERT INTO "m_member_love_panel_cell" VALUES (372211, 1, 38211, 3, 10);
INSERT INTO "m_member_love_panel_cell" VALUES (373211, 2, 33211, 2, 10);
INSERT INTO "m_member_love_panel_cell" VALUES (374211, 3, 38211, 6, 50);
INSERT INTO "m_member_love_panel_cell" VALUES (375211, 4, 38211, 9, 50);
INSERT INTO "m_member_love_panel_cell" VALUES (381211, 0, 39211, 1, 10);
INSERT INTO "m_member_love_panel_cell" VALUES (382211, 1, 39211, 3, 10);
INSERT INTO "m_member_love_panel_cell" VALUES (383211, 2, 39211, 2, 10);
INSERT INTO "m_member_love_panel_cell" VALUES (384211, 3, 39211, 8, 50);
INSERT INTO "m_member_love_panel_cell" VALUES (385211, 4, 39211, 4, 50);
INSERT INTO "m_member_love_panel_cell" VALUES (391211, 0, 40211, 1, 10);
INSERT INTO "m_member_love_panel_cell" VALUES (392211, 1, 40211, 3, 10);
INSERT INTO "m_member_love_panel_cell" VALUES (393211, 2, 40211, 2, 10);
INSERT INTO "m_member_love_panel_cell" VALUES (394211, 3, 40211, 7, 20);
INSERT INTO "m_member_love_panel_cell" VALUES (395211, 4, 40211, 5, 500);
--
INSERT INTO "m_member_love_panel_cell" VALUES (401211, 0, 41211, 1, 10);
INSERT INTO "m_member_love_panel_cell" VALUES (402211, 1, 41211, 3, 10);
INSERT INTO "m_member_love_panel_cell" VALUES (403211, 2, 41211, 2, 10);
INSERT INTO "m_member_love_panel_cell" VALUES (404211, 3, 41211, 4, 50);
INSERT INTO "m_member_love_panel_cell" VALUES (405211, 4, 41211, 6, 50);
INSERT INTO "m_member_love_panel_cell" VALUES (411211, 0, 42211, 1, 10);
INSERT INTO "m_member_love_panel_cell" VALUES (412211, 1, 42211, 3, 10);
INSERT INTO "m_member_love_panel_cell" VALUES (413211, 2, 42211, 2, 10);
INSERT INTO "m_member_love_panel_cell" VALUES (414211, 3, 42211, 5, 500);
INSERT INTO "m_member_love_panel_cell" VALUES (415211, 4, 42211, 13, 6);
INSERT INTO "m_member_love_panel_cell" VALUES (421211, 0, 43211, 1, 10);
INSERT INTO "m_member_love_panel_cell" VALUES (422211, 1, 43211, 3, 10);
INSERT INTO "m_member_love_panel_cell" VALUES (423211, 2, 43211, 2, 10);
INSERT INTO "m_member_love_panel_cell" VALUES (424211, 3, 43211, 7, 20);
INSERT INTO "m_member_love_panel_cell" VALUES (425211, 4, 43211, 12, 250);
INSERT INTO "m_member_love_panel_cell" VALUES (431211, 0, 44211, 1, 10);
INSERT INTO "m_member_love_panel_cell" VALUES (432211, 1, 44211, 3, 10);
INSERT INTO "m_member_love_panel_cell" VALUES (433211, 2, 44211, 2, 10);
INSERT INTO "m_member_love_panel_cell" VALUES (434211, 3, 44211, 10, 50);
INSERT INTO "m_member_love_panel_cell" VALUES (435211, 4, 44211, 14, 4);
INSERT INTO "m_member_love_panel_cell" VALUES (441211, 0, 45211, 1, 10);
INSERT INTO "m_member_love_panel_cell" VALUES (442211, 1, 45211, 3, 10);
INSERT INTO "m_member_love_panel_cell" VALUES (443211, 2, 45211, 2, 10);
INSERT INTO "m_member_love_panel_cell" VALUES (444211, 3, 45211, 5, 500);
INSERT INTO "m_member_love_panel_cell" VALUES (445211, 4, 45211, 7, 20);
INSERT INTO "m_member_love_panel_cell" VALUES (451211, 0, 46211, 1, 10);
INSERT INTO "m_member_love_panel_cell" VALUES (452211, 1, 46211, 3, 10);
INSERT INTO "m_member_love_panel_cell" VALUES (453211, 2, 46211, 2, 10);
INSERT INTO "m_member_love_panel_cell" VALUES (454211, 3, 46211, 6, 50);
INSERT INTO "m_member_love_panel_cell" VALUES (455211, 4, 46211, 11, 50);
INSERT INTO "m_member_love_panel_cell" VALUES (461211, 0, 47211, 1, 10);
INSERT INTO "m_member_love_panel_cell" VALUES (462211, 1, 47211, 3, 10);
INSERT INTO "m_member_love_panel_cell" VALUES (463211, 2, 47211, 2, 10);
INSERT INTO "m_member_love_panel_cell" VALUES (464211, 3, 47211, 4, 50);
INSERT INTO "m_member_love_panel_cell" VALUES (465211, 4, 47211, 15, 2);
INSERT INTO "m_member_love_panel_cell" VALUES (471211, 0, 48211, 1, 10);
INSERT INTO "m_member_love_panel_cell" VALUES (472211, 1, 48211, 3, 10);
INSERT INTO "m_member_love_panel_cell" VALUES (473211, 2, 43211, 2, 10);
INSERT INTO "m_member_love_panel_cell" VALUES (474211, 3, 48211, 6, 50);
INSERT INTO "m_member_love_panel_cell" VALUES (475211, 4, 48211, 9, 50);
INSERT INTO "m_member_love_panel_cell" VALUES (481211, 0, 49211, 1, 10);
INSERT INTO "m_member_love_panel_cell" VALUES (482211, 1, 49211, 3, 10);
INSERT INTO "m_member_love_panel_cell" VALUES (483211, 2, 49211, 2, 10);
INSERT INTO "m_member_love_panel_cell" VALUES (484211, 3, 49211, 8, 50);
INSERT INTO "m_member_love_panel_cell" VALUES (485211, 4, 49211, 4, 50);
INSERT INTO "m_member_love_panel_cell" VALUES (491211, 0, 50211, 1, 10);
INSERT INTO "m_member_love_panel_cell" VALUES (492211, 1, 50211, 3, 10);
INSERT INTO "m_member_love_panel_cell" VALUES (493211, 2, 50211, 2, 10);
INSERT INTO "m_member_love_panel_cell" VALUES (494211, 3, 50211, 7, 20);
INSERT INTO "m_member_love_panel_cell" VALUES (495211, 4, 50211, 5, 500);
-- placeholder source content or we don't need this, for what tho?
INSERT INTO "m_member_love_panel_cell_source_content" VALUES (321211, 1002701, 10, 0, 69);
INSERT INTO "m_member_love_panel_cell_source_content" VALUES (322211, 1002702, 10, 0, 69);
INSERT INTO "m_member_love_panel_cell_source_content" VALUES (323211, 1002703, 10, 0, 69);
INSERT INTO "m_member_love_panel_cell_source_content" VALUES (324211, 1002704, 10, 0, 69);
INSERT INTO "m_member_love_panel_cell_source_content" VALUES (325211, 1002705, 10, 0, 69);
INSERT INTO "m_member_love_panel_cell_source_content" VALUES (331211, 1002701, 10, 0, 69);
INSERT INTO "m_member_love_panel_cell_source_content" VALUES (332211, 1002702, 10, 0, 69);
INSERT INTO "m_member_love_panel_cell_source_content" VALUES (333211, 1002703, 10, 0, 69);
INSERT INTO "m_member_love_panel_cell_source_content" VALUES (334211, 1002704, 10, 0, 69);
INSERT INTO "m_member_love_panel_cell_source_content" VALUES (335211, 1002705, 10, 0, 69);
INSERT INTO "m_member_love_panel_cell_source_content" VALUES (341211, 1002701, 10, 0, 69);
INSERT INTO "m_member_love_panel_cell_source_content" VALUES (342211, 1002702, 10, 0, 69);
INSERT INTO "m_member_love_panel_cell_source_content" VALUES (343211, 1002703, 10, 0, 69);
INSERT INTO "m_member_love_panel_cell_source_content" VALUES (344211, 1002704, 10, 0, 69);
INSERT INTO "m_member_love_panel_cell_source_content" VALUES (345211, 1002705, 10, 0, 69);
INSERT INTO "m_member_love_panel_cell_source_content" VALUES (351211, 1002701, 10, 0, 69);
INSERT INTO "m_member_love_panel_cell_source_content" VALUES (352211, 1002702, 10, 0, 69);
INSERT INTO "m_member_love_panel_cell_source_content" VALUES (353211, 1002703, 10, 0, 69);
INSERT INTO "m_member_love_panel_cell_source_content" VALUES (354211, 1002704, 10, 0, 69);
INSERT INTO "m_member_love_panel_cell_source_content" VALUES (355211, 1002705, 10, 0, 69);
INSERT INTO "m_member_love_panel_cell_source_content" VALUES (361211, 1002701, 10, 0, 69);
INSERT INTO "m_member_love_panel_cell_source_content" VALUES (362211, 1002702, 10, 0, 69);
INSERT INTO "m_member_love_panel_cell_source_content" VALUES (363211, 1002703, 10, 0, 69);
INSERT INTO "m_member_love_panel_cell_source_content" VALUES (364211, 1002704, 10, 0, 69);
INSERT INTO "m_member_love_panel_cell_source_content" VALUES (365211, 1002705, 10, 0, 69);
INSERT INTO "m_member_love_panel_cell_source_content" VALUES (371211, 1002701, 10, 0, 69);
INSERT INTO "m_member_love_panel_cell_source_content" VALUES (372211, 1002702, 10, 0, 69);
INSERT INTO "m_member_love_panel_cell_source_content" VALUES (373211, 1002703, 10, 0, 69);
INSERT INTO "m_member_love_panel_cell_source_content" VALUES (374211, 1002704, 10, 0, 69);
INSERT INTO "m_member_love_panel_cell_source_content" VALUES (375211, 1002705, 10, 0, 69);
INSERT INTO "m_member_love_panel_cell_source_content" VALUES (381211, 1002701, 10, 0, 69);
INSERT INTO "m_member_love_panel_cell_source_content" VALUES (382211, 1002702, 10, 0, 69);
INSERT INTO "m_member_love_panel_cell_source_content" VALUES (383211, 1002703, 10, 0, 69);
INSERT INTO "m_member_love_panel_cell_source_content" VALUES (384211, 1002704, 10, 0, 69);
INSERT INTO "m_member_love_panel_cell_source_content" VALUES (385211, 1002705, 10, 0, 69);
INSERT INTO "m_member_love_panel_cell_source_content" VALUES (391211, 1002701, 10, 0, 69);
INSERT INTO "m_member_love_panel_cell_source_content" VALUES (392211, 1002702, 10, 0, 69);
INSERT INTO "m_member_love_panel_cell_source_content" VALUES (393211, 1002703, 10, 0, 69);
INSERT INTO "m_member_love_panel_cell_source_content" VALUES (394211, 1002704, 10, 0, 69);
INSERT INTO "m_member_love_panel_cell_source_content" VALUES (395211, 1002705, 10, 0, 69);
INSERT INTO "m_member_love_panel_cell_source_content" VALUES (401211, 1002701, 10, 0, 69);
INSERT INTO "m_member_love_panel_cell_source_content" VALUES (402211, 1002702, 10, 0, 69);
INSERT INTO "m_member_love_panel_cell_source_content" VALUES (403211, 1002703, 10, 0, 69);
INSERT INTO "m_member_love_panel_cell_source_content" VALUES (404211, 1002704, 10, 0, 69);
INSERT INTO "m_member_love_panel_cell_source_content" VALUES (405211, 1002705, 10, 0, 69);
INSERT INTO "m_member_love_panel_cell_source_content" VALUES (411211, 1002701, 10, 0, 69);
INSERT INTO "m_member_love_panel_cell_source_content" VALUES (412211, 1002702, 10, 0, 69);
INSERT INTO "m_member_love_panel_cell_source_content" VALUES (413211, 1002703, 10, 0, 69);
INSERT INTO "m_member_love_panel_cell_source_content" VALUES (414211, 1002704, 10, 0, 69);
INSERT INTO "m_member_love_panel_cell_source_content" VALUES (415211, 1002705, 10, 0, 69);
INSERT INTO "m_member_love_panel_cell_source_content" VALUES (421211, 1002701, 10, 0, 69);
INSERT INTO "m_member_love_panel_cell_source_content" VALUES (422211, 1002702, 10, 0, 69);
INSERT INTO "m_member_love_panel_cell_source_content" VALUES (423211, 1002703, 10, 0, 69);
INSERT INTO "m_member_love_panel_cell_source_content" VALUES (424211, 1002704, 10, 0, 69);
INSERT INTO "m_member_love_panel_cell_source_content" VALUES (425211, 1002705, 10, 0, 69);
INSERT INTO "m_member_love_panel_cell_source_content" VALUES (431211, 1002701, 10, 0, 69);
INSERT INTO "m_member_love_panel_cell_source_content" VALUES (432211, 1002702, 10, 0, 69);
INSERT INTO "m_member_love_panel_cell_source_content" VALUES (433211, 1002703, 10, 0, 69);
INSERT INTO "m_member_love_panel_cell_source_content" VALUES (434211, 1002704, 10, 0, 69);
INSERT INTO "m_member_love_panel_cell_source_content" VALUES (435211, 1002705, 10, 0, 69);
INSERT INTO "m_member_love_panel_cell_source_content" VALUES (441211, 1002701, 10, 0, 69);
INSERT INTO "m_member_love_panel_cell_source_content" VALUES (442211, 1002702, 10, 0, 69);
INSERT INTO "m_member_love_panel_cell_source_content" VALUES (443211, 1002703, 10, 0, 69);
INSERT INTO "m_member_love_panel_cell_source_content" VALUES (444211, 1002704, 10, 0, 69);
INSERT INTO "m_member_love_panel_cell_source_content" VALUES (445211, 1002705, 10, 0, 69);
INSERT INTO "m_member_love_panel_cell_source_content" VALUES (451211, 1002701, 10, 0, 69);
INSERT INTO "m_member_love_panel_cell_source_content" VALUES (452211, 1002702, 10, 0, 69);
INSERT INTO "m_member_love_panel_cell_source_content" VALUES (453211, 1002703, 10, 0, 69);
INSERT INTO "m_member_love_panel_cell_source_content" VALUES (454211, 1002704, 10, 0, 69);
INSERT INTO "m_member_love_panel_cell_source_content" VALUES (455211, 1002705, 10, 0, 69);
INSERT INTO "m_member_love_panel_cell_source_content" VALUES (461211, 1002701, 10, 0, 69);
INSERT INTO "m_member_love_panel_cell_source_content" VALUES (462211, 1002702, 10, 0, 69);
INSERT INTO "m_member_love_panel_cell_source_content" VALUES (463211, 1002703, 10, 0, 69);
INSERT INTO "m_member_love_panel_cell_source_content" VALUES (464211, 1002704, 10, 0, 69);
INSERT INTO "m_member_love_panel_cell_source_content" VALUES (465211, 1002705, 10, 0, 69);
INSERT INTO "m_member_love_panel_cell_source_content" VALUES (471211, 1002701, 10, 0, 69);
INSERT INTO "m_member_love_panel_cell_source_content" VALUES (472211, 1002702, 10, 0, 69);
INSERT INTO "m_member_love_panel_cell_source_content" VALUES (473211, 1002703, 10, 0, 69);
INSERT INTO "m_member_love_panel_cell_source_content" VALUES (474211, 1002704, 10, 0, 69);
INSERT INTO "m_member_love_panel_cell_source_content" VALUES (475211, 1002705, 10, 0, 69);
INSERT INTO "m_member_love_panel_cell_source_content" VALUES (481211, 1002701, 10, 0, 69);
INSERT INTO "m_member_love_panel_cell_source_content" VALUES (482211, 1002702, 10, 0, 69);
INSERT INTO "m_member_love_panel_cell_source_content" VALUES (483211, 1002703, 10, 0, 69);
INSERT INTO "m_member_love_panel_cell_source_content" VALUES (484211, 1002704, 10, 0, 69);
INSERT INTO "m_member_love_panel_cell_source_content" VALUES (485211, 1002705, 10, 0, 69);
INSERT INTO "m_member_love_panel_cell_source_content" VALUES (491211, 1002701, 10, 0, 69);
INSERT INTO "m_member_love_panel_cell_source_content" VALUES (492211, 1002702, 10, 0, 69);
INSERT INTO "m_member_love_panel_cell_source_content" VALUES (493211, 1002703, 10, 0, 69);
INSERT INTO "m_member_love_panel_cell_source_content" VALUES (494211, 1002704, 10, 0, 69);
INSERT INTO "m_member_love_panel_cell_source_content" VALUES (495211, 1002705, 10, 0, 69);
-- add missing reward love panel
-- GPT need: loop create copy, find "001" and replace all [002 - 009, 101 - 109, 201 - 212]
INSERT INTO "m_member_love_panel" VALUES (33212,420,1);
INSERT INTO "m_member_love_panel" VALUES (34212,440,1);
INSERT INTO "m_member_love_panel" VALUES (35212,460,1);
INSERT INTO "m_member_love_panel" VALUES (36212,480,1);
INSERT INTO "m_member_love_panel" VALUES (37212,500,1);
INSERT INTO "m_member_love_panel" VALUES (38212,520,1);
INSERT INTO "m_member_love_panel" VALUES (39212,540,1);
INSERT INTO "m_member_love_panel" VALUES (40212,560,1);
INSERT INTO "m_member_love_panel" VALUES (41212,580,1);
INSERT INTO "m_member_love_panel" VALUES (42212,600,1);
INSERT INTO "m_member_love_panel" VALUES (43212,620,1);
INSERT INTO "m_member_love_panel" VALUES (44212,640,1);
INSERT INTO "m_member_love_panel" VALUES (45212,660,1);
INSERT INTO "m_member_love_panel" VALUES (46212,680,1);
INSERT INTO "m_member_love_panel" VALUES (47212,700,1);
INSERT INTO "m_member_love_panel" VALUES (48212,720,1);
INSERT INTO "m_member_love_panel" VALUES (49212,740,1);
INSERT INTO "m_member_love_panel" VALUES (50212,760,1);
INSERT INTO "m_member_love_panel_bonus" VALUES (33212,3,100);
INSERT INTO "m_member_love_panel_bonus" VALUES (34212,7,100);
INSERT INTO "m_member_love_panel_bonus" VALUES (35212,6,200);
INSERT INTO "m_member_love_panel_bonus" VALUES (36212,4,100);
INSERT INTO "m_member_love_panel_bonus" VALUES (37212,5,2000);
INSERT INTO "m_member_love_panel_bonus" VALUES (38212,12,500);
INSERT INTO "m_member_love_panel_bonus" VALUES (39212,7,100);
INSERT INTO "m_member_love_panel_bonus" VALUES (40212,13,6);
INSERT INTO "m_member_love_panel_bonus" VALUES (40212,14,4);
INSERT INTO "m_member_love_panel_bonus" VALUES (40212,15,2);
INSERT INTO "m_member_love_panel_bonus" VALUES (41212,1,100);
INSERT INTO "m_member_love_panel_bonus" VALUES (42212,2,100);
INSERT INTO "m_member_love_panel_bonus" VALUES (43212,3,100);
INSERT INTO "m_member_love_panel_bonus" VALUES (44212,7,100);
INSERT INTO "m_member_love_panel_bonus" VALUES (45212,6,200);
INSERT INTO "m_member_love_panel_bonus" VALUES (46212,4,100);
INSERT INTO "m_member_love_panel_bonus" VALUES (47212,5,2000);
INSERT INTO "m_member_love_panel_bonus" VALUES (48212,12,500);
INSERT INTO "m_member_love_panel_bonus" VALUES (49212,7,100);
INSERT INTO "m_member_love_panel_bonus" VALUES (50212,13,6);
INSERT INTO "m_member_love_panel_bonus" VALUES (50212,14,4);
INSERT INTO "m_member_love_panel_bonus" VALUES (50212,15,2);
--
INSERT INTO "m_member_love_panel_cell" VALUES (321212, 0, 33212, 1, 10);
INSERT INTO "m_member_love_panel_cell" VALUES (322212, 1, 33212, 3, 10);
INSERT INTO "m_member_love_panel_cell" VALUES (323212, 2, 33212, 2, 10);
INSERT INTO "m_member_love_panel_cell" VALUES (324212, 3, 33212, 7, 20);
INSERT INTO "m_member_love_panel_cell" VALUES (325212, 4, 33212, 12, 250);
INSERT INTO "m_member_love_panel_cell" VALUES (331212, 0, 34212, 1, 10);
INSERT INTO "m_member_love_panel_cell" VALUES (332212, 1, 34212, 3, 10);
INSERT INTO "m_member_love_panel_cell" VALUES (333212, 2, 34212, 2, 10);
INSERT INTO "m_member_love_panel_cell" VALUES (334212, 3, 34212, 10, 50);
INSERT INTO "m_member_love_panel_cell" VALUES (335212, 4, 34212, 14, 4);
INSERT INTO "m_member_love_panel_cell" VALUES (341212, 0, 35212, 1, 10);
INSERT INTO "m_member_love_panel_cell" VALUES (342212, 1, 35212, 3, 10);
INSERT INTO "m_member_love_panel_cell" VALUES (343212, 2, 35212, 2, 10);
INSERT INTO "m_member_love_panel_cell" VALUES (344212, 3, 35212, 5, 500);
INSERT INTO "m_member_love_panel_cell" VALUES (345212, 4, 35212, 7, 20);
INSERT INTO "m_member_love_panel_cell" VALUES (351212, 0, 36212, 1, 10);
INSERT INTO "m_member_love_panel_cell" VALUES (352212, 1, 36212, 3, 10);
INSERT INTO "m_member_love_panel_cell" VALUES (353212, 2, 36212, 2, 10);
INSERT INTO "m_member_love_panel_cell" VALUES (354212, 3, 36212, 6, 50);
INSERT INTO "m_member_love_panel_cell" VALUES (355212, 4, 36212, 11, 50);
INSERT INTO "m_member_love_panel_cell" VALUES (361212, 0, 37212, 1, 10);
INSERT INTO "m_member_love_panel_cell" VALUES (362212, 1, 37212, 3, 10);
INSERT INTO "m_member_love_panel_cell" VALUES (363212, 2, 37212, 2, 10);
INSERT INTO "m_member_love_panel_cell" VALUES (364212, 3, 37212, 4, 50);
INSERT INTO "m_member_love_panel_cell" VALUES (365212, 4, 37212, 15, 2);
INSERT INTO "m_member_love_panel_cell" VALUES (371212, 0, 38212, 1, 10);
INSERT INTO "m_member_love_panel_cell" VALUES (372212, 1, 38212, 3, 10);
INSERT INTO "m_member_love_panel_cell" VALUES (373212, 2, 33212, 2, 10);
INSERT INTO "m_member_love_panel_cell" VALUES (374212, 3, 38212, 6, 50);
INSERT INTO "m_member_love_panel_cell" VALUES (375212, 4, 38212, 9, 50);
INSERT INTO "m_member_love_panel_cell" VALUES (381212, 0, 39212, 1, 10);
INSERT INTO "m_member_love_panel_cell" VALUES (382212, 1, 39212, 3, 10);
INSERT INTO "m_member_love_panel_cell" VALUES (383212, 2, 39212, 2, 10);
INSERT INTO "m_member_love_panel_cell" VALUES (384212, 3, 39212, 8, 50);
INSERT INTO "m_member_love_panel_cell" VALUES (385212, 4, 39212, 4, 50);
INSERT INTO "m_member_love_panel_cell" VALUES (391212, 0, 40212, 1, 10);
INSERT INTO "m_member_love_panel_cell" VALUES (392212, 1, 40212, 3, 10);
INSERT INTO "m_member_love_panel_cell" VALUES (393212, 2, 40212, 2, 10);
INSERT INTO "m_member_love_panel_cell" VALUES (394212, 3, 40212, 7, 20);
INSERT INTO "m_member_love_panel_cell" VALUES (395212, 4, 40212, 5, 500);
--
INSERT INTO "m_member_love_panel_cell" VALUES (401212, 0, 41212, 1, 10);
INSERT INTO "m_member_love_panel_cell" VALUES (402212, 1, 41212, 3, 10);
INSERT INTO "m_member_love_panel_cell" VALUES (403212, 2, 41212, 2, 10);
INSERT INTO "m_member_love_panel_cell" VALUES (404212, 3, 41212, 4, 50);
INSERT INTO "m_member_love_panel_cell" VALUES (405212, 4, 41212, 6, 50);
INSERT INTO "m_member_love_panel_cell" VALUES (411212, 0, 42212, 1, 10);
INSERT INTO "m_member_love_panel_cell" VALUES (412212, 1, 42212, 3, 10);
INSERT INTO "m_member_love_panel_cell" VALUES (413212, 2, 42212, 2, 10);
INSERT INTO "m_member_love_panel_cell" VALUES (414212, 3, 42212, 5, 500);
INSERT INTO "m_member_love_panel_cell" VALUES (415212, 4, 42212, 13, 6);
INSERT INTO "m_member_love_panel_cell" VALUES (421212, 0, 43212, 1, 10);
INSERT INTO "m_member_love_panel_cell" VALUES (422212, 1, 43212, 3, 10);
INSERT INTO "m_member_love_panel_cell" VALUES (423212, 2, 43212, 2, 10);
INSERT INTO "m_member_love_panel_cell" VALUES (424212, 3, 43212, 7, 20);
INSERT INTO "m_member_love_panel_cell" VALUES (425212, 4, 43212, 12, 250);
INSERT INTO "m_member_love_panel_cell" VALUES (431212, 0, 44212, 1, 10);
INSERT INTO "m_member_love_panel_cell" VALUES (432212, 1, 44212, 3, 10);
INSERT INTO "m_member_love_panel_cell" VALUES (433212, 2, 44212, 2, 10);
INSERT INTO "m_member_love_panel_cell" VALUES (434212, 3, 44212, 10, 50);
INSERT INTO "m_member_love_panel_cell" VALUES (435212, 4, 44212, 14, 4);
INSERT INTO "m_member_love_panel_cell" VALUES (441212, 0, 45212, 1, 10);
INSERT INTO "m_member_love_panel_cell" VALUES (442212, 1, 45212, 3, 10);
INSERT INTO "m_member_love_panel_cell" VALUES (443212, 2, 45212, 2, 10);
INSERT INTO "m_member_love_panel_cell" VALUES (444212, 3, 45212, 5, 500);
INSERT INTO "m_member_love_panel_cell" VALUES (445212, 4, 45212, 7, 20);
INSERT INTO "m_member_love_panel_cell" VALUES (451212, 0, 46212, 1, 10);
INSERT INTO "m_member_love_panel_cell" VALUES (452212, 1, 46212, 3, 10);
INSERT INTO "m_member_love_panel_cell" VALUES (453212, 2, 46212, 2, 10);
INSERT INTO "m_member_love_panel_cell" VALUES (454212, 3, 46212, 6, 50);
INSERT INTO "m_member_love_panel_cell" VALUES (455212, 4, 46212, 11, 50);
INSERT INTO "m_member_love_panel_cell" VALUES (461212, 0, 47212, 1, 10);
INSERT INTO "m_member_love_panel_cell" VALUES (462212, 1, 47212, 3, 10);
INSERT INTO "m_member_love_panel_cell" VALUES (463212, 2, 47212, 2, 10);
INSERT INTO "m_member_love_panel_cell" VALUES (464212, 3, 47212, 4, 50);
INSERT INTO "m_member_love_panel_cell" VALUES (465212, 4, 47212, 15, 2);
INSERT INTO "m_member_love_panel_cell" VALUES (471212, 0, 48212, 1, 10);
INSERT INTO "m_member_love_panel_cell" VALUES (472212, 1, 48212, 3, 10);
INSERT INTO "m_member_love_panel_cell" VALUES (473212, 2, 43212, 2, 10);
INSERT INTO "m_member_love_panel_cell" VALUES (474212, 3, 48212, 6, 50);
INSERT INTO "m_member_love_panel_cell" VALUES (475212, 4, 48212, 9, 50);
INSERT INTO "m_member_love_panel_cell" VALUES (481212, 0, 49212, 1, 10);
INSERT INTO "m_member_love_panel_cell" VALUES (482212, 1, 49212, 3, 10);
INSERT INTO "m_member_love_panel_cell" VALUES (483212, 2, 49212, 2, 10);
INSERT INTO "m_member_love_panel_cell" VALUES (484212, 3, 49212, 8, 50);
INSERT INTO "m_member_love_panel_cell" VALUES (485212, 4, 49212, 4, 50);
INSERT INTO "m_member_love_panel_cell" VALUES (491212, 0, 50212, 1, 10);
INSERT INTO "m_member_love_panel_cell" VALUES (492212, 1, 50212, 3, 10);
INSERT INTO "m_member_love_panel_cell" VALUES (493212, 2, 50212, 2, 10);
INSERT INTO "m_member_love_panel_cell" VALUES (494212, 3, 50212, 7, 20);
INSERT INTO "m_member_love_panel_cell" VALUES (495212, 4, 50212, 5, 500);
-- placeholder source content or we don't need this, for what tho?
INSERT INTO "m_member_love_panel_cell_source_content" VALUES (321212, 1002701, 10, 0, 69);
INSERT INTO "m_member_love_panel_cell_source_content" VALUES (322212, 1002702, 10, 0, 69);
INSERT INTO "m_member_love_panel_cell_source_content" VALUES (323212, 1002703, 10, 0, 69);
INSERT INTO "m_member_love_panel_cell_source_content" VALUES (324212, 1002704, 10, 0, 69);
INSERT INTO "m_member_love_panel_cell_source_content" VALUES (325212, 1002705, 10, 0, 69);
INSERT INTO "m_member_love_panel_cell_source_content" VALUES (331212, 1002701, 10, 0, 69);
INSERT INTO "m_member_love_panel_cell_source_content" VALUES (332212, 1002702, 10, 0, 69);
INSERT INTO "m_member_love_panel_cell_source_content" VALUES (333212, 1002703, 10, 0, 69);
INSERT INTO "m_member_love_panel_cell_source_content" VALUES (334212, 1002704, 10, 0, 69);
INSERT INTO "m_member_love_panel_cell_source_content" VALUES (335212, 1002705, 10, 0, 69);
INSERT INTO "m_member_love_panel_cell_source_content" VALUES (341212, 1002701, 10, 0, 69);
INSERT INTO "m_member_love_panel_cell_source_content" VALUES (342212, 1002702, 10, 0, 69);
INSERT INTO "m_member_love_panel_cell_source_content" VALUES (343212, 1002703, 10, 0, 69);
INSERT INTO "m_member_love_panel_cell_source_content" VALUES (344212, 1002704, 10, 0, 69);
INSERT INTO "m_member_love_panel_cell_source_content" VALUES (345212, 1002705, 10, 0, 69);
INSERT INTO "m_member_love_panel_cell_source_content" VALUES (351212, 1002701, 10, 0, 69);
INSERT INTO "m_member_love_panel_cell_source_content" VALUES (352212, 1002702, 10, 0, 69);
INSERT INTO "m_member_love_panel_cell_source_content" VALUES (353212, 1002703, 10, 0, 69);
INSERT INTO "m_member_love_panel_cell_source_content" VALUES (354212, 1002704, 10, 0, 69);
INSERT INTO "m_member_love_panel_cell_source_content" VALUES (355212, 1002705, 10, 0, 69);
INSERT INTO "m_member_love_panel_cell_source_content" VALUES (361212, 1002701, 10, 0, 69);
INSERT INTO "m_member_love_panel_cell_source_content" VALUES (362212, 1002702, 10, 0, 69);
INSERT INTO "m_member_love_panel_cell_source_content" VALUES (363212, 1002703, 10, 0, 69);
INSERT INTO "m_member_love_panel_cell_source_content" VALUES (364212, 1002704, 10, 0, 69);
INSERT INTO "m_member_love_panel_cell_source_content" VALUES (365212, 1002705, 10, 0, 69);
INSERT INTO "m_member_love_panel_cell_source_content" VALUES (371212, 1002701, 10, 0, 69);
INSERT INTO "m_member_love_panel_cell_source_content" VALUES (372212, 1002702, 10, 0, 69);
INSERT INTO "m_member_love_panel_cell_source_content" VALUES (373212, 1002703, 10, 0, 69);
INSERT INTO "m_member_love_panel_cell_source_content" VALUES (374212, 1002704, 10, 0, 69);
INSERT INTO "m_member_love_panel_cell_source_content" VALUES (375212, 1002705, 10, 0, 69);
INSERT INTO "m_member_love_panel_cell_source_content" VALUES (381212, 1002701, 10, 0, 69);
INSERT INTO "m_member_love_panel_cell_source_content" VALUES (382212, 1002702, 10, 0, 69);
INSERT INTO "m_member_love_panel_cell_source_content" VALUES (383212, 1002703, 10, 0, 69);
INSERT INTO "m_member_love_panel_cell_source_content" VALUES (384212, 1002704, 10, 0, 69);
INSERT INTO "m_member_love_panel_cell_source_content" VALUES (385212, 1002705, 10, 0, 69);
INSERT INTO "m_member_love_panel_cell_source_content" VALUES (391212, 1002701, 10, 0, 69);
INSERT INTO "m_member_love_panel_cell_source_content" VALUES (392212, 1002702, 10, 0, 69);
INSERT INTO "m_member_love_panel_cell_source_content" VALUES (393212, 1002703, 10, 0, 69);
INSERT INTO "m_member_love_panel_cell_source_content" VALUES (394212, 1002704, 10, 0, 69);
INSERT INTO "m_member_love_panel_cell_source_content" VALUES (395212, 1002705, 10, 0, 69);
INSERT INTO "m_member_love_panel_cell_source_content" VALUES (401212, 1002701, 10, 0, 69);
INSERT INTO "m_member_love_panel_cell_source_content" VALUES (402212, 1002702, 10, 0, 69);
INSERT INTO "m_member_love_panel_cell_source_content" VALUES (403212, 1002703, 10, 0, 69);
INSERT INTO "m_member_love_panel_cell_source_content" VALUES (404212, 1002704, 10, 0, 69);
INSERT INTO "m_member_love_panel_cell_source_content" VALUES (405212, 1002705, 10, 0, 69);
INSERT INTO "m_member_love_panel_cell_source_content" VALUES (411212, 1002701, 10, 0, 69);
INSERT INTO "m_member_love_panel_cell_source_content" VALUES (412212, 1002702, 10, 0, 69);
INSERT INTO "m_member_love_panel_cell_source_content" VALUES (413212, 1002703, 10, 0, 69);
INSERT INTO "m_member_love_panel_cell_source_content" VALUES (414212, 1002704, 10, 0, 69);
INSERT INTO "m_member_love_panel_cell_source_content" VALUES (415212, 1002705, 10, 0, 69);
INSERT INTO "m_member_love_panel_cell_source_content" VALUES (421212, 1002701, 10, 0, 69);
INSERT INTO "m_member_love_panel_cell_source_content" VALUES (422212, 1002702, 10, 0, 69);
INSERT INTO "m_member_love_panel_cell_source_content" VALUES (423212, 1002703, 10, 0, 69);
INSERT INTO "m_member_love_panel_cell_source_content" VALUES (424212, 1002704, 10, 0, 69);
INSERT INTO "m_member_love_panel_cell_source_content" VALUES (425212, 1002705, 10, 0, 69);
INSERT INTO "m_member_love_panel_cell_source_content" VALUES (431212, 1002701, 10, 0, 69);
INSERT INTO "m_member_love_panel_cell_source_content" VALUES (432212, 1002702, 10, 0, 69);
INSERT INTO "m_member_love_panel_cell_source_content" VALUES (433212, 1002703, 10, 0, 69);
INSERT INTO "m_member_love_panel_cell_source_content" VALUES (434212, 1002704, 10, 0, 69);
INSERT INTO "m_member_love_panel_cell_source_content" VALUES (435212, 1002705, 10, 0, 69);
INSERT INTO "m_member_love_panel_cell_source_content" VALUES (441212, 1002701, 10, 0, 69);
INSERT INTO "m_member_love_panel_cell_source_content" VALUES (442212, 1002702, 10, 0, 69);
INSERT INTO "m_member_love_panel_cell_source_content" VALUES (443212, 1002703, 10, 0, 69);
INSERT INTO "m_member_love_panel_cell_source_content" VALUES (444212, 1002704, 10, 0, 69);
INSERT INTO "m_member_love_panel_cell_source_content" VALUES (445212, 1002705, 10, 0, 69);
INSERT INTO "m_member_love_panel_cell_source_content" VALUES (451212, 1002701, 10, 0, 69);
INSERT INTO "m_member_love_panel_cell_source_content" VALUES (452212, 1002702, 10, 0, 69);
INSERT INTO "m_member_love_panel_cell_source_content" VALUES (453212, 1002703, 10, 0, 69);
INSERT INTO "m_member_love_panel_cell_source_content" VALUES (454212, 1002704, 10, 0, 69);
INSERT INTO "m_member_love_panel_cell_source_content" VALUES (455212, 1002705, 10, 0, 69);
INSERT INTO "m_member_love_panel_cell_source_content" VALUES (461212, 1002701, 10, 0, 69);
INSERT INTO "m_member_love_panel_cell_source_content" VALUES (462212, 1002702, 10, 0, 69);
INSERT INTO "m_member_love_panel_cell_source_content" VALUES (463212, 1002703, 10, 0, 69);
INSERT INTO "m_member_love_panel_cell_source_content" VALUES (464212, 1002704, 10, 0, 69);
INSERT INTO "m_member_love_panel_cell_source_content" VALUES (465212, 1002705, 10, 0, 69);
INSERT INTO "m_member_love_panel_cell_source_content" VALUES (471212, 1002701, 10, 0, 69);
INSERT INTO "m_member_love_panel_cell_source_content" VALUES (472212, 1002702, 10, 0, 69);
INSERT INTO "m_member_love_panel_cell_source_content" VALUES (473212, 1002703, 10, 0, 69);
INSERT INTO "m_member_love_panel_cell_source_content" VALUES (474212, 1002704, 10, 0, 69);
INSERT INTO "m_member_love_panel_cell_source_content" VALUES (475212, 1002705, 10, 0, 69);
INSERT INTO "m_member_love_panel_cell_source_content" VALUES (481212, 1002701, 10, 0, 69);
INSERT INTO "m_member_love_panel_cell_source_content" VALUES (482212, 1002702, 10, 0, 69);
INSERT INTO "m_member_love_panel_cell_source_content" VALUES (483212, 1002703, 10, 0, 69);
INSERT INTO "m_member_love_panel_cell_source_content" VALUES (484212, 1002704, 10, 0, 69);
INSERT INTO "m_member_love_panel_cell_source_content" VALUES (485212, 1002705, 10, 0, 69);
INSERT INTO "m_member_love_panel_cell_source_content" VALUES (491212, 1002701, 10, 0, 69);
INSERT INTO "m_member_love_panel_cell_source_content" VALUES (492212, 1002702, 10, 0, 69);
INSERT INTO "m_member_love_panel_cell_source_content" VALUES (493212, 1002703, 10, 0, 69);
INSERT INTO "m_member_love_panel_cell_source_content" VALUES (494212, 1002704, 10, 0, 69);
INSERT INTO "m_member_love_panel_cell_source_content" VALUES (495212, 1002705, 10, 0, 69);